id,first_name,last_name,email,gender,ip_address
1,Danya,Broxholme,dbroxholme0@webmd.com,Male,96.193.206.34
2,Dacy,Palin,dpalin1@npr.org,Female,115.226.167.58
3,Heida,Huxter,hhuxter2@mayoclinic.com,Female,28.120.82.39
4,Petronille,Goodred,pgoodred3@so-net.ne.jp,Female,129.24.156.37
5,Veronique,Yurasov,vyurasov4@ibm.com,Female,9.153.193.98
6,Andee,Wycliffe,awycliffe5@deliciousdays.com,Female,123.34.162.136
7,Fanny,Luckham,fluckham6@state.gov,Female,138.224.5.187
8,Pierce,Grenshields,pgrenshields7@google.pl,Genderqueer,120.61.69.27
9,Pepito,Blenkensop,pblenkensop8@liveinternet.ru,Male,22.211.40.100
10,Walt,Augustin,waugustin9@loc.gov,Male,157.11.62.124
11,Felike,Roughan,froughana@google.cn,Male,125.51.101.84
12,Giordano,Endacott,gendacottb@tiny.cc,Male,42.57.5.230
13,Evanne,Leftly,eleftlyc@pagesperso-orange.fr,Female,215.216.111.113
14,Franz,Stroband,fstrobandd@auda.org.au,Male,36.231.201.134
15,Constantino,Spurr,cspurre@buzzfeed.com,Male,208.87.112.149
16,Marika,Dargan,mdarganf@t-online.de,Polygender,180.150.246.92
17,Jacquelin,Morphet,jmorphetg@vimeo.com,Female,198.200.70.164
18,Hedi,Bearne,hbearneh@shareasale.com,Genderfluid,73.142.73.141
19,Murial,Klosa,mklosai@booking.com,Female,192.159.247.239
20,Vernice,Bevington,vbevingtonj@creativecommons.org,Female,105.205.139.240
21,Kirsten,Pooly,kpoolyk@techcrunch.com,Female,0.243.109.199
22,Romain,Gull,rgulll@ustream.tv,Male,232.182.93.92
23,Elfreda,Deave,edeavem@ehow.com,Female,148.191.182.151
24,Judas,Pembery,jpemberyn@yellowbook.com,Male,81.187.233.66
25,Arlena,Esgate,aesgateo@state.gov,Female,91.240.2.116
26,Amabel,Flint,aflintp@ca.gov,Non-binary,216.113.133.114
27,Yetta,Haycox,yhaycoxq@stanford.edu,Female,246.57.247.205
28,Horatio,Summerlee,hsummerleer@mediafire.com,Male,22.130.250.125
29,Rriocard,Camden,rcamdens@discuz.net,Male,119.212.31.74
30,Alexandr,Marxsen,amarxsent@merriam-webster.com,Male,19.137.189.115
31,Iggy,Wabersinke,iwabersinkeu@youtube.com,Male,236.57.217.182
32,Sheppard,Dohr,sdohrv@artisteer.com,Male,127.89.0.59
33,Katherina,Loram,kloramw@dion.ne.jp,Female,61.170.16.37
34,Jackie,Rechert,jrechertx@about.me,Male,229.35.166.69
35,Joelie,Dannell,jdannelly@surveymonkey.com,Female,6.83.228.46
36,Pall,Goldby,pgoldbyz@prlog.org,Male,16.33.216.9
37,Vincenty,Micco,vmicco10@army.mil,Male,233.200.175.91
38,Shaylyn,Malden,smalden11@chron.com,Female,97.199.33.129
39,Ricki,Cicetti,rcicetti12@disqus.com,Male,11.121.0.18
40,Alaine,Joscelin,ajoscelin13@github.io,Female,164.245.59.107
41,Gustave,Fuzzard,gfuzzard14@netscape.com,Male,103.231.54.231
42,Rheta,McDaid,rmcdaid15@live.com,Female,250.155.240.247
43,Lelia,Varnham,lvarnham16@blogs.com,Female,81.146.64.201
44,Annabell,Sidwick,asidwick17@jimdo.com,Female,216.10.121.243
45,Catrina,Brimacombe,cbrimacombe18@umn.edu,Female,21.89.117.126
46,Buiron,Dryburgh,bdryburgh19@businesswire.com,Male,118.246.197.83
47,Daisy,Sorrell,dsorrell1a@deviantart.com,Female,4.6.137.42
48,Tonia,Shank,tshank1b@mapy.cz,Polygender,233.143.147.120
49,Cal,Sacker,csacker1c@yolasite.com,Male,15.193.39.78
50,Farand,Danigel,fdanigel1d@ezinearticles.com,Female,248.103.146.160
51,Sue,Jaffa,sjaffa1e@si.edu,Agender,227.234.105.152
52,Maury,Scandrick,mscandrick1f@guardian.co.uk,Male,110.147.236.130
53,Fitz,Blanpein,fblanpein1g@nyu.edu,Bigender,54.120.125.247
54,Olly,Braune,obraune1h@prlog.org,Female,193.135.9.245
55,Bartie,Hutchence,bhutchence1i@seesaa.net,Male,155.52.102.52
56,Catlee,Chantler,cchantler1j@addtoany.com,Female,133.73.240.191
57,Millie,Euler,meuler1k@umich.edu,Female,194.14.219.250
58,Culver,Luscott,cluscott1l@intel.com,Male,77.179.159.161
59,Fons,Witchard,fwitchard1m@fema.gov,Male,32.192.38.191
60,Minta,Carrabott,mcarrabott1n@mayoclinic.com,Female,31.223.113.138
61,Michele,Kaveney,mkaveney1o@artisteer.com,Polygender,61.66.6.184
62,Pattie,Mandel,pmandel1p@surveymonkey.com,Male,71.162.160.148
63,Noella,Thompkins,nthompkins1q@huffingtonpost.com,Female,208.85.55.229
64,Edin,Jopson,ejopson1r@dedecms.com,Female,194.147.126.128
65,Gris,Keal,gkeal1s@creativecommons.org,Male,106.233.161.90
66,Stacy,M'Quharg,smquharg1t@xrea.com,Female,239.4.93.248
67,Brion,Whannel,bwhannel1u@youku.com,Male,106.188.205.137
68,Carlotta,Flipsen,cflipsen1v@t-online.de,Female,69.1.165.132
69,Martin,Saphir,msaphir1w@wiley.com,Male,251.190.28.212
70,Lezley,McGougan,lmcgougan1x@wikimedia.org,Male,147.105.50.1
71,Zechariah,Copello,zcopello1y@howstuffworks.com,Male,68.143.250.95
72,Pascale,Sorby,psorby1z@myspace.com,Male,191.104.122.50
73,Huntley,Yurenev,hyurenev20@delicious.com,Male,179.92.9.122
74,Jacquette,Strippel,jstrippel21@ezinearticles.com,Non-binary,202.130.125.75
75,Leonardo,Ankrett,lankrett22@answers.com,Male,247.135.45.0
76,Waldemar,Clearie,wclearie23@wordpress.org,Male,80.121.127.47
77,Shandee,Ringsell,sringsell24@lycos.com,Female,202.177.80.82
78,Maye,Langrish,mlangrish25@wiley.com,Female,110.46.233.145
79,Sayre,Okker,sokker26@aboutads.info,Female,130.6.227.64
80,Rose,Ashpital,rashpital27@blogtalkradio.com,Female,131.19.185.208
81,Nathanial,Havill,nhavill28@deliciousdays.com,Male,101.55.4.170
82,Elia,Domoney,edomoney29@state.tx.us,Male,123.58.33.162
83,Wildon,Godlee,wgodlee2a@webeden.co.uk,Male,9.25.232.236
84,Juieta,Cahalan,jcahalan2b@cbslocal.com,Genderqueer,58.78.2.239
85,Costa,Cayford,ccayford2c@dyndns.org,Male,210.164.118.128
86,Adeline,Ghiroldi,aghiroldi2d@mtv.com,Female,47.128.92.38
87,Griz,Twelvetree,gtwelvetree2e@uol.com.br,Non-binary,94.19.172.11
88,Alvy,Jobbings,ajobbings2f@walmart.com,Male,138.129.25.58
89,Heinrik,Pevsner,hpevsner2g@abc.net.au,Male,110.176.156.234
90,Gusty,Lean,glean2h@yelp.com,Female,61.31.221.29
91,Ingeberg,Wolfindale,iwolfindale2i@phpbb.com,Female,184.37.206.206
92,Allix,Godsell,agodsell2j@hatena.ne.jp,Female,207.242.38.82
93,Casi,Arnott,carnott2k@xrea.com,Genderqueer,9.188.184.92
94,Dionysus,Slite,dslite2l@ifeng.com,Non-binary,92.88.105.129
95,Kassi,Wadforth,kwadforth2m@sbwire.com,Female,187.119.155.105
96,Pascal,Flacknoe,pflacknoe2n@cocolog-nifty.com,Male,81.176.59.148
97,Beniamino,Pethick,bpethick2o@adobe.com,Male,172.218.97.236
98,Merry,Detloff,mdetloff2p@phpbb.com,Female,185.24.241.123
99,Rosabella,Colombier,rcolombier2q@businessinsider.com,Female,163.47.191.153
100,Mercy,Jonuzi,mjonuzi2r@ftc.gov,Female,184.70.164.65
101,Franzen,Harm,fharm2s@diigo.com,Genderfluid,254.222.195.77
102,Tristan,Nuth,tnuth2t@e-recht24.de,Male,19.126.30.183
103,Arri,Bernadot,abernadot2u@comcast.net,Male,0.107.113.98
104,Wildon,Tilio,wtilio2v@ustream.tv,Male,243.127.90.178
105,Karney,Cowthard,kcowthard2w@deliciousdays.com,Male,51.188.18.164
106,Carly,Grolle,cgrolle2x@nps.gov,Female,240.45.158.60
107,Brittani,McPhail,bmcphail2y@adobe.com,Female,37.143.206.212
108,Dee,Cumberlidge,dcumberlidge2z@behance.net,Female,1.254.60.192
109,Darelle,Chaimson,dchaimson30@seattletimes.com,Female,165.237.26.30
110,Elane,Curm,ecurm31@pbs.org,Female,123.50.76.22
111,Ogden,Caustic,ocaustic32@cnbc.com,Male,255.220.29.7
112,Codi,Degoix,cdegoix33@seattletimes.com,Male,33.163.145.105
113,Sarina,Allcott,sallcott34@list-manage.com,Female,124.164.219.134
114,Lexy,Klambt,lklambt35@cmu.edu,Female,145.147.214.2
115,Cornie,Kiessel,ckiessel36@bbb.org,Female,75.19.183.77
116,Karel,Grisard,kgrisard37@devhub.com,Male,125.138.193.29
117,Beltran,Youd,byoud38@hexun.com,Agender,202.2.195.83
118,Alain,Rentoll,arentoll39@angelfire.com,Male,108.46.250.14
119,Berk,Prestney,bprestney3a@dyndns.org,Male,217.165.158.236
120,Tades,Guido,tguido3b@nba.com,Male,206.86.6.54
121,Cherilyn,Camous,ccamous3c@usa.gov,Female,48.128.4.252
122,Sheryl,Simonnet,ssimonnet3d@berkeley.edu,Female,0.151.239.26
123,Josh,Elcoate,jelcoate3e@storify.com,Male,241.139.80.104
124,Fern,Lupson,flupson3f@businessinsider.com,Female,226.45.241.49
125,Nealson,Andreas,nandreas3g@themeforest.net,Male,224.253.221.174
126,Ashbey,Eilles,aeilles3h@japanpost.jp,Male,212.15.70.154
127,Orv,Narramore,onarramore3i@google.ca,Polygender,252.141.99.3
128,Allison,Timmes,atimmes3j@slideshare.net,Female,223.147.105.255
129,Chev,Darcy,cdarcy3k@plala.or.jp,Male,251.76.53.142
130,Jenni,Fowle,jfowle3l@npr.org,Female,150.128.66.23
131,Sibyl,Noar,snoar3m@pcworld.com,Non-binary,66.164.171.198
132,Shurwood,Burtwistle,sburtwistle3n@fotki.com,Male,70.232.107.95
133,Tanny,Chappelle,tchappelle3o@hexun.com,Male,46.244.116.180
134,Hermine,De Matteis,hdematteis3p@nifty.com,Female,160.91.139.32
135,Brucie,Valentin,bvalentin3q@irs.gov,Male,62.87.4.183
136,Daphene,Penson,dpenson3r@about.me,Female,1.169.164.118
137,Petrina,Duckett,pduckett3s@google.es,Female,228.69.86.51
138,Hillie,Pourveer,hpourveer3t@state.tx.us,Male,246.241.17.141
139,Timothee,Colegate,tcolegate3u@uiuc.edu,Male,47.237.142.43
140,Rebbecca,McVeighty,rmcveighty3v@seattletimes.com,Non-binary,155.30.235.46
141,Ida,Pleaden,ipleaden3w@photobucket.com,Female,194.101.9.134
142,Napoleon,Schultes,nschultes3x@virginia.edu,Male,130.60.110.233
143,Karine,Birkmyr,kbirkmyr3y@facebook.com,Female,44.175.134.102
144,Burlie,Castellani,bcastellani3z@newsvine.com,Male,100.4.2.44
145,Malanie,Secombe,msecombe40@fastcompany.com,Female,175.229.7.88
146,Abran,Caldera,acaldera41@shutterfly.com,Male,29.158.193.133
147,Lynnell,Belbin,lbelbin42@discuz.net,Female,184.55.215.73
148,Gabbie,Christian,gchristian43@newyorker.com,Female,127.205.55.210
149,Shalna,Wincom,swincom44@cam.ac.uk,Female,42.159.162.64
150,Otha,Browell,obrowell45@theguardian.com,Genderfluid,160.68.196.237
151,Romola,Bunting,rbunting46@mediafire.com,Female,59.57.144.109
152,Theobald,Moynihan,tmoynihan47@nasa.gov,Male,20.55.210.187
153,Leyla,Pole,lpole48@disqus.com,Female,161.45.40.131
154,Kiel,Figgs,kfiggs49@nydailynews.com,Male,82.39.72.242
155,Geno,Langman,glangman4a@posterous.com,Male,20.142.185.97
156,Gerome,Aykroyd,gaykroyd4b@webmd.com,Male,176.234.123.155
157,Genni,Hannaway,ghannaway4c@scribd.com,Female,120.217.208.25
158,Josee,Wemyss,jwemyss4d@geocities.com,Female,214.63.175.196
159,Dov,Walklott,dwalklott4e@etsy.com,Male,122.91.195.213
160,Kirstyn,Wilmot,kwilmot4f@ifeng.com,Female,16.16.61.190
161,Ula,Yoskowitz,uyoskowitz4g@nhs.uk,Female,157.240.7.133
162,Jacquie,Penburton,jpenburton4h@ft.com,Female,252.150.90.171
163,Consuelo,Matissoff,cmatissoff4i@microsoft.com,Female,125.113.26.110
164,Darby,Denman,ddenman4j@hao123.com,Female,215.131.77.71
165,Natalina,De Witt,ndewitt4k@prnewswire.com,Female,201.21.119.80
166,Brandais,Vaud,bvaud4l@nature.com,Female,66.228.155.187
167,Estele,Gardner,egardner4m@jigsy.com,Female,166.179.88.158
168,Melania,Pattison,mpattison4n@spiegel.de,Female,211.239.19.107
169,Milicent,Welman,mwelman4o@bizjournals.com,Female,102.205.21.49
170,Trixie,Skahill,tskahill4p@columbia.edu,Female,32.111.156.148
171,Joete,Lysaght,jlysaght4q@chronoengine.com,Female,105.226.41.172
172,Nanny,Darree,ndarree4r@liveinternet.ru,Female,15.172.108.161
173,Odey,Wickens,owickens4s@comsenz.com,Male,156.68.71.1
174,Tony,Grunguer,tgrunguer4t@is.gd,Male,136.234.54.205
175,Artur,Sucre,asucre4u@scientificamerican.com,Male,3.154.209.214
176,Liliane,Loutheane,lloutheane4v@oaic.gov.au,Female,174.175.8.217
177,Philipa,De Meis,pdemeis4w@businessweek.com,Female,104.174.158.241
178,Tomaso,Tayspell,ttayspell4x@noaa.gov,Male,65.13.86.30
179,Constanta,Glaisner,cglaisner4y@latimes.com,Female,216.211.100.166
180,Jayme,Mackerel,jmackerel4z@eepurl.com,Genderqueer,32.73.105.53
181,Wanids,Maddocks,wmaddocks50@webs.com,Female,249.177.58.31
182,Delcine,Loveless,dloveless51@gmpg.org,Female,86.18.221.189
183,Tom,Drillingcourt,tdrillingcourt52@spiegel.de,Male,123.250.40.57
184,Netta,Hasluck,nhasluck53@loc.gov,Polygender,224.45.117.146
185,Kelley,Hubert,khubert54@digg.com,Male,4.26.72.73
186,Donal,Prowse,dprowse55@google.com.au,Male,57.141.245.130
187,Gustav,Raynes,graynes56@dagondesign.com,Male,81.240.141.56
188,Lina,Edmed,ledmed57@youku.com,Female,248.152.181.194
189,Brennen,McIlwaine,bmcilwaine58@tinyurl.com,Bigender,139.65.81.136
190,Audrye,Gheerhaert,agheerhaert59@chron.com,Female,231.19.174.52
191,Waneta,Harvard,wharvard5a@hubpages.com,Polygender,253.224.103.237
192,Myrta,Mulhill,mmulhill5b@ihg.com,Female,81.220.148.91
193,Dionysus,Fellos,dfellos5c@psu.edu,Male,201.234.101.116
194,Giuditta,Hevner,ghevner5d@whitehouse.gov,Female,28.170.178.194
195,Gelya,Chilcott,gchilcott5e@indiatimes.com,Female,109.45.80.76
196,Gifford,Heelis,gheelis5f@fastcompany.com,Male,102.153.205.163
197,Michel,Stummeyer,mstummeyer5g@huffingtonpost.com,Male,102.243.93.199
198,Thaddus,Cotelard,tcotelard5h@mapquest.com,Male,8.81.85.220
199,Friedrich,Critchell,fcritchell5i@altervista.org,Male,249.168.130.242
200,Kerry,Oluwatoyin,koluwatoyin5j@ning.com,Female,168.145.212.68
201,Ferd,Nelsey,fnelsey5k@so-net.ne.jp,Male,18.67.184.182
202,Ashia,Luna,aluna5l@odnoklassniki.ru,Female,79.14.174.175
203,Iris,Woodyeare,iwoodyeare5m@so-net.ne.jp,Female,6.205.19.207
204,Rikki,Dorking,rdorking5n@domainmarket.com,Male,75.244.135.21
205,Hazel,Dagnall,hdagnall5o@technorati.com,Male,64.226.137.202
206,Georgie,Menchenton,gmenchenton5p@usda.gov,Male,91.118.47.100
207,Dore,Leney,dleney5q@nytimes.com,Male,127.21.188.38
208,Letitia,Ionesco,lionesco5r@howstuffworks.com,Female,231.198.174.137
209,Karlie,Driuzzi,kdriuzzi5s@tiny.cc,Female,225.35.25.84
210,Joy,Gallichiccio,jgallichiccio5t@photobucket.com,Female,154.105.157.250
211,Stacia,Launder,slaunder5u@networksolutions.com,Female,180.75.95.159
212,Jaquith,Mortimer,jmortimer5v@businesswire.com,Female,228.156.199.30
213,Sara,Jakobsson,sjakobsson5w@ihg.com,Female,57.43.82.69
214,Wynnie,Caldecot,wcaldecot5x@stumbleupon.com,Female,72.43.9.4
215,Maddie,Pogue,mpogue5y@fotki.com,Non-binary,137.37.239.113
216,Flossy,Pudsall,fpudsall5z@google.com.br,Agender,188.73.242.67
217,Tabby,Snarie,tsnarie60@prweb.com,Female,130.245.157.90
218,Julee,Chomicki,jchomicki61@yandex.ru,Female,37.30.46.242
219,Osborn,Jackson,ojackson62@mail.ru,Male,114.85.232.77
220,Loutitia,Burland,lburland63@businessinsider.com,Female,148.226.103.237
221,Mozelle,Zohrer,mzohrer64@simplemachines.org,Female,136.148.144.142
222,Thornton,Schulze,tschulze65@salon.com,Male,9.120.242.13
223,Catarina,Giamitti,cgiamitti66@theglobeandmail.com,Female,150.13.179.48
224,Erhart,Hatherell,ehatherell67@typepad.com,Male,212.196.117.45
225,Peg,Hunnicot,phunnicot68@sphinn.com,Female,2.56.52.117
226,Amalie,Gallon,agallon69@google.co.uk,Female,33.70.9.239
227,Temp,Digg,tdigg6a@taobao.com,Male,167.80.16.111
228,Kizzie,MacNab,kmacnab6b@theguardian.com,Female,212.163.150.131
229,Gayle,Cawcutt,gcawcutt6c@reddit.com,Female,137.210.51.236
230,Samantha,Eyre,seyre6d@irs.gov,Female,180.199.240.33
231,Jennica,Heinssen,jheinssen6e@imageshack.us,Female,68.38.210.193
232,Nanni,Stubbings,nstubbings6f@bloglovin.com,Female,161.221.141.174
233,Clovis,Attwoull,cattwoull6g@japanpost.jp,Female,168.72.154.236
234,Aldo,Dunnet,adunnet6h@facebook.com,Male,7.181.200.223
235,Jolie,Greenacre,jgreenacre6i@state.gov,Female,196.99.128.4
236,Zerk,Huard,zhuard6j@youtube.com,Male,50.89.109.222
237,Sherm,Stollwerck,sstollwerck6k@reuters.com,Male,22.52.15.162
238,Nicola,Speare,nspeare6l@nydailynews.com,Female,192.228.179.163
239,Blanch,Alliker,balliker6m@webs.com,Female,148.171.120.82
240,Yule,Vatini,yvatini6n@ucoz.ru,Male,53.121.154.155
241,Noel,Staddon,nstaddon6o@bloglovin.com,Male,181.247.91.185
242,Staci,Bigby,sbigby6p@webs.com,Female,22.212.27.102
243,Lezlie,Brandin,lbrandin6q@msu.edu,Female,146.195.82.77
244,Marjorie,Keeri,mkeeri6r@meetup.com,Female,137.43.172.170
245,Aigneis,Arney,aarney6s@mtv.com,Genderfluid,187.100.120.161
246,Benedetto,Ovens,bovens6t@nih.gov,Male,145.97.141.64
247,Marcelline,Statter,mstatter6u@nydailynews.com,Female,171.138.11.26
248,Mirna,Jackett,mjackett6v@bbc.co.uk,Female,72.168.53.92
249,Christy,Van der Son,cvanderson6w@ted.com,Polygender,97.94.89.9
250,Aubrette,De Michetti,ademichetti6x@blogtalkradio.com,Agender,32.75.233.162
251,Reiko,Cockarill,rcockarill6y@mtv.com,Female,190.79.184.9
252,Davidson,Norton,dnorton6z@cbsnews.com,Male,250.231.254.74
253,Walton,Trusler,wtrusler70@ucsd.edu,Male,111.161.19.101
254,Natalya,Druitt,ndruitt71@de.vu,Genderfluid,230.190.107.11
255,Farah,Yegorkin,fyegorkin72@bluehost.com,Female,219.105.68.9
256,Ginni,Jope,gjope73@about.me,Female,88.254.109.58
257,Albrecht,Wardhough,awardhough74@wikia.com,Genderfluid,213.182.191.244
258,Eveline,Rosbrough,erosbrough75@multiply.com,Female,34.164.237.156
259,Roi,Carnachen,rcarnachen76@msn.com,Male,211.93.94.241
260,Royce,Maplesden,rmaplesden77@php.net,Male,250.153.131.129
261,Culver,Degue,cdegue78@studiopress.com,Male,135.29.242.187
262,Gavra,Collip,gcollip79@wp.com,Female,201.169.108.199
263,Agnola,Ledward,aledward7a@aol.com,Female,130.92.146.228
264,Gordie,Eslemont,geslemont7b@theguardian.com,Male,29.232.38.151
265,Gordie,Cruden,gcruden7c@mediafire.com,Male,93.225.221.182
266,Dorise,Iacovuzzi,diacovuzzi7d@unblog.fr,Female,173.53.179.78
267,Aldis,Paxeford,apaxeford7e@webs.com,Male,182.104.130.234
268,Spense,Claughton,sclaughton7f@mozilla.org,Male,109.135.25.126
269,Sawyere,Smethurst,ssmethurst7g@biglobe.ne.jp,Male,230.93.198.40
270,Toiboid,Forre,tforre7h@harvard.edu,Male,14.114.92.84
271,Leshia,Sproson,lsproson7i@instagram.com,Female,69.137.93.162
272,Antone,Heggadon,aheggadon7j@phpbb.com,Male,230.110.130.53
273,Daren,Mahody,dmahody7k@google.es,Male,104.230.207.170
274,Sheri,Daggett,sdaggett7l@utexas.edu,Female,116.33.178.26
275,Leta,Haggith,lhaggith7m@wired.com,Female,62.223.156.11
276,Currey,Bernardt,cbernardt7n@edublogs.org,Male,65.133.93.114
277,Jock,Oatley,joatley7o@slate.com,Male,143.131.118.72
278,Cammy,Vasovic,cvasovic7p@purevolume.com,Male,248.230.14.178
279,Hayward,MacNeill,hmacneill7q@sogou.com,Bigender,172.217.235.14
280,Goran,Tabourin,gtabourin7r@earthlink.net,Male,61.42.224.159
281,Cyrillus,Scarce,cscarce7s@blogtalkradio.com,Male,196.191.39.3
282,Jaquenetta,Benjefield,jbenjefield7t@simplemachines.org,Agender,0.84.159.243
283,Gardiner,Gordge,ggordge7u@sitemeter.com,Male,138.163.202.13
284,Teirtza,Wapplington,twapplington7v@addthis.com,Non-binary,16.93.251.74
285,Clio,Stille,cstille7w@simplemachines.org,Female,150.182.238.221
286,Byram,Dudhill,bdudhill7x@imdb.com,Male,104.223.101.249
287,Casey,Penwell,cpenwell7y@wordpress.com,Male,94.41.238.209
288,Calley,Kryszka,ckryszka7z@forbes.com,Female,82.73.224.92
289,Zachary,Lempenny,zlempenny80@dion.ne.jp,Male,229.41.197.65
290,Joletta,Perrot,jperrot81@hc360.com,Female,104.26.8.36
291,Seamus,Bargery,sbargery82@yolasite.com,Male,171.232.13.107
292,Camilla,Aldwich,caldwich83@woothemes.com,Female,178.35.248.212
293,Roxie,Spragg,rspragg84@mozilla.com,Female,121.198.174.27
294,Jarred,Bulfit,jbulfit85@msn.com,Male,63.239.13.133
295,Zaneta,Garralts,zgarralts86@symantec.com,Female,118.200.110.35
296,Erick,Frensch,efrensch87@webs.com,Male,28.187.40.114
297,Emalee,Kirkam,ekirkam88@mashable.com,Female,158.89.218.171
298,Claretta,Binley,cbinley89@mozilla.com,Genderqueer,88.132.123.21
299,Horatio,Ryall,hryall8a@mozilla.com,Male,34.26.69.56
300,Nichol,Learmouth,nlearmouth8b@apple.com,Female,84.52.53.169
301,Rodolph,Berre,rberre8c@artisteer.com,Male,45.84.36.161
302,Zena,Rockcliff,zrockcliff8d@springer.com,Female,93.80.65.14
303,Leo,Sircomb,lsircomb8e@cyberchimps.com,Male,69.81.118.175
304,Henderson,BURWIN,hburwin8f@china.com.cn,Male,52.5.231.107
305,Philis,Trowbridge,ptrowbridge8g@hubpages.com,Female,39.7.169.252
306,Hal,Schiersch,hschiersch8h@nasa.gov,Agender,245.75.205.197
307,Deck,Faudrie,dfaudrie8i@nydailynews.com,Male,7.207.15.255
308,Sandie,Moodie,smoodie8j@shop-pro.jp,Female,165.65.15.131
309,Lola,Doidge,ldoidge8k@huffingtonpost.com,Female,185.192.137.48
310,Malvin,Marriner,mmarriner8l@cpanel.net,Male,69.32.113.222
311,Lyle,Spinley,lspinley8m@cbslocal.com,Male,128.251.67.152
312,Ethelbert,Muehler,emuehler8n@google.ru,Male,77.254.101.156
313,Percival,Kleszinski,pkleszinski8o@adobe.com,Male,179.38.4.185
314,Liza,Roderighi,lroderighi8p@w3.org,Female,120.200.210.13
315,Thomasine,Grix,tgrix8q@wikipedia.org,Female,45.51.148.254
316,Estevan,Grogor,egrogor8r@lulu.com,Genderfluid,204.136.170.9
317,Elianore,McCowan,emccowan8s@pbs.org,Female,93.253.231.57
318,Courtenay,Camis,ccamis8t@slate.com,Female,212.164.27.148
319,Cori,Bust,cbust8u@plala.or.jp,Male,245.28.211.186
320,Dedra,Pringuer,dpringuer8v@japanpost.jp,Female,155.61.209.43
321,Kermit,Hillum,khillum8w@msu.edu,Male,153.29.121.24
322,Kipp,Bolderson,kbolderson8x@latimes.com,Male,82.95.50.15
323,Stacy,Rolfe,srolfe8y@ow.ly,Female,107.207.127.195
324,Faydra,Grzelewski,fgrzelewski8z@nps.gov,Polygender,138.62.68.119
325,John,Measom,jmeasom90@hao123.com,Male,27.141.1.201
326,Lovell,Fautley,lfautley91@latimes.com,Male,218.68.217.75
327,Sarette,Behrens,sbehrens92@sakura.ne.jp,Female,227.123.209.219
328,Betty,Geoghegan,bgeoghegan93@gnu.org,Female,33.222.138.212
329,Derick,Slessor,dslessor94@wikimedia.org,Male,2.93.173.75
330,Gunilla,Copo,gcopo95@dedecms.com,Female,114.2.243.217
331,Mala,Tams,mtams96@apache.org,Female,65.230.147.101
332,Osbourn,Frain,ofrain97@bizjournals.com,Male,240.197.148.160
333,Mauricio,Holywell,mholywell98@prlog.org,Male,164.189.56.166
334,Farris,McShirrie,fmcshirrie99@prlog.org,Male,66.109.77.215
335,Orelle,Lenham,olenham9a@icq.com,Female,137.223.18.143
336,Frederik,Orchard,forchard9b@livejournal.com,Male,105.0.212.101
337,Collin,von Grollmann,cvongrollmann9c@sbwire.com,Male,150.155.9.61
338,Cam,Reihm,creihm9d@moonfruit.com,Female,65.43.120.177
339,Rosa,Bernon,rbernon9e@berkeley.edu,Female,39.112.187.52
340,Jocelin,Bygreaves,jbygreaves9f@parallels.com,Female,124.55.53.193
341,Shannan,Mendoza,smendoza9g@youtube.com,Male,183.31.150.162
342,Casper,Tellenbach,ctellenbach9h@soundcloud.com,Male,0.129.200.168
343,Beilul,Davidson,bdavidson9i@last.fm,Female,80.24.117.99
344,Heinrick,Perett,hperett9j@mlb.com,Male,0.127.117.160
345,Ambrosius,Spurdens,aspurdens9k@globo.com,Male,196.239.173.3
346,Abey,Hallows,ahallows9l@tamu.edu,Male,60.113.137.76
347,Glyn,Killimister,gkillimister9m@cafepress.com,Female,44.132.75.152
348,Konrad,Duker,kduker9n@phpbb.com,Male,116.185.128.150
349,Mohandis,Silby,msilby9o@guardian.co.uk,Male,87.206.238.218
350,Prissie,Duffrie,pduffrie9p@wunderground.com,Female,121.149.99.198
351,Prue,Brech,pbrech9q@yelp.com,Genderfluid,25.163.24.206
352,Cthrine,Baudacci,cbaudacci9r@hao123.com,Female,158.138.186.95
353,Colly,Brine,cbrine9s@last.fm,Female,17.142.136.106
354,Simone,Biggin,sbiggin9t@columbia.edu,Male,62.134.28.78
355,Elwyn,Kondratenko,ekondratenko9u@godaddy.com,Male,182.99.188.210
356,Claudian,Richmond,crichmond9v@virginia.edu,Male,180.48.4.95
357,Karon,Hallows,khallows9w@prlog.org,Female,250.255.219.1
358,Carrol,Falla,cfalla9x@woothemes.com,Male,168.183.110.32
359,Suzi,Tradewell,stradewell9y@ycombinator.com,Genderfluid,3.79.28.96
360,Barbey,Lamshead,blamshead9z@omniture.com,Female,219.59.42.83
361,Raf,Kirgan,rkirgana0@washington.edu,Female,210.162.230.20
362,Freddie,Realff,frealffa1@parallels.com,Genderqueer,33.234.201.190
363,Tabitha,Hickeringill,thickeringilla2@washington.edu,Female,250.122.232.52
364,Callie,McClosh,cmcclosha3@creativecommons.org,Female,189.207.147.71
365,Jenny,Judd,jjudda4@scientificamerican.com,Female,178.164.131.76
366,Hartley,Kupper,hkuppera5@clickbank.net,Male,29.221.116.227
367,West,Heal,wheala6@harvard.edu,Male,216.84.100.220
368,Anselm,Bleibaum,ableibauma7@ucoz.ru,Male,55.205.167.200
369,Raychel,Grumley,rgrumleya8@blogtalkradio.com,Female,2.177.209.208
370,Anselma,Cowan,acowana9@ask.com,Female,119.206.126.193
371,Emalee,Reiling,ereilingaa@trellian.com,Female,23.12.98.138
372,Steward,Pellamont,spellamontab@springer.com,Male,16.111.79.90
373,Sigrid,MacElholm,smacelholmac@bigcartel.com,Female,240.4.3.139
374,Markos,Wynch,mwynchad@toplist.cz,Male,213.75.137.27
375,Brigit,Weald,bwealdae@soup.io,Female,120.135.63.175
376,Sherwin,Phayre,sphayreaf@illinois.edu,Male,118.203.77.102
377,Priscella,Ritter,pritterag@addthis.com,Female,12.166.74.26
378,Gabriele,Blaszczyk,gblaszczykah@ftc.gov,Male,58.239.188.163
379,Leif,Hazelgrove,lhazelgroveai@addtoany.com,Male,40.146.40.159
380,Kari,Bourgour,kbourgouraj@amazon.co.uk,Female,101.190.3.235
381,Lurleen,Denning,ldenningak@berkeley.edu,Female,49.55.29.175
382,Frieda,Clemensen,fclemensenal@tinyurl.com,Female,124.62.104.101
383,Lenci,Angus,langusam@nydailynews.com,Male,99.53.69.123
384,Cayla,Attwoull,cattwoullan@flickr.com,Female,40.187.217.61
385,Shandeigh,Dinzey,sdinzeyao@hao123.com,Female,108.100.248.117
386,Ellissa,Jeff,ejeffap@typepad.com,Female,178.132.128.253
387,Robbyn,MacConnulty,rmacconnultyaq@so-net.ne.jp,Female,151.223.143.202
388,Nichole,Zaple,nzaplear@typepad.com,Male,51.189.102.164
389,Wrennie,Maulin,wmaulinas@wunderground.com,Female,117.94.159.38
390,Sheelagh,Buzek,sbuzekat@ucsd.edu,Female,227.55.179.73
391,Duffie,Dalgety,ddalgetyau@opensource.org,Male,204.120.22.142
392,Brittni,Haylock,bhaylockav@mayoclinic.com,Female,243.121.129.208
393,Kellen,Hattiff,khattiffaw@fotki.com,Male,194.223.58.26
394,Giselle,Beert,gbeertax@webeden.co.uk,Female,255.16.104.202
395,Raymund,Bater,rbateray@scribd.com,Male,22.252.149.208
396,Lynsey,Hillen,lhillenaz@archive.org,Female,233.213.28.94
397,Drew,Cod,dcodb0@sogou.com,Male,159.168.96.69
398,Evangelina,Mangenot,emangenotb1@oaic.gov.au,Female,94.90.48.247
399,Jeffy,Casino,jcasinob2@gravatar.com,Male,119.154.244.214
400,Jessica,Cawthra,jcawthrab3@irs.gov,Female,202.91.247.117
401,Bertie,Mc Gorley,bmcgorleyb4@lulu.com,Male,189.216.139.28
402,Francklyn,Crews,fcrewsb5@netvibes.com,Male,94.71.203.30
403,Ranique,Fauning,rfauningb6@mashable.com,Bigender,87.75.60.44
404,Jenna,Rivard,jrivardb7@time.com,Female,244.19.92.70
405,Aldwin,Enrigo,aenrigob8@wisc.edu,Male,106.234.249.88
406,Isiahi,Prujean,iprujeanb9@a8.net,Male,135.150.78.187
407,Rufus,Commings,rcommingsba@dailymail.co.uk,Male,43.209.205.155
408,Concettina,Bazoge,cbazogebb@businesswire.com,Female,54.237.171.68
409,Matti,Dyos,mdyosbc@youtube.com,Female,92.32.182.101
410,Orsola,Chamberlin,ochamberlinbd@about.me,Female,185.23.213.175
411,Mechelle,Ashleigh,mashleighbe@earthlink.net,Polygender,66.60.35.24
412,Bernice,Aglione,baglionebf@fda.gov,Non-binary,75.69.138.31
413,Benedicto,Kobsch,bkobschbg@abc.net.au,Male,180.191.73.255
414,Judy,De la Eglise,jdelaeglisebh@princeton.edu,Female,133.191.145.57
415,Stevie,Neising,sneisingbi@creativecommons.org,Male,190.139.169.139
416,Violante,Axon,vaxonbj@examiner.com,Female,220.255.164.226
417,Mable,Merwe,mmerwebk@nytimes.com,Female,56.67.140.220
418,Ginelle,McCaughen,gmccaughenbl@dailymotion.com,Female,156.69.30.200
419,Casandra,Le Fevre,clefevrebm@shareasale.com,Female,46.19.224.102
420,Florette,Spall,fspallbn@t-online.de,Female,143.235.132.86
421,Avrit,Bewly,abewlybo@ovh.net,Female,93.134.128.202
422,Dietrich,Catto,dcattobp@imgur.com,Male,168.223.221.189
423,Hilde,Ekless,heklessbq@narod.ru,Female,61.17.227.26
424,Roosevelt,Linthead,rlintheadbr@theatlantic.com,Male,2.36.243.117
425,Henriette,Pillington,hpillingtonbs@microsoft.com,Female,130.101.115.27
426,Kareem,Dillingham,kdillinghambt@cisco.com,Male,142.252.185.233
427,Missie,Mogridge,mmogridgebu@angelfire.com,Polygender,139.199.18.125
428,Gordy,Iggo,giggobv@over-blog.com,Male,158.131.181.230
429,Leanna,Evason,levasonbw@jiathis.com,Female,211.49.122.24
430,Aron,Ludman,aludmanbx@behance.net,Bigender,185.130.41.159
431,Cathlene,Lebbern,clebbernby@last.fm,Bigender,69.14.42.155
432,Emylee,Cawthry,ecawthrybz@elegantthemes.com,Female,107.59.115.206
433,Dominique,Stagge,dstaggec0@behance.net,Female,58.80.163.110
434,Tobie,Penlington,tpenlingtonc1@patch.com,Male,157.28.221.236
435,Coleen,Deyes,cdeyesc2@ucoz.com,Female,221.116.153.112
436,Base,Gravener,bgravenerc3@technorati.com,Male,100.66.130.120
437,Abagael,Ellams,aellamsc4@dailymail.co.uk,Female,88.10.123.204
438,Cordie,Durno,cdurnoc5@deviantart.com,Female,189.117.250.243
439,Bertie,Caret,bcaretc6@surveymonkey.com,Male,57.136.215.64
440,Spencer,Rooksby,srooksbyc7@purevolume.com,Male,104.67.15.20
441,Edythe,Minnette,eminnettec8@cocolog-nifty.com,Female,148.92.177.36
442,Darill,Scoone,dscoonec9@bizjournals.com,Bigender,249.83.59.27
443,Leshia,Crebott,lcrebottca@weather.com,Genderfluid,63.175.134.121
444,Rycca,Wycliff,rwycliffcb@technorati.com,Female,126.158.223.78
445,Devinne,Rushby,drushbycc@spotify.com,Agender,8.194.54.122
446,Kellby,Tanby,ktanbycd@weebly.com,Male,141.106.56.199
447,Lanny,Friskey,lfriskeyce@kickstarter.com,Female,13.251.164.252
448,Dyana,Livesey,dliveseycf@freewebs.com,Female,200.252.137.197
449,Phillip,Veschi,pveschicg@scientificamerican.com,Male,108.110.199.72
450,Dulci,Impson,dimpsonch@fc2.com,Female,238.247.122.87
451,Matthaeus,Scatchar,mscatcharci@phpbb.com,Male,190.139.59.21
452,Melvin,Grigorescu,mgrigorescucj@ehow.com,Male,204.184.128.248
453,Delly,Enrich,denrichck@earthlink.net,Female,10.249.81.48
454,Glad,Vanyukhin,gvanyukhincl@google.ru,Female,165.175.94.68
455,Lura,Matiebe,lmatiebecm@umn.edu,Female,199.0.120.2
456,Beverlie,Pirot,bpirotcn@geocities.jp,Female,49.114.217.82
457,Shurwood,Ketchen,sketchenco@arstechnica.com,Male,117.87.23.206
458,Luca,Andreu,landreucp@yolasite.com,Male,4.238.149.0
459,Tedie,Tulloch,ttullochcq@ucsd.edu,Male,15.195.9.249
460,Margareta,Ferrino,mferrinocr@miitbeian.gov.cn,Female,9.71.93.166
461,Roscoe,Pierse,rpiersecs@wikipedia.org,Male,191.109.209.44
462,Lanni,Varcoe,lvarcoect@forbes.com,Female,4.150.194.75
463,Giraud,Rogez,grogezcu@nsw.gov.au,Male,37.98.162.249
464,Alley,Yakunikov,ayakunikovcv@vinaora.com,Polygender,250.236.163.242
465,Brigida,Guice,bguicecw@samsung.com,Female,254.211.38.45
466,Viola,Kliner,vklinercx@unblog.fr,Female,74.85.114.227
467,James,Helleckas,jhelleckascy@patch.com,Male,31.114.80.136
468,Caz,Snoxill,csnoxillcz@odnoklassniki.ru,Male,29.41.132.187
469,Tiler,Abramsky,tabramskyd0@businesswire.com,Male,148.249.152.188
470,Glenna,Chasemore,gchasemored1@hao123.com,Female,145.157.134.90
471,Monty,Khristoforov,mkhristoforovd2@a8.net,Agender,236.158.49.107
472,Ricky,Antyukhin,rantyukhind3@amazon.de,Male,240.151.42.63
473,Danika,Feldmesser,dfeldmesserd4@va.gov,Female,89.241.81.157
474,Dede,Swyndley,dswyndleyd5@hud.gov,Female,225.25.142.182
475,Maje,Manes,mmanesd6@icq.com,Male,30.121.49.78
476,Bobine,Whall,bwhalld7@globo.com,Female,180.67.66.85
477,Anna,Paulack,apaulackd8@ucoz.ru,Female,219.75.210.81
478,Malchy,Edmeades,medmeadesd9@indiatimes.com,Male,152.179.117.109
479,Noreen,Hairon,nhaironda@disqus.com,Female,242.203.202.239
480,Cybill,Deacon,cdeacondb@list-manage.com,Female,20.137.210.119
481,Leticia,Fayter,lfayterdc@pen.io,Female,250.67.121.114
482,Candis,Mundford,cmundforddd@goodreads.com,Female,184.172.26.161
483,Ira,Garnar,igarnarde@samsung.com,Female,67.103.59.49
484,Kendell,Hattersley,khattersleydf@bing.com,Male,138.16.98.78
485,Neila,Whitely,nwhitelydg@shop-pro.jp,Female,41.228.56.32
486,Eachelle,Bangle,ebangledh@tinyurl.com,Female,192.157.19.21
487,Adore,Ricards,aricardsdi@samsung.com,Genderqueer,84.173.65.192
488,Kayle,MacAlaster,kmacalasterdj@yahoo.com,Female,241.127.119.196
489,Morgan,Worsall,mworsalldk@wufoo.com,Polygender,122.175.48.135
490,Phylis,McNickle,pmcnickledl@usatoday.com,Female,31.215.246.29
491,Rice,Livett,rlivettdm@google.es,Polygender,233.148.207.1
492,Jessalin,Wyke,jwykedn@webnode.com,Female,217.75.139.22
493,Parnell,Georgiades,pgeorgiadesdo@psu.edu,Male,23.48.220.81
494,Amby,Sinnatt,asinnattdp@networksolutions.com,Male,134.231.116.45
495,Chris,Duny,cdunydq@patch.com,Male,179.167.60.46
496,Gilberto,Brimm,gbrimmdr@uiuc.edu,Male,74.35.11.175
497,Valentine,Karpeev,vkarpeevds@mayoclinic.com,Male,186.69.53.238
498,Roshelle,Starkie,rstarkiedt@list-manage.com,Female,193.48.24.75
499,Milicent,Arkwright,markwrightdu@deviantart.com,Female,220.5.53.97
500,Cornelius,Hug,chugdv@diigo.com,Male,52.57.7.84
501,Sonya,Lohmeyer,slohmeyerdw@businesswire.com,Female,240.208.239.47
502,Tomkin,Curbishley,tcurbishleydx@free.fr,Male,67.135.99.137
503,Kelvin,Aggett,kaggettdy@xinhuanet.com,Male,30.117.172.23
504,Merline,Gozzett,mgozzettdz@networksolutions.com,Female,70.127.11.77
505,Cherri,Emanson,cemansone0@opensource.org,Female,41.217.109.123
506,Zacharia,Clery,zclerye1@goo.gl,Male,56.86.241.83
507,Harold,Briggdale,hbriggdalee2@vinaora.com,Male,73.110.5.89
508,Heindrick,Cubbon,hcubbone3@wikia.com,Male,23.241.11.245
509,Emelina,Bohike,ebohikee4@reuters.com,Female,12.45.230.113
510,Kaitlin,Abelevitz,kabelevitze5@uiuc.edu,Female,77.32.253.95
511,Reinhold,Reeken,rreekene6@usa.gov,Bigender,57.78.243.197
512,Samaria,Hulson,shulsone7@webmd.com,Female,173.93.236.83
513,Cesare,Tosh,ctoshe8@indiatimes.com,Male,72.233.217.66
514,Joyce,Surpliss,jsurplisse9@smugmug.com,Female,171.195.172.84
515,Malina,Wissby,mwissbyea@jimdo.com,Female,198.85.56.148
516,Georgianne,Vigneron,gvigneroneb@washingtonpost.com,Female,90.53.6.223
517,Jacinta,Pechard,jpechardec@com.com,Genderfluid,108.117.232.131
518,Bertrand,Marshman,bmarshmaned@guardian.co.uk,Male,104.78.19.186
519,Dilan,Washbrook,dwashbrookee@un.org,Male,238.166.199.66
520,Jordan,Cosins,jcosinsef@examiner.com,Male,135.83.223.125
521,Abbie,O'Brogane,aobroganeeg@jigsy.com,Male,223.5.213.3
522,Ardyth,Snazel,asnazeleh@unesco.org,Female,28.116.149.12
523,Onfroi,Barthel,obarthelei@photobucket.com,Male,29.251.56.182
524,Esther,Adriaens,eadriaensej@statcounter.com,Female,58.17.64.3
525,Abbey,Franey,afraneyek@examiner.com,Male,121.146.241.45
526,Juan,Bukowski,jbukowskiel@princeton.edu,Male,3.200.214.12
527,Abbott,Haggerstone,ahaggerstoneem@jugem.jp,Bigender,132.112.73.239
528,Kaja,Stampe,kstampeen@dmoz.org,Female,56.137.15.16
529,Hershel,Dengel,hdengeleo@ca.gov,Male,66.184.85.65
530,Giordano,Laborde,glabordeep@auda.org.au,Male,80.69.189.22
531,Adler,Loblie,aloblieeq@artisteer.com,Male,193.234.75.63
532,Berky,Offen,boffener@slideshare.net,Polygender,29.208.89.242
533,Antone,Claringbold,aclaringboldes@drupal.org,Male,198.125.172.28
534,Lulu,Shimmans,lshimmanset@dailymotion.com,Female,135.252.154.213
535,Georgena,Crooks,gcrookseu@storify.com,Female,160.165.0.18
536,Silvio,Dorkins,sdorkinsev@bloomberg.com,Male,46.32.254.69
537,Doralyn,Marielle,dmarielleew@auda.org.au,Female,22.40.250.16
538,Mayne,Edmonston,medmonstonex@newyorker.com,Male,27.119.233.181
539,Zerk,Stobbs,zstobbsey@biglobe.ne.jp,Male,116.96.178.198
540,Roley,Petranek,rpetranekez@altervista.org,Male,148.127.87.238
541,Charles,Godsell,cgodsellf0@biglobe.ne.jp,Male,119.193.110.8
542,Olia,Finneran,ofinneranf1@vkontakte.ru,Female,89.115.190.224
543,Emmalynne,Finey,efineyf2@yale.edu,Bigender,11.219.152.71
544,Maible,Lennox,mlennoxf3@opera.com,Female,242.69.250.255
545,Eudora,Huonic,ehuonicf4@tinypic.com,Agender,19.160.71.69
546,Tomasine,Emslie,temslief5@businessweek.com,Female,217.28.130.143
547,Louis,Varran,lvarranf6@issuu.com,Male,228.105.97.75
548,Yvonne,Ferns,yfernsf7@hatena.ne.jp,Bigender,18.236.245.38
549,Celinka,Benge,cbengef8@tmall.com,Polygender,68.61.90.51
550,Maggee,Gateman,mgatemanf9@toplist.cz,Female,95.17.7.123
551,Mallory,Beentjes,mbeentjesfa@hatena.ne.jp,Female,220.20.133.93
552,Caleb,Elden,celdenfb@last.fm,Male,150.35.121.87
553,Dunstan,O'Henehan,dohenehanfc@over-blog.com,Male,63.48.232.158
554,Torey,Soonhouse,tsoonhousefd@accuweather.com,Female,134.199.161.181
555,Kellina,BoHlingolsen,kbohlingolsenfe@dedecms.com,Female,136.102.76.65
556,Lily,Vause,lvauseff@nbcnews.com,Female,71.23.162.236
557,Gerta,Marlen,gmarlenfg@liveinternet.ru,Female,38.99.236.99
558,Uriel,Overall,uoverallfh@bloglines.com,Male,57.232.120.158
559,Courtnay,Gidley,cgidleyfi@businesswire.com,Male,14.50.10.102
560,Ade,Jalland,ajallandfj@europa.eu,Male,188.30.217.160
561,Maurits,Orringe,morringefk@bigcartel.com,Male,90.15.136.171
562,Holly,Fairham,hfairhamfl@google.de,Female,228.96.37.96
563,Kiley,Divers,kdiversfm@slashdot.org,Male,174.90.56.206
564,Hilliard,Kobu,hkobufn@cisco.com,Non-binary,17.187.64.11
565,Petronella,Simkovich,psimkovichfo@latimes.com,Female,151.203.4.59
566,Georg,Moles,gmolesfp@stanford.edu,Male,31.247.249.49
567,Chrystal,Bartholin,cbartholinfq@xrea.com,Female,21.0.226.65
568,Sanders,Corzor,scorzorfr@ifeng.com,Non-binary,81.63.243.140
569,Trumaine,Feldharker,tfeldharkerfs@hubpages.com,Male,43.200.15.52
570,Brigham,Fortesquieu,bfortesquieuft@theguardian.com,Male,246.74.100.58
571,Nikolaos,Bakes,nbakesfu@imdb.com,Agender,146.26.232.211
572,Roosevelt,O'Deoran,rodeoranfv@china.com.cn,Male,252.85.225.2
573,Chrystel,Keling,ckelingfw@techcrunch.com,Female,1.225.109.95
574,Hermann,Latty,hlattyfx@go.com,Male,17.38.90.81
575,Clemmie,Tradewell,ctradewellfy@wordpress.com,Female,151.242.202.179
576,Camile,Gomby,cgombyfz@redcross.org,Female,29.46.5.245
577,Dominick,Cliff,dcliffg0@gmpg.org,Male,203.35.74.24
578,Kaye,Treweela,ktreweelag1@ihg.com,Female,14.80.93.104
579,Kaycee,Rippingale,krippingaleg2@comcast.net,Female,193.136.27.119
580,Davon,Fortune,dfortuneg3@issuu.com,Male,156.155.151.153
581,Emlyn,Percifull,epercifullg4@bing.com,Male,204.51.119.91
582,Jose,Caldero,jcalderog5@state.tx.us,Male,89.246.82.80
583,Kent,Frankom,kfrankomg6@sina.com.cn,Male,175.135.88.24
584,Sari,Lowdham,slowdhamg7@goodreads.com,Female,121.237.193.111
585,Elias,Sperrett,esperrettg8@census.gov,Male,146.251.246.47
586,Sheree,Dishmon,sdishmong9@reference.com,Female,117.235.212.62
587,Kizzie,Cayton,kcaytonga@independent.co.uk,Female,117.248.113.41
588,Cornall,Breming,cbreminggb@wired.com,Male,224.55.224.161
589,Jonis,Dumpleton,jdumpletongc@ca.gov,Female,30.85.200.252
590,Inness,Caulket,icaulketgd@examiner.com,Male,166.131.241.48
591,Wren,Keatley,wkeatleyge@ft.com,Female,163.196.161.143
592,Papagena,Boram,pboramgf@yellowpages.com,Female,130.72.43.45
593,Maridel,Bissill,mbissillgg@blogtalkradio.com,Female,165.79.70.121
594,Gerri,Pietsma,gpietsmagh@admin.ch,Female,219.158.142.63
595,Wilhelm,Carabet,wcarabetgi@joomla.org,Male,77.91.32.43
596,Sophi,Santo,ssantogj@earthlink.net,Female,109.226.118.193
597,Yehudi,Spat,yspatgk@sun.com,Male,233.201.233.218
598,Selinda,Hanhart,shanhartgl@bizjournals.com,Female,11.142.178.72
599,Natala,Schowenburg,nschowenburggm@spotify.com,Female,93.86.120.141
600,Godfrey,Van der Brugge,gvanderbruggegn@time.com,Male,252.132.147.23
601,Deloria,Gildroy,dgildroygo@yelp.com,Female,12.114.45.130
602,Cyb,Howel,chowelgp@amazon.co.uk,Agender,234.49.142.104
603,Keri,Pell,kpellgq@sogou.com,Female,165.75.212.39
604,Maxy,Gianneschi,mgianneschigr@360.cn,Polygender,144.161.171.124
605,Rickey,Du Fray,rdufraygs@163.com,Genderqueer,24.244.169.48
606,Daryn,Lghan,dlghangt@google.es,Female,211.170.79.255
607,Lonee,Alway,lalwaygu@usatoday.com,Genderqueer,165.54.176.234
608,Verna,Greson,vgresongv@vk.com,Female,19.20.22.247
609,Pris,Ingleston,pinglestongw@desdev.cn,Female,158.113.192.68
610,Casandra,Pavlitschek,cpavlitschekgx@dailymail.co.uk,Female,21.148.23.132
611,Bevon,Wasling,bwaslinggy@friendfeed.com,Male,8.30.124.22
612,Marley,Melwall,mmelwallgz@google.com.hk,Female,23.51.208.109
613,Jolie,Courtese,jcourteseh0@shop-pro.jp,Female,18.30.16.168
614,Lexie,Northridge,lnorthridgeh1@psu.edu,Non-binary,14.44.109.171
615,Nicolis,Fredi,nfredih2@bravesites.com,Male,184.70.40.64
616,Daveen,Chavrin,dchavrinh3@europa.eu,Female,129.135.84.163
617,Doris,Dooland,ddoolandh4@github.io,Non-binary,111.88.249.222
618,Brittany,Jumonet,bjumoneth5@ameblo.jp,Female,172.227.117.122
619,Town,Braithwait,tbraithwaith6@examiner.com,Male,171.166.143.39
620,Norbie,McClosh,nmccloshh7@hhs.gov,Genderqueer,98.180.130.218
621,Jillian,Bonhomme,jbonhommeh8@earthlink.net,Female,74.123.166.67
622,Lucho,Maisey,lmaiseyh9@wikipedia.org,Male,202.84.142.38
623,Towney,Enterlein,tenterleinha@tmall.com,Male,242.14.100.164
624,Ferdinande,Seaking,fseakinghb@networksolutions.com,Female,211.81.136.244
625,Merla,Dews,mdewshc@zimbio.com,Female,197.32.47.77
626,Rip,Grinsted,rgrinstedhd@histats.com,Bigender,226.197.12.251
627,Coletta,Bon,cbonhe@360.cn,Female,208.125.167.254
628,Ricki,Meadmore,rmeadmorehf@paypal.com,Female,113.10.124.86
629,Milissent,Dulanty,mdulantyhg@yale.edu,Agender,58.45.182.207
630,Sella,Fernez,sfernezhh@soup.io,Female,70.101.241.239
631,Godart,Glewe,gglewehi@wikispaces.com,Male,132.110.29.239
632,Thorsten,Tureville,tturevillehj@hhs.gov,Agender,61.9.86.222
633,Damien,Bartalini,dbartalinihk@craigslist.org,Non-binary,179.165.52.202
634,Euell,Widdowes,ewiddoweshl@soup.io,Male,160.130.65.248
635,Carolan,Gotts,cgottshm@illinois.edu,Female,50.47.201.45
636,Evaleen,Grayer,egrayerhn@mtv.com,Female,231.26.202.39
637,Vannie,Busch,vbuschho@altervista.org,Female,33.117.82.81
638,Vida,Packe,vpackehp@yahoo.co.jp,Female,45.115.202.134
639,Ruby,Corpes,rcorpeshq@blog.com,Male,225.192.46.92
640,Tera,Peplaw,tpeplawhr@pbs.org,Female,66.239.2.254
641,Alistair,Ruppert,arupperths@quantcast.com,Male,173.158.212.240
642,Norry,Gerardin,ngerardinht@howstuffworks.com,Male,4.16.24.82
643,Lonee,Leathley,lleathleyhu@icio.us,Female,67.190.196.198
644,Thorpe,Matokhnin,tmatokhninhv@opera.com,Male,218.32.158.141
645,Mendy,Jeffray,mjeffrayhw@google.ru,Male,52.119.84.149
646,Agnes,Gut,aguthx@soundcloud.com,Female,73.149.28.96
647,Cecile,Witcher,cwitcherhy@ucla.edu,Female,83.207.232.226
648,Armin,McAlinden,amcalindenhz@unc.edu,Male,152.243.131.193
649,Olvan,Frangione,ofrangionei0@google.com.au,Male,129.54.133.197
650,Vivian,Moylane,vmoylanei1@wikipedia.org,Female,47.221.247.213
651,Meggie,De Meyer,mdemeyeri2@myspace.com,Female,166.93.160.90
652,Jobey,Delahunty,jdelahuntyi3@histats.com,Non-binary,171.13.6.33
653,Kellyann,Tillyer,ktillyeri4@admin.ch,Non-binary,219.72.29.140
654,Gerek,Newns,gnewnsi5@kickstarter.com,Male,194.155.149.214
655,Hersh,Eborn,heborni6@narod.ru,Male,173.212.13.234
656,Cammy,Kirrens,ckirrensi7@privacy.gov.au,Female,42.167.76.2
657,Viviyan,Scapelhorn,vscapelhorni8@yellowbook.com,Female,227.175.133.33
658,Ginger,Kerrey,gkerreyi9@stanford.edu,Male,68.83.155.76
659,Kym,Davage,kdavageia@sakura.ne.jp,Female,179.251.172.176
660,Shae,Roskam,sroskamib@tuttocitta.it,Female,61.203.59.184
661,Eadie,Greenfield,egreenfieldic@blogs.com,Female,56.35.120.58
662,Christie,Cammacke,ccammackeid@statcounter.com,Female,87.227.94.88
663,Stephanus,Betteson,sbettesonie@sakura.ne.jp,Male,76.237.73.145
664,Morley,Matley,mmatleyif@elpais.com,Male,80.142.31.22
665,Samara,Stockman,sstockmanig@dailymotion.com,Female,116.136.230.61
666,Eveline,Skillington,eskillingtonih@youtu.be,Female,114.39.33.150
667,Justis,Desport,jdesportii@smugmug.com,Male,71.88.49.204
668,Vittorio,Ahlin,vahlinij@storify.com,Male,0.156.35.189
669,Avery,Vial,avialik@bloglovin.com,Male,98.194.49.123
670,Brunhilda,Weddell,bweddellil@dot.gov,Female,196.173.182.54
671,Madlin,Pohling,mpohlingim@phoca.cz,Female,223.240.193.88
672,Lolly,Bawles,lbawlesin@flavors.me,Female,135.203.229.21
673,Maryellen,Shemelt,mshemeltio@rambler.ru,Female,157.70.76.20
674,Chloris,Hiorn,chiornip@wikia.com,Female,114.111.38.186
675,Nata,Simonard,nsimonardiq@slashdot.org,Female,209.34.150.4
676,Vittorio,Lohrensen,vlohrensenir@unc.edu,Male,47.182.111.12
677,Christi,Wheatman,cwheatmanis@i2i.jp,Female,202.17.162.22
678,Worth,Colby,wcolbyit@npr.org,Male,87.8.169.171
679,Humberto,Frede,hfredeiu@china.com.cn,Bigender,43.228.250.236
680,Ilysa,Schoffler,ischoffleriv@joomla.org,Female,87.54.195.166
681,Fitz,Hyett,fhyettiw@bloglovin.com,Male,194.128.6.236
682,Clay,Devonport,cdevonportix@privacy.gov.au,Male,77.196.192.207
683,Heinrick,Caughte,hcaughteiy@meetup.com,Genderfluid,26.28.239.176
684,Nixie,Esilmon,nesilmoniz@cnbc.com,Female,145.60.108.238
685,Cleve,Hapke,chapkej0@webeden.co.uk,Male,88.200.47.188
686,Hewett,Kaveney,hkaveneyj1@goo.gl,Male,234.47.145.134
687,Quint,Pruvost,qpruvostj2@tumblr.com,Male,17.73.205.9
688,Mariejeanne,Busk,mbuskj3@google.ca,Polygender,72.55.169.216
689,Herc,Leeds,hleedsj4@meetup.com,Male,198.217.231.79
690,Rhody,Bartzen,rbartzenj5@netvibes.com,Female,123.47.164.135
691,Fifine,Pontefract,fpontefractj6@dyndns.org,Female,73.127.151.104
692,Andra,Soles,asolesj7@tumblr.com,Female,241.95.0.3
693,Rozele,Jancic,rjancicj8@sitemeter.com,Female,224.144.169.171
694,Nicolas,Reeders,nreedersj9@japanpost.jp,Male,150.115.56.138
695,Katherina,Allin,kallinja@cam.ac.uk,Female,225.192.8.68
696,Lorry,Blaase,lblaasejb@umich.edu,Male,100.138.138.163
697,Kiel,Revance,krevancejc@wired.com,Male,160.25.227.218
698,Stephana,Sulley,ssulleyjd@fc2.com,Female,14.20.86.149
699,Didi,Brownsworth,dbrownsworthje@comsenz.com,Non-binary,155.182.167.74
700,Goldie,Tasseler,gtasselerjf@hp.com,Polygender,204.110.143.112
701,Douglass,Pes,dpesjg@cdbaby.com,Male,126.252.172.228
702,Rosanna,Sibyllina,rsibyllinajh@ca.gov,Bigender,221.152.247.226
703,Kinsley,Assante,kassanteji@clickbank.net,Bigender,75.241.250.200
704,Winfred,Cartmale,wcartmalejj@prnewswire.com,Male,141.160.134.236
705,Ashien,McLugish,amclugishjk@blogger.com,Female,14.37.150.19
706,Ambrosio,Harbidge,aharbidgejl@dropbox.com,Male,143.129.76.60
707,Maje,Hedylstone,mhedylstonejm@fastcompany.com,Male,164.190.254.74
708,Koressa,Spickett,kspickettjn@4shared.com,Female,122.70.169.116
709,Lazar,Vanns,lvannsjo@google.pl,Male,162.5.230.185
710,Alon,Codeman,acodemanjp@symantec.com,Male,35.176.114.232
711,Rochella,Reay,rreayjq@whitehouse.gov,Female,151.153.223.188
712,Latia,Baswall,lbaswalljr@joomla.org,Female,21.170.130.6
713,Joell,Sowerby,jsowerbyjs@nyu.edu,Female,6.54.88.28
714,Clair,Postles,cpostlesjt@cdc.gov,Female,124.242.90.208
715,Sergent,Trimble,strimbleju@examiner.com,Male,167.21.81.126
716,Vittorio,Trumpeter,vtrumpeterjv@pinterest.com,Male,208.152.255.131
717,Aylmar,Doogan,adooganjw@networksolutions.com,Male,46.22.51.80
718,Hamilton,Goldspink,hgoldspinkjx@ebay.co.uk,Male,137.78.166.31
719,Hank,Rawson,hrawsonjy@ow.ly,Male,235.254.3.163
720,Thayne,Tidder,ttidderjz@si.edu,Bigender,66.233.250.186
721,Pauly,Smoote,psmootek0@jimdo.com,Female,139.152.241.249
722,Budd,Branca,bbrancak1@nsw.gov.au,Male,81.54.197.48
723,Norton,Barnet,nbarnetk2@skyrock.com,Male,153.12.142.83
724,Maighdiln,Eneas,meneask3@moonfruit.com,Female,34.92.197.233
725,Lincoln,Tesmond,ltesmondk4@google.com.br,Agender,195.150.146.120
726,Maitilde,Reece,mreecek5@skype.com,Female,83.121.249.34
727,Elisa,Dy,edyk6@technorati.com,Female,119.115.93.94
728,Iain,De La Haye,idelahayek7@technorati.com,Male,221.205.228.168
729,Jessica,Lantry,jlantryk8@addtoany.com,Female,243.14.204.67
730,Brigit,Vaz,bvazk9@jimdo.com,Female,207.44.136.5
731,Hamnet,Heggs,hheggska@fastcompany.com,Male,153.128.155.180
732,Karlens,Mylechreest,kmylechreestkb@va.gov,Male,142.243.185.207
733,Mireielle,Seward,msewardkc@acquirethisname.com,Polygender,67.21.253.127
734,Cyrille,Pietrowski,cpietrowskikd@rambler.ru,Male,39.22.142.2
735,Dory,Labrum,dlabrumke@tinyurl.com,Female,54.8.13.190
736,Rollin,Fishley,rfishleykf@creativecommons.org,Male,241.95.231.44
737,Henry,Remington,hremingtonkg@reddit.com,Male,2.235.136.148
738,Amargo,Cornier,acornierkh@yolasite.com,Female,248.105.191.58
739,Karyn,Pomfrett,kpomfrettki@xing.com,Female,209.90.144.60
740,Jenelle,Jaspar,jjasparkj@princeton.edu,Female,116.184.178.252
741,Forbes,MacKimm,fmackimmkk@dropbox.com,Male,151.25.209.74
742,Guillemette,Awin,gawinkl@uiuc.edu,Female,47.252.109.126
743,Louisette,Moncarr,lmoncarrkm@abc.net.au,Female,99.4.201.246
744,Madelene,Ickovicz,mickoviczkn@mediafire.com,Female,186.43.20.213
745,Christine,Quilleash,cquilleashko@diigo.com,Female,15.158.102.215
746,Rory,Daouse,rdaousekp@shareasale.com,Male,9.107.35.103
747,Kelvin,Leber,kleberkq@yale.edu,Male,207.42.145.27
748,Ula,Obell,uobellkr@gnu.org,Female,0.143.92.247
749,Brose,Badcock,bbadcockks@squarespace.com,Male,243.17.241.181
750,Sheff,Byrom,sbyromkt@npr.org,Male,251.217.221.134
751,Vittoria,Morilla,vmorillaku@biglobe.ne.jp,Female,166.186.51.91
752,Starlin,Jorn,sjornkv@elpais.com,Female,108.78.173.99
753,Brok,Grute,bgrutekw@netvibes.com,Male,206.21.99.150
754,Holmes,Dahlback,hdahlbackkx@storify.com,Male,68.89.46.135
755,Kingston,Benne,kbenneky@istockphoto.com,Male,57.208.222.120
756,Eulalie,Cowill,ecowillkz@yahoo.com,Female,21.133.154.2
757,Rosamund,Dalyell,rdalyelll0@comcast.net,Female,62.227.241.108
758,Arlin,Holston,aholstonl1@cnbc.com,Genderqueer,95.35.70.121
759,Lanae,Hendricks,lhendricksl2@studiopress.com,Female,227.144.212.79
760,Carolus,Gniewosz,cgniewoszl3@epa.gov,Male,111.175.196.32
761,Deb,Braam,dbraaml4@unblog.fr,Female,171.242.156.246
762,Beaufort,Shields,bshieldsl5@wunderground.com,Male,157.99.28.225
763,Ashlin,Cleef,acleefl6@gravatar.com,Male,47.87.215.95
764,Yoshi,Comrie,ycomriel7@bizjournals.com,Agender,228.62.25.132
765,Glendon,Armour,garmourl8@usda.gov,Male,12.182.74.151
766,Trstram,Mallows,tmallowsl9@tinypic.com,Male,192.23.8.149
767,Wynnie,Kenwright,wkenwrightla@howstuffworks.com,Female,234.205.23.125
768,Verine,Chaplin,vchaplinlb@jimdo.com,Genderfluid,19.152.68.222
769,Davidson,Dymock,ddymocklc@timesonline.co.uk,Male,147.18.251.69
770,Rod,Sampson,rsampsonld@craigslist.org,Male,64.37.255.196
771,Terrence,Lamberts,tlambertsle@elpais.com,Male,164.133.33.60
772,Brannon,Ham,bhamlf@facebook.com,Male,173.163.40.112
773,Jedediah,Hounihan,jhounihanlg@newyorker.com,Male,170.123.12.39
774,Randy,Gillicuddy,rgillicuddylh@freewebs.com,Female,188.129.217.137
775,Carole,Iddiens,ciddiensli@jugem.jp,Female,114.8.34.207
776,Charleen,Pinn,cpinnlj@timesonline.co.uk,Female,35.131.83.221
777,Rodolph,Eilles,reilleslk@reuters.com,Male,196.133.148.231
778,Darcey,Tardiff,dtardiffll@nymag.com,Female,56.209.36.108
779,Dolph,Mault,dmaultlm@jugem.jp,Male,126.101.216.191
780,Susi,Axton,saxtonln@globo.com,Female,205.149.177.71
781,Bald,Boyton,bboytonlo@qq.com,Male,123.32.1.241
782,Corabelle,Belward,cbelwardlp@wordpress.org,Female,114.36.180.184
783,Jarrad,Wallicker,jwallickerlq@oracle.com,Male,179.149.224.216
784,Amye,Dovington,adovingtonlr@fema.gov,Female,141.169.204.21
785,Garald,Helin,ghelinls@bravesites.com,Male,97.213.18.145
786,Domenic,Purslow,dpurslowlt@ebay.com,Male,119.35.95.99
787,Ogdan,Glacken,oglackenlu@europa.eu,Male,40.248.70.17
788,Daffi,Losel,dlosellv@blogtalkradio.com,Female,89.253.187.68
789,Enos,Sandell,esandelllw@mozilla.com,Male,246.70.105.160
790,Cathyleen,Roiz,croizlx@ca.gov,Female,122.208.99.215
791,Nikos,Quibell,nquibellly@yelp.com,Male,89.255.144.230
792,Ashly,Catley,acatleylz@dot.gov,Female,23.89.198.4
793,Chloette,Standidge,cstandidgem0@networkadvertising.org,Female,150.12.62.2
794,Mira,De Caroli,mdecarolim1@zdnet.com,Female,147.83.4.246
795,Angelina,Van Hault,avanhaultm2@opera.com,Female,119.148.177.175
796,Bald,Gallandre,bgallandrem3@4shared.com,Genderfluid,161.60.72.42
797,Elmira,McAneny,emcanenym4@china.com.cn,Female,225.1.240.152
798,Cirillo,Higgonet,chiggonetm5@taobao.com,Male,127.250.250.44
799,Erick,Corderoy,ecorderoym6@go.com,Male,203.175.176.92
800,Juan,Longford,jlongfordm7@google.ru,Male,111.215.177.220
801,Clareta,Hayhow,chayhowm8@dagondesign.com,Female,233.216.230.184
802,Rosabella,Cartwight,rcartwightm9@typepad.com,Female,132.124.255.188
803,Leta,Bennike,lbennikema@vimeo.com,Genderqueer,15.229.81.235
804,Wash,Crosdill,wcrosdillmb@reddit.com,Male,255.151.76.167
805,Douglas,Leuren,dleurenmc@va.gov,Male,32.100.11.46
806,Ediva,Stolte,estoltemd@creativecommons.org,Female,234.37.194.47
807,Portia,McGiff,pmcgiffme@cdc.gov,Female,124.62.150.109
808,Vyky,Lebel,vlebelmf@bigcartel.com,Female,59.42.123.11
809,Halsy,Stevings,hstevingsmg@nih.gov,Male,160.180.196.64
810,Rachael,Finessy,rfinessymh@slate.com,Genderqueer,28.27.37.101
811,Remus,Affleck,raffleckmi@amazon.com,Male,63.201.105.72
812,Loleta,Moulin,lmoulinmj@free.fr,Female,109.112.239.166
813,Randie,Jentgens,rjentgensmk@umich.edu,Genderqueer,166.51.72.159
814,Caril,Ransley,cransleyml@bbb.org,Female,34.108.105.232
815,Gertrude,Bundy,gbundymm@boston.com,Female,102.25.95.25
816,Cross,Duran,cduranmn@toplist.cz,Male,39.210.240.2
817,Holt,Quickenden,hquickendenmo@cnet.com,Male,73.72.92.102
818,Raven,Forber,rforbermp@ft.com,Female,131.232.215.97
819,Bryna,MacCosty,bmaccostymq@miitbeian.gov.cn,Female,168.101.9.176
820,Teodoro,Redwood,tredwoodmr@addtoany.com,Male,36.94.29.76
821,Brendis,Dusey,bduseyms@cafepress.com,Male,160.250.217.223
822,Phylis,Halpin,phalpinmt@nbcnews.com,Female,251.200.87.44
823,Stephani,Troutbeck,stroutbeckmu@tinyurl.com,Female,209.118.79.249
824,Orton,Reedick,oreedickmv@oracle.com,Male,43.219.118.74
825,Cosme,Gooke,cgookemw@archive.org,Male,90.15.8.138
826,Harwilll,Beves,hbevesmx@google.com,Male,241.245.87.58
827,Warren,Gable,wgablemy@goo.ne.jp,Male,200.204.69.42
828,Francine,Scates,fscatesmz@cbslocal.com,Female,118.203.22.26
829,Giulia,Pursehouse,gpursehousen0@google.ca,Female,131.133.171.168
830,Elvin,Abramowsky,eabramowskyn1@cnbc.com,Male,196.209.156.61
831,Robers,Bonnar,rbonnarn2@washingtonpost.com,Male,180.21.47.195
832,Jule,Goakes,jgoakesn3@salon.com,Male,140.195.91.198
833,Odille,Grimbaldeston,ogrimbaldestonn4@netscape.com,Female,189.112.247.213
834,Ignatius,Wasselin,iwasselinn5@umich.edu,Genderfluid,14.26.26.106
835,Miguel,Miell,mmielln6@intel.com,Male,27.38.99.36
836,Nina,Vane,nvanen7@state.tx.us,Female,153.237.217.236
837,Vaughan,Grut,vgrutn8@discuz.net,Male,255.227.239.170
838,Roderic,Baumadier,rbaumadiern9@hc360.com,Male,88.119.249.82
839,Randi,Teers,rteersna@engadget.com,Female,81.28.114.46
840,Berny,Crock,bcrocknb@wired.com,Female,48.137.216.92
841,Cleon,Cobby,ccobbync@so-net.ne.jp,Male,51.97.83.137
842,Filmer,Romei,fromeind@squarespace.com,Male,74.3.50.149
843,Selena,Putt,sputtne@wp.com,Female,125.230.195.231
844,Lexie,Ghirardi,lghirardinf@washington.edu,Female,195.34.167.73
845,Katina,Greenaway,kgreenawayng@upenn.edu,Female,178.252.102.127
846,Gerek,Kneal,gknealnh@cornell.edu,Male,139.3.134.216
847,Arne,MacDirmid,amacdirmidni@ca.gov,Male,43.161.27.98
848,Petey,Lamey,plameynj@histats.com,Genderfluid,136.175.159.162
849,Adrien,McIver,amcivernk@domainmarket.com,Male,237.166.167.98
850,Enriqueta,Trammel,etrammelnl@rakuten.co.jp,Female,70.249.93.252
851,Spence,Gorse,sgorsenm@marriott.com,Male,242.197.104.28
852,Antony,Carlesso,acarlessonn@cafepress.com,Male,107.37.94.88
853,Farrell,Scoble,fscobleno@marriott.com,Male,207.25.120.144
854,Pooh,Cerie,pcerienp@google.de,Female,78.223.41.70
855,Jamal,Sammons,jsammonsnq@g.co,Genderqueer,13.147.77.122
856,Emalee,Gehrts,egehrtsnr@list-manage.com,Female,67.5.176.96
857,Ellswerth,Kimbley,ekimbleyns@ucoz.ru,Agender,18.40.47.63
858,Giacobo,Valett,gvalettnt@skype.com,Male,20.54.146.134
859,Aleece,Giorio,agiorionu@archive.org,Female,230.108.98.204
860,Erskine,Belliveau,ebelliveaunv@addtoany.com,Male,116.124.222.180
861,Eleonora,Probets,eprobetsnw@mtv.com,Non-binary,227.253.202.78
862,Mic,Woodfield,mwoodfieldnx@networkadvertising.org,Genderfluid,179.154.228.185
863,Leigh,Basini-Gazzi,lbasinigazziny@japanpost.jp,Female,51.236.223.75
864,Enrichetta,Streeting,estreetingnz@gov.uk,Female,195.99.174.181
865,Brannon,Rangeley,brangeleyo0@nyu.edu,Male,75.143.220.107
866,Nev,Chinnock,nchinnocko1@typepad.com,Male,192.182.19.227
867,Vite,Schimke,vschimkeo2@cdbaby.com,Male,25.2.252.105
868,Anna-diane,Empringham,aempringhamo3@pcworld.com,Female,12.207.23.37
869,Judye,Finlayson,jfinlaysono4@virginia.edu,Female,72.247.127.84
870,Cari,de Zamora,cdezamorao5@bloglovin.com,Female,182.236.176.23
871,Levey,Del Dello,ldeldelloo6@latimes.com,Male,24.4.169.145
872,Sidney,Powling,spowlingo7@51.la,Male,24.20.147.219
873,Dottie,Russo,drussoo8@blogtalkradio.com,Female,91.167.85.144
874,Riobard,Beckerleg,rbeckerlego9@ebay.co.uk,Male,60.81.239.210
875,Millisent,Ubanks,mubanksoa@gov.uk,Female,72.51.217.215
876,Carri,Shevlin,cshevlinob@4shared.com,Female,61.102.87.37
877,Craig,Petru,cpetruoc@hatena.ne.jp,Male,12.111.99.238
878,Alaster,Walsom,awalsomod@diigo.com,Male,49.231.49.250
879,Myra,Izkoveski,mizkoveskioe@symantec.com,Female,197.243.63.9
880,Keir,Veitch,kveitchof@wikipedia.org,Male,255.26.18.230
881,Ellerey,Ingleson,einglesonog@amazon.co.jp,Male,123.146.166.33
882,Sherry,O'Fairy,sofairyoh@sina.com.cn,Female,195.187.180.72
883,Reina,Seleway,rselewayoi@amazon.de,Bigender,245.164.34.150
884,Erhart,Laurenzi,elaurenzioj@hhs.gov,Male,221.186.251.176
885,Tuck,Mort,tmortok@nsw.gov.au,Male,43.86.178.201
886,Lynnett,Whyteman,lwhytemanol@eepurl.com,Female,47.68.2.229
887,Jennee,Spaunton,jspauntonom@yale.edu,Female,34.63.68.160
888,Tucky,Dowles,tdowleson@fastcompany.com,Male,51.168.136.37
889,Parry,Efford,peffordoo@redcross.org,Male,189.157.110.213
890,Otto,Craufurd,ocraufurdop@bbb.org,Male,253.240.119.160
891,Roseann,Stollenwerck,rstollenwerckoq@chicagotribune.com,Female,113.138.71.214
892,Bing,Ansett,bansettor@gmpg.org,Male,81.108.254.189
893,Vance,Dwelling,vdwellingos@fema.gov,Male,11.251.236.7
894,Winifred,Giacobbo,wgiacobboot@squidoo.com,Genderqueer,66.24.255.219
895,Rey,Link,rlinkou@walmart.com,Female,26.199.249.24
896,Irena,Tredinnick,itredinnickov@europa.eu,Female,177.4.109.77
897,Karylin,MacCarlich,kmaccarlichow@loc.gov,Female,80.143.194.231
898,Rafaelia,Haugh,rhaughox@acquirethisname.com,Genderfluid,59.164.108.152
899,Hilliard,Cardiff,hcardiffoy@gizmodo.com,Male,228.149.228.230
900,Blisse,Bursnell,bbursnelloz@miibeian.gov.cn,Female,163.208.188.3
901,Kin,Binstead,kbinsteadp0@webeden.co.uk,Male,158.46.185.26
902,Ardenia,Prayer,aprayerp1@latimes.com,Female,88.132.241.204
903,Candida,Straneo,cstraneop2@mediafire.com,Female,219.185.59.129
904,Addie,Wyldish,awyldishp3@msu.edu,Female,130.34.80.239
905,Leif,Cranney,lcranneyp4@squarespace.com,Male,180.53.33.192
906,Hadrian,Buddington,hbuddingtonp5@wix.com,Male,140.193.221.142
907,Sibella,Saull,ssaullp6@house.gov,Female,34.107.10.205
908,Michell,Cordova,mcordovap7@buzzfeed.com,Female,52.121.149.250
909,Lilas,Goomes,lgoomesp8@sogou.com,Female,29.59.100.250
910,Currie,Catterson,ccattersonp9@dagondesign.com,Male,128.194.147.222
911,Kelley,Whayman,kwhaymanpa@cyberchimps.com,Male,158.83.158.221
912,Menard,Hindsberg,mhindsbergpb@edublogs.org,Male,10.155.62.101
913,Sawyere,Defraine,sdefrainepc@rediff.com,Genderqueer,198.115.223.58
914,Sarena,Mathelon,smathelonpd@dailymotion.com,Female,54.69.199.233
915,Raynor,Ponter,rponterpe@zdnet.com,Male,144.120.115.174
916,Gabriella,Sugarman,gsugarmanpf@squidoo.com,Female,124.165.46.103
917,Barrie,Coiley,bcoileypg@ask.com,Male,41.9.188.12
918,Tobe,Stearn,tstearnph@hhs.gov,Female,60.168.222.149
919,Dawn,Breinl,dbreinlpi@xinhuanet.com,Female,173.83.254.59
920,Wolfie,Cattermull,wcattermullpj@noaa.gov,Bigender,196.139.150.130
921,Hastings,Crozier,hcrozierpk@stumbleupon.com,Male,179.42.132.45
922,Lamar,Segrave,lsegravepl@nydailynews.com,Male,179.186.250.86
923,Mickie,Gyves,mgyvespm@sfgate.com,Agender,193.212.161.5
924,Jacki,Carme,jcarmepn@umich.edu,Bigender,238.22.184.68
925,Othilia,Pichan,opichanpo@berkeley.edu,Female,61.96.15.234
926,Sayre,Brok,sbrokpp@reuters.com,Male,184.71.83.146
927,Locke,Vallintine,lvallintinepq@comcast.net,Bigender,126.69.38.153
928,Mack,Geldard,mgeldardpr@china.com.cn,Male,162.194.246.252
929,Meagan,Spradbery,mspradberyps@utexas.edu,Female,198.245.155.90
930,Joscelin,Eeles,jeelespt@yale.edu,Female,75.4.78.125
931,Nickolai,Ingleston,ninglestonpu@sfgate.com,Male,173.62.134.90
932,Jermaine,Scarlon,jscarlonpv@reddit.com,Male,218.171.119.190
933,Kanya,Flatley,kflatleypw@businessinsider.com,Female,40.65.182.180
934,Gallard,Downe,gdownepx@google.com.hk,Male,249.68.92.56
935,Caterina,Ellson,cellsonpy@imdb.com,Female,155.243.182.153
936,Bertrand,Metheringham,bmetheringhampz@statcounter.com,Male,241.18.7.116
937,Rivalee,Djuricic,rdjuricicq0@paypal.com,Female,241.39.172.154
938,Chucho,Balnave,cbalnaveq1@lycos.com,Male,158.123.57.124
939,Wayland,Saer,wsaerq2@forbes.com,Male,12.80.255.189
940,Amandi,Maleney,amaleneyq3@aboutads.info,Female,143.29.105.61
941,Artemis,Payley,apayleyq4@ted.com,Male,12.102.61.36
942,Blane,Beastall,bbeastallq5@purevolume.com,Polygender,64.132.222.251
943,Wolfy,Ions,wionsq6@tmall.com,Non-binary,15.135.25.79
944,Ninnetta,Hallut,nhallutq7@newsvine.com,Female,223.78.70.19
945,Judon,Causley,jcausleyq8@dmoz.org,Male,15.154.74.115
946,Hyacintha,Palmby,hpalmbyq9@surveymonkey.com,Female,192.13.104.60
947,Free,Westfalen,fwestfalenqa@icq.com,Male,160.61.128.70
948,Beryle,Paddeley,bpaddeleyqb@arstechnica.com,Female,210.16.248.70
949,Yankee,Constance,yconstanceqc@is.gd,Male,114.227.77.19
950,Merrel,Crommett,mcrommettqd@pen.io,Male,126.80.239.177
951,Clyde,Chessill,cchessillqe@mit.edu,Male,89.93.2.206
952,Maiga,Arson,marsonqf@cnn.com,Female,183.242.206.84
953,Cyb,Neumann,cneumannqg@dell.com,Female,253.215.132.141
954,Valentijn,Anchor,vanchorqh@networkadvertising.org,Male,22.96.32.5
955,Somerset,Friel,sfrielqi@photobucket.com,Male,41.161.94.49
956,Titus,Puckey,tpuckeyqj@si.edu,Genderfluid,90.94.223.92
957,Dee dee,Zanettini,dzanettiniqk@delicious.com,Female,214.115.32.33
958,Valeda,Emtage,vemtageql@hexun.com,Female,25.100.254.6
959,Marlin,Minigo,mminigoqm@oracle.com,Genderqueer,14.89.249.243
960,Loretta,Hornbuckle,lhornbuckleqn@people.com.cn,Female,194.7.125.164
961,Davie,Daines,ddainesqo@google.com,Male,147.50.25.100
962,Lory,Sturte,lsturteqp@senate.gov,Female,109.175.54.74
963,Elora,Paolini,epaoliniqq@marketwatch.com,Female,208.109.252.52
964,Yevette,Garaway,ygarawayqr@cargocollective.com,Female,138.23.9.27
965,Joye,Abrahamsohn,jabrahamsohnqs@discuz.net,Female,191.170.27.254
966,Augustus,Antusch,aantuschqt@google.com.hk,Male,191.6.105.58
967,Hogan,Hulme,hhulmequ@trellian.com,Male,184.252.131.47
968,Glad,Drohan,gdrohanqv@artisteer.com,Female,121.43.215.151
969,Daisie,Pichmann,dpichmannqw@rambler.ru,Bigender,239.3.88.161
970,Clarance,Cubbinelli,ccubbinelliqx@wufoo.com,Male,183.187.241.198
971,Perren,Kluge,pklugeqy@ucla.edu,Male,147.24.54.100
972,Jolie,Sacher,jsacherqz@mapy.cz,Female,228.43.150.154
973,Adolphus,Jurczyk,ajurczykr0@phpbb.com,Male,23.150.211.23
974,Thaine,Shackleford,tshacklefordr1@e-recht24.de,Male,48.48.20.0
975,Halette,Dungay,hdungayr2@g.co,Female,207.149.102.141
976,Danyette,Stollsteiner,dstollsteinerr3@nydailynews.com,Female,117.101.228.167
977,Cordey,Bickerdike,cbickerdiker4@boston.com,Female,247.78.233.40
978,Mala,Hinrichsen,mhinrichsenr5@marketwatch.com,Female,34.181.251.35
979,Serene,Burston,sburstonr6@icq.com,Female,63.25.102.110
980,Dolly,Bims,dbimsr7@illinois.edu,Female,28.115.44.132
981,Darell,Heino,dheinor8@e-recht24.de,Female,254.82.197.171
982,Patrizio,Keets,pkeetsr9@edublogs.org,Male,7.60.220.8
983,Marsiella,Camden,mcamdenra@java.com,Female,31.82.12.96
984,Crawford,Hassett,chassettrb@theatlantic.com,Male,26.170.25.95
985,Dorelle,Samworth,dsamworthrc@comcast.net,Female,111.0.215.238
986,Myrtice,Beveridge,mbeveridgerd@blogspot.com,Female,28.22.248.7
987,Sibyl,Cackett,scackettre@bizjournals.com,Female,16.103.64.255
988,Maggy,Clapison,mclapisonrf@1und1.de,Female,71.244.162.137
989,Marion,Grigoliis,mgrigoliisrg@nsw.gov.au,Female,103.101.16.193
990,Evangelina,Hucke,ehuckerh@prlog.org,Female,78.252.136.172
991,Gwennie,Howship,ghowshipri@barnesandnoble.com,Polygender,15.109.44.160
992,Bondie,Tincey,btinceyrj@mit.edu,Genderqueer,77.225.159.199
993,Jacquie,Treslove,jtresloverk@google.cn,Female,83.189.186.204
994,Nathanael,Waterhouse,nwaterhouserl@japanpost.jp,Male,174.67.222.245
995,Ignazio,Kinnard,ikinnardrm@livejournal.com,Male,76.105.79.139
996,Sibylla,Bleackley,sbleackleyrn@netscape.com,Female,171.188.243.145
997,Ariela,Vassel,avasselro@ask.com,Female,143.79.212.68
998,Adriaens,Ragge,araggerp@macromedia.com,Female,16.32.7.95
999,Leigha,Fontenot,lfontenotrq@marriott.com,Female,239.23.94.233
1000,Aurelie,Murr,amurrrr@webmd.com,Female,34.124.198.104
