id,first_name,last_name,email,gender,ip_address
1,Lyman,Daveley,ldaveley0@free.fr,Male,175.40.59.117
2,Tamma,Glavis,tglavis1@tmall.com,Female,5.251.244.93
3,Jens,Wilkinson,jwilkinson2@weebly.com,Male,155.243.193.221
4,Huntley,Pratten,hpratten3@hubpages.com,Male,135.145.152.84
5,Mellie,Ovenell,movenell4@unesco.org,Female,235.80.14.252
6,Stanford,Segeswoeth,ssegeswoeth5@chronoengine.com,Male,0.218.124.14
7,Shepperd,Garrold,sgarrold6@hao123.com,Male,122.242.102.113
8,Kassandra,Dairton,kdairton7@rakuten.co.jp,Female,59.115.242.12
9,Stavro,Truscott,struscott8@360.cn,Male,115.237.18.58
10,Kevina,Duchart,kduchart9@nbcnews.com,Female,238.178.211.118
11,Marianna,Cottem,mcottema@nydailynews.com,Female,222.245.233.174
12,Selinda,MacAloren,smacalorenb@google.pl,Genderfluid,254.18.213.185
13,Colline,Skettles,cskettlesc@adobe.com,Female,146.78.79.27
14,Arlan,Salomon,asalomond@studiopress.com,Agender,19.190.166.216
15,Doralyn,Dutteridge,ddutteridgee@amazon.de,Female,237.28.90.35
16,Kiersten,Antram,kantramf@icio.us,Female,28.3.214.224
17,Phillipe,Poulsom,ppoulsomg@latimes.com,Male,25.24.2.236
18,Carolan,Eberz,ceberzh@narod.ru,Female,133.31.92.240
19,Dolorita,Serridge,dserridgei@mayoclinic.com,Female,91.73.164.208
20,Chas,Hinckley,chinckleyj@mozilla.org,Male,88.7.172.238
21,Huberto,Luten,hlutenk@ycombinator.com,Male,108.49.171.170
22,Garwood,Wolters,gwoltersl@ovh.net,Male,1.27.127.178
23,Konstanze,Shiell,kshiellm@sfgate.com,Female,130.244.4.230
24,Rollins,O'Fogarty,rofogartyn@upenn.edu,Male,142.255.88.65
25,Danny,Dunckley,ddunckleyo@prweb.com,Male,12.13.226.106
26,Rea,Alton,raltonp@gravatar.com,Female,121.247.93.119
27,Olympia,Courtois,ocourtoisq@deviantart.com,Female,22.94.125.143
28,Arty,Balassi,abalassir@yahoo.co.jp,Male,238.127.170.49
29,Candide,Fairbourne,cfairbournes@networksolutions.com,Female,127.21.223.247
30,Zelig,Grishechkin,zgrishechkint@discuz.net,Male,27.125.11.3
31,Ferdinand,Senechell,fsenechellu@aol.com,Male,10.155.95.2
32,Conan,Scarratt,cscarrattv@cyberchimps.com,Male,93.251.252.64
33,Nicolle,Mullins,nmullinsw@ifeng.com,Female,97.118.211.126
34,Teodoor,Frankema,tfrankemax@upenn.edu,Male,148.202.25.115
35,Berthe,Pauwel,bpauwely@usgs.gov,Genderfluid,231.220.248.216
36,Malina,Hargroves,mhargrovesz@merriam-webster.com,Female,248.40.210.220
37,Marlo,Esslement,messlement10@prweb.com,Male,12.198.246.126
38,Terencio,de Marco,tdemarco11@chicagotribune.com,Male,15.128.76.202
39,Linnet,Agglione,lagglione12@ucoz.com,Female,193.42.150.73
40,Raphaela,Osboldstone,rosboldstone13@plala.or.jp,Female,58.208.167.42
41,Karim,Andrasch,kandrasch14@about.me,Male,30.51.131.87
42,Loren,Brammall,lbrammall15@jigsy.com,Male,32.255.41.212
43,Jasmin,Sealand,jsealand16@businessweek.com,Female,193.184.188.16
44,Eolande,Nestor,enestor17@cnet.com,Female,35.89.104.135
45,Ailey,Lacheze,alacheze18@sun.com,Genderqueer,176.76.250.214
46,Aldwin,Ivashechkin,aivashechkin19@columbia.edu,Agender,135.159.148.240
47,Jethro,Dunnett,jdunnett1a@chronoengine.com,Male,96.22.172.60
48,Margy,Febry,mfebry1b@slideshare.net,Female,138.169.214.236
49,Micky,Reschke,mreschke1c@nps.gov,Male,210.32.220.11
50,Minnaminnie,De Angelo,mdeangelo1d@ucoz.com,Female,80.30.134.63
51,Katharina,Coode,kcoode1e@google.com.br,Agender,161.40.213.96
52,Ophelia,Connechy,oconnechy1f@va.gov,Female,142.248.18.252
53,Stearne,Whannel,swhannel1g@thetimes.co.uk,Male,233.165.200.94
54,Feodor,Firebrace,ffirebrace1h@blogger.com,Male,69.51.244.85
55,Loria,Eyres,leyres1i@tuttocitta.it,Female,80.171.26.51
56,Emmalyn,Finding,efinding1j@wordpress.com,Female,239.191.253.132
57,Zerk,Bradbury,zbradbury1k@irs.gov,Male,104.225.233.93
58,Amalee,Duchasteau,aduchasteau1l@ustream.tv,Female,172.193.215.143
59,Kylynn,Crangle,kcrangle1m@rakuten.co.jp,Female,251.149.72.227
60,Mandie,McKelvey,mmckelvey1n@latimes.com,Female,93.190.149.170
61,Delinda,Dutt,ddutt1o@walmart.com,Female,145.50.253.108
62,Aurie,Rennicks,arennicks1p@google.pl,Female,10.74.231.136
63,Irene,Agass,iagass1q@reverbnation.com,Female,148.8.237.210
64,Natala,Braghini,nbraghini1r@sun.com,Female,24.58.130.217
65,Toiboid,Sharvell,tsharvell1s@zdnet.com,Male,231.204.35.152
66,Trish,Ather,tather1t@reference.com,Female,70.188.108.91
67,Natty,Batistelli,nbatistelli1u@woothemes.com,Male,221.74.117.85
68,Samson,Mogg,smogg1v@cnbc.com,Male,2.62.170.226
69,Gipsy,Rosenfelder,grosenfelder1w@sciencedaily.com,Female,237.34.253.71
70,Ardene,Desson,adesson1x@netscape.com,Genderfluid,138.20.147.129
71,Hadrian,Hopfner,hhopfner1y@smugmug.com,Male,110.1.155.255
72,Aloysia,Heintz,aheintz1z@so-net.ne.jp,Female,6.15.175.142
73,Forest,Ricart,fricart20@berkeley.edu,Male,161.87.142.102
74,Ilene,Tatem,itatem21@uiuc.edu,Female,37.49.20.157
75,Rutter,McCloughlin,rmccloughlin22@omniture.com,Male,100.130.149.99
76,Davon,Hurler,dhurler23@is.gd,Male,14.179.132.140
77,Karleen,Suffield,ksuffield24@ehow.com,Female,156.227.85.252
78,Audrie,Tollit,atollit25@google.fr,Female,91.91.206.198
79,Tabby,Tongue,ttongue26@state.tx.us,Agender,208.170.29.9
80,Georgeta,Gowers,ggowers27@imdb.com,Female,235.163.117.124
81,Morrie,Casina,mcasina28@alibaba.com,Male,237.163.35.154
82,Forbes,Illes,filles29@bloomberg.com,Male,156.180.249.31
83,Andrea,Steffens,asteffens2a@yolasite.com,Genderqueer,18.111.157.129
84,Padraic,Feasley,pfeasley2b@google.cn,Male,224.99.153.167
85,Anderson,Fonte,afonte2c@java.com,Male,129.162.115.155
86,Ailyn,Renfield,arenfield2d@4shared.com,Female,4.205.252.74
87,Yves,Woolager,ywoolager2e@google.ru,Male,20.35.155.190
88,Urbain,Ramshay,uramshay2f@prweb.com,Male,126.19.197.97
89,Naoma,Davenhall,ndavenhall2g@ucsd.edu,Female,215.109.206.25
90,Elvyn,Keizman,ekeizman2h@4shared.com,Male,45.140.196.46
91,Filmore,Zamora,fzamora2i@yellowbook.com,Male,227.145.254.227
92,Hillie,Christoforou,hchristoforou2j@infoseek.co.jp,Male,40.70.41.41
93,Ingrim,Scotti,iscotti2k@spotify.com,Male,58.12.180.43
94,Tan,Piercy,tpiercy2l@ameblo.jp,Male,148.0.10.25
95,Tarrance,Acreman,tacreman2m@elpais.com,Male,54.126.16.245
96,Roxanne,Scuse,rscuse2n@friendfeed.com,Female,247.200.184.188
97,Derick,Dahlman,ddahlman2o@php.net,Male,62.188.75.136
98,Dallis,Coronado,dcoronado2p@icio.us,Male,219.92.100.155
99,Sollie,Mohun,smohun2q@comsenz.com,Male,162.252.32.220
100,Zacherie,Gore,zgore2r@nydailynews.com,Male,131.227.216.71
101,Mahmoud,Gascone,mgascone2s@cloudflare.com,Male,220.231.4.213
102,Bryce,Careless,bcareless2t@bloglovin.com,Male,20.142.128.209
103,Eada,Kelston,ekelston2u@europa.eu,Female,199.48.224.94
104,Chanda,Elton,celton2v@t.co,Female,36.67.69.154
105,Claudia,McNiven,cmcniven2w@businessinsider.com,Female,121.48.227.227
106,Neel,Lovegrove,nlovegrove2x@cocolog-nifty.com,Male,149.81.182.84
107,Hershel,Medina,hmedina2y@liveinternet.ru,Male,247.30.239.250
108,Emylee,Roddick,eroddick2z@biglobe.ne.jp,Female,184.80.116.252
109,Barney,Briiginshaw,bbriiginshaw30@newsvine.com,Male,226.204.172.199
110,Rahel,Daverin,rdaverin31@foxnews.com,Female,179.196.120.128
111,Jameson,Staggs,jstaggs32@msn.com,Male,214.141.178.173
112,Bobbette,Gregg,bgregg33@indiatimes.com,Female,67.124.223.93
113,Conrado,Bohlens,cbohlens34@jigsy.com,Bigender,115.250.28.193
114,Barnaby,Warr,bwarr35@is.gd,Male,123.54.52.33
115,Burt,Manifield,bmanifield36@hexun.com,Male,170.116.31.147
116,Malanie,Ecles,mecles37@nasa.gov,Female,199.154.1.195
117,Papagena,Moxon,pmoxon38@chron.com,Female,182.106.240.131
118,Charlotta,Majury,cmajury39@businesswire.com,Female,26.187.21.202
119,Malinde,Quilter,mquilter3a@google.ru,Female,70.171.236.91
120,Collen,Durrant,cdurrant3b@nasa.gov,Female,52.221.194.226
121,Leeland,Brandle,lbrandle3c@jugem.jp,Male,52.210.248.206
122,Red,Senecaut,rsenecaut3d@google.co.uk,Male,10.198.99.37
123,Devina,Warfield,dwarfield3e@ed.gov,Female,138.251.162.64
124,Galvan,Mandry,gmandry3f@bloglines.com,Male,251.213.86.156
125,Alanna,Saddler,asaddler3g@topsy.com,Female,237.44.99.248
126,Nettle,Drew-Clifton,ndrewclifton3h@usa.gov,Female,226.201.40.95
127,Normy,Edling,nedling3i@163.com,Male,183.36.92.53
128,Rorie,Brayford,rbrayford3j@hud.gov,Female,230.77.223.84
129,Lane,Fasson,lfasson3k@java.com,Female,89.254.97.150
130,Emma,Muirhead,emuirhead3l@hao123.com,Female,75.253.99.49
131,Garvin,Van Halen,gvanhalen3m@geocities.jp,Male,31.148.249.226
132,Tracey,Milkins,tmilkins3n@cloudflare.com,Female,228.203.119.0
133,Emmey,Ratley,eratley3o@jalbum.net,Female,41.20.140.14
134,Morgan,Sevin,msevin3p@ihg.com,Male,70.46.85.185
135,Guy,Saiens,gsaiens3q@aboutads.info,Male,156.236.52.67
136,Blayne,Brunet,bbrunet3r@ed.gov,Male,177.26.103.239
137,Adena,Maffini,amaffini3s@tiny.cc,Female,180.119.41.237
138,Stoddard,Beyn,sbeyn3t@bbc.co.uk,Female,57.234.99.219
139,Sadye,Nanninini,snanninini3u@go.com,Female,135.98.6.216
140,Connie,Fluger,cfluger3v@cnn.com,Male,214.226.96.206
141,Rodge,McArthur,rmcarthur3w@seesaa.net,Male,143.49.186.55
142,Harry,Bubear,hbubear3x@msu.edu,Polygender,2.5.204.233
143,Dolores,Lilburn,dlilburn3y@rambler.ru,Female,22.21.210.55
144,Rhonda,Menpes,rmenpes3z@geocities.jp,Female,120.228.134.226
145,Malanie,Hutley,mhutley40@tiny.cc,Female,192.22.147.15
146,Lin,Bellhouse,lbellhouse41@wired.com,Female,112.176.229.177
147,Perl,Balshen,pbalshen42@goo.gl,Female,144.173.253.118
148,Hesther,Cumberlidge,hcumberlidge43@ft.com,Female,140.71.174.126
149,Gan,Wisniowski,gwisniowski44@hubpages.com,Male,134.76.183.20
150,Lethia,O' Mara,lomara45@buzzfeed.com,Female,137.92.167.211
151,Timmy,Hume,thume46@uiuc.edu,Male,190.61.254.36
152,Pansie,Tellenbrok,ptellenbrok47@themeforest.net,Female,232.249.100.118
153,Cobbie,Colborn,ccolborn48@globo.com,Non-binary,134.15.229.189
154,Shawnee,Wathen,swathen49@msu.edu,Female,252.31.100.184
155,Isabel,Patington,ipatington4a@google.fr,Female,206.101.203.239
156,Mina,Abbet,mabbet4b@pen.io,Female,34.235.135.122
157,Nollie,Haselwood,nhaselwood4c@vistaprint.com,Male,155.72.74.10
158,Ursala,Bradlaugh,ubradlaugh4d@bluehost.com,Non-binary,142.186.26.167
159,Bernadine,Keggin,bkeggin4e@state.gov,Female,194.118.206.149
160,Coleen,Bolderson,cbolderson4f@ameblo.jp,Female,229.135.144.47
161,Imogene,Arnason,iarnason4g@utexas.edu,Female,201.168.40.131
162,Robby,Besant,rbesant4h@livejournal.com,Male,143.111.80.238
163,Marlie,Dollard,mdollard4i@oakley.com,Female,73.46.68.191
164,Neall,Kinton,nkinton4j@wix.com,Male,96.199.204.36
165,Towny,Kier,tkier4k@microsoft.com,Male,143.155.10.64
166,Hughie,Cope,hcope4l@ocn.ne.jp,Male,24.121.57.227
167,Damian,Youhill,dyouhill4m@bigcartel.com,Male,5.158.209.230
168,Vachel,Bagnall,vbagnall4n@pbs.org,Male,93.19.76.130
169,Booth,Harsnep,bharsnep4o@uol.com.br,Bigender,122.2.77.160
170,Janina,D'Orsay,jdorsay4p@addtoany.com,Female,96.99.220.202
171,Dulsea,Klimentyonok,dklimentyonok4q@typepad.com,Female,66.51.136.223
172,Clerkclaude,Duffill,cduffill4r@prlog.org,Male,123.22.173.132
173,Maris,Goldster,mgoldster4s@chicagotribune.com,Female,68.141.179.61
174,Tobi,Tallow,ttallow4t@cnn.com,Female,8.127.152.54
175,Bev,Mullin,bmullin4u@hc360.com,Genderfluid,150.213.85.242
176,Holly,Prout,hprout4v@cbc.ca,Male,1.142.78.239
177,Rafe,Thams,rthams4w@scientificamerican.com,Male,113.73.34.59
178,Benedicto,de Clerc,bdeclerc4x@cnbc.com,Male,187.235.41.126
179,Gris,Izac,gizac4y@netscape.com,Male,255.163.11.231
180,Fletcher,Real,freal4z@time.com,Male,133.73.176.97
181,Evangelin,Buncher,ebuncher50@facebook.com,Female,42.112.225.88
182,Rickard,Filler,rfiller51@techcrunch.com,Male,126.76.106.161
183,Raynor,Fazakerley,rfazakerley52@blogspot.com,Male,0.187.198.18
184,Jeremie,Whitmell,jwhitmell53@kickstarter.com,Male,131.214.120.82
185,Nickie,Braganca,nbraganca54@yahoo.co.jp,Female,133.38.18.70
186,Grant,Meadows,gmeadows55@google.com.hk,Male,207.149.144.41
187,Morly,Beernt,mbeernt56@stanford.edu,Male,77.21.151.170
188,Lorry,Melia,lmelia57@bizjournals.com,Female,63.217.89.111
189,Eamon,Pearmine,epearmine58@angelfire.com,Male,28.143.248.213
190,Ly,Vane,lvane59@jugem.jp,Male,203.149.137.167
191,Isidor,Strick,istrick5a@lycos.com,Male,81.97.105.99
192,Allene,Hallows,ahallows5b@behance.net,Female,249.109.178.140
193,Chrystel,Gyer,cgyer5c@google.ca,Female,99.113.96.32
194,Austin,Brandom,abrandom5d@ocn.ne.jp,Female,111.38.223.184
195,Ingeborg,Plante,iplante5e@gravatar.com,Female,212.145.9.99
196,Johnna,Shadrach,jshadrach5f@admin.ch,Female,234.168.103.160
197,Vince,Henrys,vhenrys5g@europa.eu,Male,206.40.25.233
198,Celka,Cristofori,ccristofori5h@bloglines.com,Female,95.224.197.195
199,Massimo,Kerman,mkerman5i@creativecommons.org,Male,65.6.79.53
200,Jenna,Ludewig,jludewig5j@latimes.com,Female,46.170.200.89
201,Judie,Vanderson,jvanderson5k@wordpress.com,Female,208.111.53.213
202,Alvan,Karpf,akarpf5l@army.mil,Male,198.245.216.144
203,Moishe,Spritt,mspritt5m@google.it,Male,57.129.237.224
204,Elli,Sharpless,esharpless5n@fda.gov,Female,5.251.225.113
205,Elise,Burnall,eburnall5o@deviantart.com,Female,226.35.110.68
206,Kristy,Erangey,kerangey5p@gov.uk,Female,137.65.133.127
207,Lancelot,Brehault,lbrehault5q@ocn.ne.jp,Male,169.188.111.206
208,Fredelia,Saggers,fsaggers5r@unicef.org,Female,188.3.28.117
209,Llywellyn,Anfossi,lanfossi5s@phpbb.com,Male,73.2.130.165
210,Suzi,Shilstone,sshilstone5t@techcrunch.com,Female,59.153.95.149
211,Cristiano,Stearn,cstearn5u@myspace.com,Male,194.182.91.88
212,Shane,Birt,sbirt5v@yale.edu,Male,102.235.171.120
213,Aldon,Jeffries,ajeffries5w@amazon.de,Male,9.234.78.187
214,Jolie,Malshinger,jmalshinger5x@goodreads.com,Female,215.208.106.189
215,Fawn,McEntee,fmcentee5y@vistaprint.com,Female,233.108.250.242
216,Cordy,Matteini,cmatteini5z@a8.net,Male,87.173.130.76
217,Scarlet,Warin,swarin60@blogtalkradio.com,Female,144.201.93.130
218,Thomasine,Tweed,ttweed61@free.fr,Female,235.105.248.92
219,Maddy,Runnalls,mrunnalls62@wikimedia.org,Male,76.97.200.49
220,Powell,Wickey,pwickey63@marketwatch.com,Male,0.9.130.74
221,Boonie,Peschke,bpeschke64@bbc.co.uk,Male,111.255.193.74
222,Mia,O'Lennane,molennane65@biglobe.ne.jp,Female,229.12.239.197
223,Lanae,Stack,lstack66@mysql.com,Female,54.231.196.117
224,Kariotta,Mughal,kmughal67@intel.com,Agender,114.243.83.186
225,Chaim,Boc,cboc68@macromedia.com,Male,119.72.90.75
226,Cort,Sucre,csucre69@mayoclinic.com,Male,185.25.196.179
227,Stillmann,Latour,slatour6a@guardian.co.uk,Non-binary,106.140.58.19
228,Mendie,Coppenhall,mcoppenhall6b@canalblog.com,Male,119.178.221.204
229,Cello,Orpyne,corpyne6c@cloudflare.com,Male,81.169.39.37
230,Tedmund,Moncreif,tmoncreif6d@thetimes.co.uk,Male,132.153.245.203
231,Mignon,Alliott,malliott6e@ehow.com,Female,22.243.27.184
232,Heall,De'Vere - Hunt,hdeverehunt6f@sourceforge.net,Male,147.32.79.56
233,Roselin,Gellier,rgellier6g@hibu.com,Female,11.18.212.124
234,Bil,Landell,blandell6h@apple.com,Male,39.224.54.195
235,Korey,Abarough,kabarough6i@ca.gov,Male,65.197.17.189
236,Cull,Purchon,cpurchon6j@google.com.br,Male,26.230.219.32
237,Elsy,Shrimpling,eshrimpling6k@ocn.ne.jp,Female,164.208.250.86
238,Alwin,Fanning,afanning6l@livejournal.com,Male,216.141.228.124
239,Lise,Harnor,lharnor6m@princeton.edu,Female,85.62.125.142
240,Marilee,Outlaw,moutlaw6n@facebook.com,Female,24.49.29.118
241,Blair,Semple,bsemple6o@yahoo.com,Male,94.250.252.29
242,Miranda,Rosenblad,mrosenblad6p@csmonitor.com,Female,157.204.100.169
243,Cheslie,Shirer,cshirer6q@ning.com,Female,240.61.124.49
244,Lurleen,Yitshak,lyitshak6r@tumblr.com,Female,241.89.14.69
245,Hatti,Darby,hdarby6s@china.com.cn,Female,166.24.90.137
246,Job,Adshed,jadshed6t@cloudflare.com,Non-binary,144.255.180.141
247,Georas,Shepard,gshepard6u@illinois.edu,Agender,221.82.211.133
248,Ario,Boot,aboot6v@utexas.edu,Male,150.156.112.163
249,Calida,Ceaplen,cceaplen6w@vk.com,Female,209.19.0.168
250,Wolfy,Berriman,wberriman6x@so-net.ne.jp,Male,52.230.124.75
251,Ashleigh,Lambell,alambell6y@dell.com,Female,106.36.66.140
252,Tova,Woodstock,twoodstock6z@nba.com,Female,204.169.127.140
253,Karina,Meyrick,kmeyrick70@t.co,Female,17.80.103.28
254,Onofredo,Merkle,omerkle71@addtoany.com,Male,45.251.229.110
255,Arni,Grizard,agrizard72@seesaa.net,Male,192.194.46.32
256,Lorri,Goering,lgoering73@ucoz.com,Female,200.178.68.194
257,Linzy,Brookshaw,lbrookshaw74@simplemachines.org,Female,170.169.128.153
258,Tallie,Weitzel,tweitzel75@phoca.cz,Female,23.56.13.117
259,Pren,Tollerfield,ptollerfield76@jimdo.com,Male,49.185.68.175
260,Ellyn,Buckett,ebuckett77@surveymonkey.com,Female,220.42.91.145
261,Kellia,Glassford,kglassford78@prweb.com,Female,97.169.24.247
262,Gradey,Keggins,gkeggins79@mashable.com,Male,202.253.16.71
263,Urbain,Sharer,usharer7a@businessweek.com,Male,14.168.152.54
264,Olva,Gideon,ogideon7b@printfriendly.com,Female,143.101.220.228
265,Angelico,Parton,aparton7c@diigo.com,Male,112.194.206.17
266,Florentia,Picardo,fpicardo7d@meetup.com,Female,136.64.13.57
267,Gloriane,Bagley,gbagley7e@chron.com,Female,140.156.74.36
268,Sheff,Mannagh,smannagh7f@ifeng.com,Male,175.177.113.70
269,Kelci,Birkenshaw,kbirkenshaw7g@epa.gov,Female,51.176.197.186
270,Berton,Kestle,bkestle7h@nationalgeographic.com,Male,175.128.56.131
271,Cornelle,Dabbes,cdabbes7i@narod.ru,Female,33.113.233.118
272,Garrek,Odo,godo7j@forbes.com,Male,27.0.170.136
273,Norma,Gossage,ngossage7k@topsy.com,Female,6.198.57.64
274,Morton,Camps,mcamps7l@yellowpages.com,Male,113.28.47.235
275,Marlow,Bazire,mbazire7m@loc.gov,Male,150.4.20.210
276,Albie,Pannaman,apannaman7n@ovh.net,Male,130.176.177.199
277,Ferguson,Meedendorpe,fmeedendorpe7o@bravesites.com,Male,27.166.39.187
278,Leisha,Glenwright,lglenwright7p@dropbox.com,Female,57.18.62.194
279,Dillon,Mattis,dmattis7q@cisco.com,Male,151.154.130.127
280,Annabel,Balchin,abalchin7r@clickbank.net,Female,48.45.47.230
281,Dillon,Eastment,deastment7s@sourceforge.net,Male,199.158.222.104
282,Archibold,Cuschieri,acuschieri7t@nhs.uk,Male,245.89.25.113
283,Cello,Portress,cportress7u@telegraph.co.uk,Male,54.90.9.231
284,Maurene,Paxeford,mpaxeford7v@vk.com,Female,224.217.20.98
285,Jorie,Carsberg,jcarsberg7w@de.vu,Female,244.208.232.171
286,Sal,Zanardii,szanardii7x@mashable.com,Male,46.6.220.38
287,Melony,Eastcourt,meastcourt7y@angelfire.com,Female,18.134.112.88
288,Mel,Llop,mllop7z@washingtonpost.com,Female,151.238.142.236
289,Stoddard,Jiroudek,sjiroudek80@creativecommons.org,Female,54.133.49.18
290,Demeter,MacMearty,dmacmearty81@mozilla.org,Female,126.15.12.151
291,Kathe,Kynman,kkynman82@facebook.com,Female,228.60.124.91
292,Adelaide,Varley,avarley83@fastcompany.com,Female,109.91.108.86
293,Aloisia,Bladon,abladon84@youtube.com,Female,19.133.169.57
294,Terri,Silvers,tsilvers85@geocities.jp,Female,86.119.243.200
295,Dwayne,Lyste,dlyste86@wikispaces.com,Male,181.255.130.31
296,Hortense,Eaglestone,heaglestone87@about.me,Bigender,129.1.171.96
297,Windham,Matschek,wmatschek88@360.cn,Polygender,63.135.78.234
298,Raquela,Roe,rroe89@vk.com,Female,122.248.162.75
299,Alvan,Novacek,anovacek8a@simplemachines.org,Male,154.160.247.141
300,Amelia,Dawson,adawson8b@slate.com,Female,92.216.220.124
301,Dyanna,Seivertsen,dseivertsen8c@adobe.com,Genderqueer,102.58.146.61
302,Lesley,Roseborough,lroseborough8d@cnn.com,Male,120.28.147.63
303,Bess,Balcon,bbalcon8e@fema.gov,Genderfluid,1.83.131.51
304,Desiree,Godsal,dgodsal8f@chron.com,Female,193.167.20.15
305,Bertrando,Boldison,bboldison8g@toplist.cz,Male,21.42.89.241
306,Lanna,Leyden,lleyden8h@nydailynews.com,Female,17.252.162.214
307,Inness,Bengochea,ibengochea8i@bloglines.com,Male,16.51.125.219
308,Jimmie,Mossbee,jmossbee8j@wix.com,Bigender,203.79.61.244
309,Waldon,Gibbins,wgibbins8k@ed.gov,Agender,164.108.21.162
310,Lenore,Delouch,ldelouch8l@youku.com,Female,225.199.246.151
311,Lorri,McElwee,lmcelwee8m@woothemes.com,Female,184.113.94.64
312,Damian,Curbishley,dcurbishley8n@dell.com,Male,74.166.133.69
313,Herbert,McGinn,hmcginn8o@bloomberg.com,Male,242.11.207.48
314,Donny,Kearle,dkearle8p@google.pl,Bigender,1.59.159.15
315,Catharina,Cahn,ccahn8q@stanford.edu,Female,215.13.171.184
316,Shelbi,Heaven,sheaven8r@webnode.com,Female,164.155.0.219
317,Claudio,McCreadie,cmccreadie8s@squidoo.com,Male,113.130.64.239
318,Johannah,Cavilla,jcavilla8t@who.int,Female,82.38.64.108
319,Rycca,Harler,rharler8u@bing.com,Female,60.186.158.146
320,Taylor,Burnhams,tburnhams8v@google.com.au,Male,216.240.175.9
321,Ninetta,Udie,nudie8w@hatena.ne.jp,Female,82.122.235.135
322,Perry,Braywood,pbraywood8x@delicious.com,Female,65.198.213.194
323,Berkley,Rames,brames8y@opera.com,Male,184.30.51.46
324,Cris,Endle,cendle8z@wp.com,Genderqueer,16.86.215.99
325,Devan,Northgraves,dnorthgraves90@ucoz.ru,Female,83.169.92.40
326,Pail,Francis,pfrancis91@ebay.co.uk,Male,36.183.38.224
327,Whitney,Skinn,wskinn92@icio.us,Male,114.99.146.167
328,Minnaminnie,Iacofo,miacofo93@pbs.org,Female,112.89.30.115
329,Tod,McBeith,tmcbeith94@opera.com,Male,17.255.149.229
330,Georgeanne,Darter,gdarter95@tamu.edu,Female,189.251.99.103
331,Charlotta,Trouncer,ctrouncer96@pcworld.com,Female,21.223.41.215
332,Jermaine,Lockhart,jlockhart97@studiopress.com,Female,86.45.37.161
333,Aldrich,Yakubowicz,ayakubowicz98@miitbeian.gov.cn,Male,97.210.18.115
334,Guntar,Sprasen,gsprasen99@kickstarter.com,Male,224.59.243.76
335,Waylen,Dearing,wdearing9a@yellowbook.com,Male,3.90.130.58
336,Netta,Prudence,nprudence9b@yellowbook.com,Agender,60.65.57.217
337,Ryley,Greenstreet,rgreenstreet9c@about.com,Male,117.199.241.149
338,Cally,Daviot,cdaviot9d@artisteer.com,Genderfluid,32.211.124.151
339,Otho,Benbow,obenbow9e@about.me,Male,142.120.62.225
340,Callida,McGrotty,cmcgrotty9f@skype.com,Female,183.246.223.226
341,Jakob,McVeigh,jmcveigh9g@dell.com,Male,148.13.29.134
342,Anett,Leist,aleist9h@goo.ne.jp,Female,214.190.206.113
343,Sampson,Jessel,sjessel9i@addthis.com,Male,120.164.107.107
344,Mayer,Chittenden,mchittenden9j@reverbnation.com,Male,146.199.166.121
345,Juliet,Pauel,jpauel9k@sina.com.cn,Female,31.53.59.117
346,Alastair,Wallhead,awallhead9l@e-recht24.de,Male,246.68.213.179
347,Cyril,Polon,cpolon9m@cdbaby.com,Male,215.26.248.165
348,Sibyl,Meredyth,smeredyth9n@icio.us,Male,158.47.229.242
349,Juli,Coltan,jcoltan9o@google.pl,Female,74.229.50.141
350,Dorelle,Lis,dlis9p@biglobe.ne.jp,Genderqueer,250.82.216.169
351,Cleopatra,Bowerbank,cbowerbank9q@bloglines.com,Female,14.217.49.164
352,Ronny,Godspeede,rgodspeede9r@trellian.com,Male,20.153.26.144
353,Bibbie,Jacomb,bjacomb9s@ftc.gov,Female,51.13.36.242
354,Bondie,Januszewicz,bjanuszewicz9t@cargocollective.com,Male,23.29.178.197
355,Hadley,Coultous,hcoultous9u@scientificamerican.com,Male,199.33.163.95
356,Samaria,Prestidge,sprestidge9v@ezinearticles.com,Female,40.194.47.143
357,Susana,Babbage,sbabbage9w@accuweather.com,Female,151.244.57.71
358,Brianna,Burleigh,bburleigh9x@vinaora.com,Female,147.171.184.136
359,Bill,Murcutt,bmurcutt9y@stumbleupon.com,Female,30.208.54.67
360,Elysia,Morrow,emorrow9z@microsoft.com,Female,234.16.225.201
361,Emmy,McCerery,emccererya0@instagram.com,Male,190.253.180.197
362,Lishe,Tweed,ltweeda1@yahoo.co.jp,Female,243.201.11.115
363,Maribeth,Saltrese,msaltresea2@wix.com,Female,7.89.79.244
364,Chery,Huggett,chuggetta3@google.ca,Genderqueer,116.65.150.151
365,Jared,Grief,jgriefa4@who.int,Male,101.195.27.46
366,Julius,Standell,jstandella5@liveinternet.ru,Male,187.208.125.60
367,Mora,Clench,mclencha6@feedburner.com,Female,208.213.105.206
368,Delores,Letts,dlettsa7@blogger.com,Female,221.84.57.103
369,Maximilianus,Ungerer,mungerera8@about.me,Male,240.82.3.141
370,Francklin,Armatys,farmatysa9@wufoo.com,Male,172.45.197.64
371,Clemmy,Linke,clinkeaa@globo.com,Female,157.34.95.124
372,Rhodie,Cahan,rcahanab@go.com,Female,196.5.142.72
373,Myrle,Dransfield,mdransfieldac@msu.edu,Female,88.167.142.121
374,Sibella,McCaughey,smccaugheyad@weibo.com,Female,51.252.189.179
375,Jana,Shillaker,jshillakerae@wufoo.com,Female,195.227.39.34
376,Xenia,Dobbings,xdobbingsaf@wufoo.com,Female,185.15.126.241
377,Hilario,Whoolehan,hwhoolehanag@prnewswire.com,Male,46.240.9.108
378,Rita,Hanlon,rhanlonah@sciencedaily.com,Female,127.76.70.237
379,Klaus,Copp,kcoppai@nih.gov,Male,100.202.47.245
380,Borden,Fulun,bfulunaj@wordpress.com,Male,41.118.236.49
381,Fern,Finney,ffinneyak@oracle.com,Female,67.46.142.25
382,Sharlene,Cockren,scockrenal@senate.gov,Female,47.14.206.89
383,Cy,Whichelow,cwhichelowam@odnoklassniki.ru,Male,53.244.215.212
384,Jannel,Cereceres,jcereceresan@businessinsider.com,Female,194.221.106.254
385,Cody,Daniele,cdanieleao@unicef.org,Genderqueer,200.151.100.222
386,Carissa,Sherrington,csherringtonap@senate.gov,Genderfluid,187.194.222.62
387,Benn,Bemrose,bbemroseaq@friendfeed.com,Male,42.221.143.96
388,Birgitta,Tardiff,btardiffar@java.com,Female,190.228.125.163
389,Nevin,Ousby,nousbyas@sbwire.com,Male,207.99.137.50
390,Bailey,Lennarde,blennardeat@tinyurl.com,Male,131.52.7.165
391,Georgina,Cassimer,gcassimerau@cpanel.net,Female,216.97.221.208
392,Helsa,Drever,hdreverav@weibo.com,Female,0.242.254.208
393,Ram,Grimsdale,rgrimsdaleaw@aol.com,Male,181.136.246.33
394,Dallas,Parffrey,dparffreyax@ehow.com,Female,76.138.146.38
395,Jolie,Ruppele,jruppeleay@sphinn.com,Bigender,118.11.84.136
396,Darby,Terry,dterryaz@ameblo.jp,Male,226.114.226.107
397,Colleen,Macura,cmacurab0@prnewswire.com,Female,62.222.155.104
398,Granville,Newby,gnewbyb1@studiopress.com,Male,12.125.68.245
399,Esdras,Devonshire,edevonshireb2@ameblo.jp,Male,3.163.71.161
400,Issie,Heijne,iheijneb3@unblog.fr,Female,126.234.97.199
401,Clarabelle,Simonyi,csimonyib4@oracle.com,Female,86.78.140.167
402,Salli,Domb,sdombb5@vistaprint.com,Female,247.227.65.56
403,Gertrud,Gately,ggatelyb6@e-recht24.de,Female,119.152.155.126
404,Delmer,Pembry,dpembryb7@sfgate.com,Male,222.132.28.191
405,Tisha,Sommerling,tsommerlingb8@walmart.com,Female,222.233.154.148
406,Charline,Howselee,chowseleeb9@techcrunch.com,Female,146.145.216.135
407,Yuri,MacKaig,ymackaigba@forbes.com,Male,122.56.200.128
408,Tann,Canniffe,tcanniffebb@baidu.com,Male,137.212.83.145
409,Glen,Snoden,gsnodenbc@bravesites.com,Male,44.81.191.202
410,Doug,Van den Broek,dvandenbroekbd@sun.com,Male,255.116.202.174
411,Bernardine,Ambrozewicz,bambrozewiczbe@pcworld.com,Female,219.35.40.126
412,Yolanthe,Spilsbury,yspilsburybf@chron.com,Agender,119.23.117.169
413,Kurtis,Dunbobin,kdunbobinbg@wordpress.com,Male,209.228.253.204
414,Silvio,Cobleigh,scobleighbh@npr.org,Male,68.235.223.146
415,Nadine,Kettlestring,nkettlestringbi@i2i.jp,Female,18.237.206.66
416,Chane,Gillis,cgillisbj@vistaprint.com,Male,204.245.182.27
417,Amandi,Febvre,afebvrebk@pbs.org,Female,66.36.164.32
418,Jerrie,Ivic,jivicbl@surveymonkey.com,Female,183.160.168.61
419,Catlee,Kleinzweig,ckleinzweigbm@histats.com,Female,245.250.194.242
420,Towny,Fessier,tfessierbn@springer.com,Agender,101.194.235.177
421,Adelheid,Fitkin,afitkinbo@spiegel.de,Female,151.245.252.249
422,Jesse,Volante,jvolantebp@ucla.edu,Male,115.53.4.131
423,Melody,Le Barr,mlebarrbq@tiny.cc,Female,147.252.64.134
424,Idelle,Fritz,ifritzbr@cpanel.net,Female,178.73.159.85
425,Lindsy,Myrtle,lmyrtlebs@github.io,Female,41.116.84.97
426,Gery,Hune,ghunebt@webs.com,Non-binary,71.191.168.38
427,Devonne,Gumley,dgumleybu@ucsd.edu,Female,229.151.237.161
428,Lothaire,Booton,lbootonbv@skype.com,Male,162.50.147.193
429,Erin,Phillcox,ephillcoxbw@tripadvisor.com,Female,49.85.242.240
430,Stevena,Formie,sformiebx@csmonitor.com,Female,243.131.172.40
431,Bren,Vicar,bvicarby@bloglines.com,Male,168.191.101.188
432,Maire,Matei,mmateibz@msn.com,Female,241.182.19.24
433,Stephen,Redgate,sredgatec0@addtoany.com,Male,102.51.2.196
434,Micky,Element,melementc1@bravesites.com,Male,12.228.0.131
435,Merry,Davydoch,mdavydochc2@cam.ac.uk,Female,115.18.59.241
436,Derek,Winward,dwinwardc3@sina.com.cn,Genderqueer,188.152.173.158
437,Catlaina,Hitschke,chitschkec4@mozilla.com,Bigender,123.109.146.163
438,Cristobal,Dicty,cdictyc5@people.com.cn,Male,120.100.72.212
439,Cherie,Anders,candersc6@pbs.org,Female,84.187.99.97
440,Eolanda,Clarkin,eclarkinc7@webmd.com,Genderfluid,101.122.205.212
441,Ximenez,Kilgrew,xkilgrewc8@narod.ru,Male,55.24.185.50
442,Erskine,Stollberger,estollbergerc9@mozilla.org,Male,11.107.54.136
443,Laurella,Haselden,lhaseldenca@craigslist.org,Female,107.9.54.159
444,Wake,Rudolf,wrudolfcb@biblegateway.com,Male,117.94.51.43
445,Demeter,Hughlin,dhughlincc@mayoclinic.com,Female,43.227.28.62
446,Debor,Ramalhete,dramalhetecd@gravatar.com,Female,118.142.161.158
447,Daphne,Eades,deadesce@uiuc.edu,Female,8.155.118.96
448,Faunie,Enever,fenevercf@constantcontact.com,Agender,43.182.2.160
449,Pincas,Helling,phellingcg@so-net.ne.jp,Male,150.237.104.45
450,Man,Marchi,mmarchich@marriott.com,Male,254.138.232.2
451,Salomo,Podbury,spodburyci@cloudflare.com,Male,14.106.251.84
452,Northrop,Higginbottam,nhigginbottamcj@ucsd.edu,Male,243.38.21.230
453,Farra,Abbison,fabbisonck@myspace.com,Female,109.113.71.103
454,Laurice,Ashingden,lashingdencl@shop-pro.jp,Female,94.7.126.211
455,Yorgo,Binding,ybindingcm@usnews.com,Male,37.251.176.49
456,Nataline,Issett,nissettcn@psu.edu,Female,147.84.43.55
457,Deina,Niles,dnilesco@oakley.com,Female,98.249.195.231
458,Ase,Pabelik,apabelikcp@digg.com,Male,134.81.91.114
459,Sharai,Creedland,screedlandcq@purevolume.com,Female,25.52.31.231
460,Taylor,Blouet,tblouetcr@geocities.com,Male,114.240.139.121
461,Lavina,Zanicchelli,lzanicchellics@instagram.com,Female,90.11.208.132
462,Davy,Kubek,dkubekct@google.com.hk,Male,143.215.181.222
463,Jacinthe,Aronovitz,jaronovitzcu@slate.com,Female,253.251.128.205
464,Dael,Palmar,dpalmarcv@answers.com,Male,62.64.13.193
465,Hagen,Doel,hdoelcw@netvibes.com,Genderfluid,73.186.95.218
466,Sanders,Mor,smorcx@blinklist.com,Male,18.167.18.203
467,Georgie,McClenaghan,gmcclenaghancy@slashdot.org,Female,144.140.102.184
468,Thebault,Potkin,tpotkincz@mediafire.com,Male,250.199.114.152
469,Frank,Brimming,fbrimmingd0@cisco.com,Male,183.75.114.81
470,Bengt,Josskowitz,bjosskowitzd1@ibm.com,Male,186.204.37.127
471,Bertie,Gowans,bgowansd2@hhs.gov,Male,142.246.75.30
472,Anetta,Drakes,adrakesd3@stumbleupon.com,Female,27.230.100.191
473,Corella,Gostage,cgostaged4@blogs.com,Agender,116.215.61.41
474,Corenda,Donovan,cdonovand5@samsung.com,Female,151.243.91.45
475,Maxim,Hughesdon,mhughesdond6@t-online.de,Male,152.204.126.83
476,Ranna,Jaqueme,rjaquemed7@globo.com,Female,114.26.48.252
477,Adela,Coalbran,acoalbrand8@msu.edu,Female,31.223.105.170
478,Dru,Bent,dbentd9@goo.gl,Female,216.254.15.62
479,Dulcea,Playden,dplaydenda@so-net.ne.jp,Female,250.39.51.34
480,Mara,Efford,mefforddb@state.gov,Female,103.82.227.252
481,Paxon,Lehrer,plehrerdc@ebay.com,Male,229.98.136.210
482,Minerva,Simo,msimodd@cargocollective.com,Female,70.188.145.162
483,Levy,Sartin,lsartinde@flavors.me,Male,11.238.80.251
484,Ezekiel,Crinidge,ecrinidgedf@photobucket.com,Male,153.242.165.219
485,Debee,Doge,ddogedg@slashdot.org,Female,219.141.193.190
486,Reggie,Cresar,rcresardh@com.com,Genderfluid,13.227.108.255
487,Reuben,Godlonton,rgodlontondi@nyu.edu,Male,251.72.227.208
488,Leopold,Clow,lclowdj@parallels.com,Male,9.22.65.147
489,Krysta,Sherbrook,ksherbrookdk@walmart.com,Female,168.203.36.253
490,Sissy,Jaggar,sjaggardl@bigcartel.com,Female,103.51.249.160
491,Ashil,Totaro,atotarodm@storify.com,Female,101.44.172.96
492,Dari,Vitte,dvittedn@meetup.com,Female,206.26.74.92
493,Fidelio,Gurner,fgurnerdo@discovery.com,Male,99.76.156.106
494,Delaney,Scholz,dscholzdp@blogs.com,Male,38.150.13.141
495,Dionisio,Odom,dodomdq@printfriendly.com,Male,236.124.182.81
496,Mariellen,Kibbye,mkibbyedr@jiathis.com,Female,199.155.234.90
497,Alberto,Scarlet,ascarletds@nih.gov,Male,183.136.139.145
498,Colly,Osbourne,cosbournedt@diigo.com,Bigender,13.60.17.104
499,Richy,Ivachyov,rivachyovdu@answers.com,Male,204.254.209.211
500,Dore,Kerrich,dkerrichdv@timesonline.co.uk,Male,89.136.193.240
501,Kerri,Hatzar,khatzardw@vimeo.com,Female,255.14.209.207
502,Mollee,Bromwich,mbromwichdx@msn.com,Female,211.180.245.134
503,Jarad,Cockett,jcockettdy@illinois.edu,Male,24.142.91.201
504,Farly,Goult,fgoultdz@xrea.com,Male,240.207.233.250
505,Berte,Lunbech,blunbeche0@1und1.de,Agender,220.188.138.186
506,Josi,Roust,jrouste1@telegraph.co.uk,Female,178.156.238.80
507,Dyane,Larmet,dlarmete2@trellian.com,Bigender,29.218.146.109
508,Aurea,Doctor,adoctore3@pbs.org,Female,87.239.180.157
509,Cahra,Huke,chukee4@vkontakte.ru,Female,168.163.94.12
510,Tommi,Barczynski,tbarczynskie5@amazonaws.com,Female,108.91.122.26
511,Laurent,McDowall,lmcdowalle6@uiuc.edu,Male,130.141.126.210
512,Leonardo,Waistell,lwaistelle7@networkadvertising.org,Male,78.90.97.183
513,Parry,Plows,pplowse8@domainmarket.com,Male,234.242.89.118
514,Benedict,Nial,bniale9@sina.com.cn,Male,213.0.141.10
515,Modesty,Lownds,mlowndsea@wunderground.com,Female,97.95.203.102
516,Gwenneth,Tremain,gtremaineb@unesco.org,Female,113.84.9.243
517,Fulvia,Blaycock,fblaycockec@google.de,Female,12.201.220.76
518,Ivar,Barrick,ibarricked@army.mil,Male,44.166.22.221
519,Maribelle,Eastup,meastupee@usatoday.com,Female,55.249.66.157
520,Zita,Banton,zbantonef@so-net.ne.jp,Female,179.226.236.133
521,Cletus,Cogan,ccoganeg@imgur.com,Male,174.239.121.21
522,Inger,Smoughton,ismoughtoneh@time.com,Bigender,240.211.117.23
523,Obadiah,Whatley,owhatleyei@paginegialle.it,Male,31.242.100.113
524,Angeli,Le Gall,alegallej@bing.com,Male,64.204.251.81
525,Andris,Cattrall,acattrallek@shinystat.com,Male,103.63.32.24
526,Tobe,Naisbit,tnaisbitel@census.gov,Genderqueer,163.11.193.29
527,Borg,Robillard,brobillardem@army.mil,Male,244.252.116.91
528,Kit,Greswell,kgreswellen@miibeian.gov.cn,Male,55.68.236.120
529,Ambrosio,Caron,acaroneo@mozilla.org,Male,138.242.23.91
530,Thacher,Facchini,tfacchiniep@youtu.be,Male,186.131.75.169
531,Maddy,Davidek,mdavidekeq@is.gd,Genderqueer,220.73.143.117
532,Rebe,Fowlston,rfowlstoner@gnu.org,Female,153.191.150.106
533,Dimitri,Tuerena,dtuerenaes@vimeo.com,Male,255.218.3.155
534,Edi,Hunnisett,ehunnisettet@spiegel.de,Female,255.4.230.207
535,Odella,Kingscott,okingscotteu@networkadvertising.org,Female,230.39.165.240
536,Marcy,Mosley,mmosleyev@cdbaby.com,Female,66.252.20.226
537,Karlis,Figger,kfiggerew@intel.com,Genderfluid,31.248.10.189
538,Serene,Bunton,sbuntonex@123-reg.co.uk,Female,38.191.190.48
539,Stephanus,Waplington,swaplingtoney@digg.com,Male,47.29.92.193
540,Jacquette,Gingell,jgingellez@vinaora.com,Female,144.148.100.176
541,Rodolfo,De Cristofalo,rdecristofalof0@sfgate.com,Male,195.235.79.210
542,Micky,Ullyott,mullyottf1@smugmug.com,Male,254.1.8.97
543,Gigi,Gascone,ggasconef2@edublogs.org,Female,188.233.106.209
544,Stewart,Kivell,skivellf3@ocn.ne.jp,Bigender,204.49.11.223
545,Raimundo,Ivanin,rivaninf4@wired.com,Male,251.90.73.244
546,Isiahi,Chopping,ichoppingf5@ca.gov,Male,151.131.145.201
547,Ivan,Rubinfeld,irubinfeldf6@army.mil,Male,55.164.227.199
548,Miquela,Stucksbury,mstucksburyf7@bing.com,Female,127.20.73.5
549,Vivia,Borges,vborgesf8@plala.or.jp,Female,200.129.253.233
550,Brenna,Coyle,bcoylef9@twitter.com,Female,157.125.148.106
551,Jesse,Kynnd,jkynndfa@naver.com,Female,120.145.172.251
552,Danielle,Otton,dottonfb@pcworld.com,Female,144.165.71.219
553,Loella,Dower,ldowerfc@virginia.edu,Female,103.112.181.45
554,Corliss,Philpotts,cphilpottsfd@privacy.gov.au,Female,133.100.160.73
555,Shawnee,Sivier,ssivierfe@tiny.cc,Female,108.43.3.110
556,Rubetta,Bluschke,rbluschkeff@booking.com,Agender,229.232.220.116
557,Penny,Dignan,pdignanfg@miitbeian.gov.cn,Male,168.110.21.197
558,Kennie,Lemasney,klemasneyfh@biblegateway.com,Male,146.90.175.126
559,Leoline,Hammarberg,lhammarbergfi@sfgate.com,Female,37.35.216.51
560,Eduino,Clarkin,eclarkinfj@wordpress.org,Male,89.190.145.194
561,Hendrick,Truckell,htruckellfk@uiuc.edu,Male,128.121.8.146
562,Hewie,Harnetty,hharnettyfl@comcast.net,Male,81.5.196.190
563,Devora,Blackston,dblackstonfm@w3.org,Female,109.157.5.147
564,Berni,Sexstone,bsexstonefn@addthis.com,Agender,42.246.67.65
565,Ferdinand,Stucksbury,fstucksburyfo@webs.com,Male,129.136.72.60
566,Kellina,Venditto,kvendittofp@t.co,Female,248.157.134.27
567,Electra,Dubarry,edubarryfq@ibm.com,Genderqueer,172.101.43.119
568,Catharina,Newland,cnewlandfr@paypal.com,Female,110.105.124.215
569,Inger,Headrick,iheadrickfs@devhub.com,Male,192.101.190.157
570,Krystalle,Arnholz,karnholzft@shutterfly.com,Female,237.193.174.253
571,Lara,Bangley,lbangleyfu@constantcontact.com,Female,79.105.122.97
572,Minor,Hayhurst,mhayhurstfv@tinyurl.com,Male,140.232.101.41
573,Stanwood,Daveridge,sdaveridgefw@skype.com,Male,35.13.100.182
574,Kyle,Upwood,kupwoodfx@bluehost.com,Male,56.192.221.194
575,Patric,Dominetti,pdominettify@wp.com,Male,187.60.75.194
576,Jose,Bent,jbentfz@kickstarter.com,Male,172.252.152.24
577,Ajay,Sidnell,asidnellg0@wisc.edu,Female,3.176.105.173
578,Wendi,Okeshott,wokeshottg1@vinaora.com,Female,242.5.144.119
579,Amalee,Paule,apauleg2@nyu.edu,Female,38.195.76.100
580,Teador,Denekamp,tdenekampg3@omniture.com,Male,155.144.107.187
581,Chaddie,Lantoph,clantophg4@stumbleupon.com,Male,113.253.75.251
582,Regan,Cawse,rcawseg5@paginegialle.it,Genderqueer,180.64.157.91
583,Geri,Van der Beek,gvanderbeekg6@ed.gov,Male,50.105.155.20
584,Dela,Kobpa,dkobpag7@nationalgeographic.com,Genderqueer,179.244.139.226
585,Vanya,Walak,vwalakg8@discuz.net,Female,82.152.234.87
586,June,Thompkins,jthompkinsg9@mashable.com,Female,34.152.8.137
587,Zelma,La Croce,zlacrocega@washington.edu,Polygender,249.200.147.180
588,Inessa,Plumm,iplummgb@state.gov,Female,33.236.7.34
589,Egbert,Beggi,ebeggigc@imageshack.us,Genderfluid,157.162.119.180
590,Milton,Tilbey,mtilbeygd@imdb.com,Male,104.83.222.27
591,Juana,Ubach,jubachge@flavors.me,Female,1.104.122.7
592,Hesther,Brailey,hbraileygf@desdev.cn,Female,212.93.76.106
593,Dolores,Dunthorne,ddunthornegg@amazonaws.com,Female,254.175.120.213
594,Margarita,Penhearow,mpenhearowgh@apple.com,Female,189.52.122.196
595,Gideon,Spon,gspongi@reference.com,Male,42.218.3.119
596,Brook,Westmore,bwestmoregj@addtoany.com,Female,225.147.141.152
597,Quillan,Randales,qrandalesgk@trellian.com,Male,25.133.211.159
598,Cristobal,Grishakov,cgrishakovgl@arizona.edu,Male,186.122.98.230
599,Cami,Rewbottom,crewbottomgm@nbcnews.com,Female,69.39.51.163
600,Aleta,Wildes,awildesgn@sogou.com,Female,4.239.141.205
601,Aubert,Risbridger,arisbridgergo@blinklist.com,Male,181.185.149.161
602,Laureen,Pinnion,lpinniongp@dailymotion.com,Female,96.94.217.149
603,Red,Kliemann,rkliemanngq@github.io,Male,106.254.188.107
604,Kara-lynn,Milbourne,kmilbournegr@feedburner.com,Non-binary,211.38.29.34
605,Kissie,Rigate,krigategs@msn.com,Female,172.145.218.90
606,Vassily,Fruchter,vfruchtergt@flavors.me,Male,38.146.134.13
607,Glynn,Breazeall,gbreazeallgu@photobucket.com,Male,205.226.131.236
608,Kyla,Probbin,kprobbingv@addthis.com,Female,155.24.109.62
609,Linzy,Bust,lbustgw@loc.gov,Female,163.143.101.213
610,Arvy,Middle,amiddlegx@bizjournals.com,Male,8.143.247.12
611,Ody,Clausius,oclausiusgy@weibo.com,Male,247.152.73.109
612,Casey,Skeggs,cskeggsgz@mac.com,Male,179.119.252.99
613,Lauralee,Verrillo,lverrilloh0@surveymonkey.com,Female,36.100.173.4
614,Vicky,Luker,vlukerh1@youtube.com,Female,71.50.228.43
615,Ivar,Chainey,ichaineyh2@pagesperso-orange.fr,Male,197.52.113.232
616,Leeland,Wimp,lwimph3@spotify.com,Genderqueer,4.195.23.36
617,Anallese,Chainey,achaineyh4@virginia.edu,Female,185.40.140.193
618,Shandeigh,Claque,sclaqueh5@amazon.co.uk,Non-binary,164.21.153.207
619,Constantia,Whiteoak,cwhiteoakh6@freewebs.com,Female,225.37.146.104
620,Marielle,MacAlaster,mmacalasterh7@phoca.cz,Female,115.39.27.219
621,Tamarah,Doornbos,tdoornbosh8@facebook.com,Female,240.211.47.15
622,Boycey,Kaygill,bkaygillh9@indiegogo.com,Male,180.143.189.234
623,Dillon,Biasotti,dbiasottiha@pbs.org,Bigender,91.50.152.37
624,Roanna,Kehri,rkehrihb@mozilla.com,Female,115.105.216.13
625,Duff,Phipson,dphipsonhc@t.co,Male,250.182.247.54
626,Fawnia,Purbrick,fpurbrickhd@drupal.org,Female,128.17.171.166
627,Gerladina,Mioni,gmionihe@kickstarter.com,Bigender,85.12.159.15
628,Cornall,Normabell,cnormabellhf@baidu.com,Male,175.46.245.203
629,Janna,Megahey,jmegaheyhg@typepad.com,Female,10.167.157.86
630,Stanislas,Quene,squenehh@mayoclinic.com,Male,77.209.138.25
631,Kayla,Courson,kcoursonhi@samsung.com,Female,194.113.77.210
632,Cherlyn,Trewhela,ctrewhelahj@omniture.com,Agender,73.65.33.133
633,Wally,Spark,wsparkhk@nba.com,Male,56.38.255.159
634,Mallory,Laingmaid,mlaingmaidhl@businessinsider.com,Female,145.246.91.101
635,Rhoda,Donavan,rdonavanhm@cnbc.com,Female,166.149.223.254
636,Sibilla,Labba,slabbahn@weibo.com,Female,221.139.157.43
637,Damian,Bantick,dbantickho@census.gov,Male,109.57.98.97
638,Leonardo,Edwardes,ledwardeshp@feedburner.com,Male,235.33.191.169
639,Ozzie,Woodbridge,owoodbridgehq@google.fr,Male,231.16.169.74
640,Rosalyn,Warrior,rwarriorhr@gravatar.com,Female,106.218.101.100
641,Pierre,Denys,pdenyshs@comcast.net,Bigender,192.185.252.168
642,Viviyan,Tittershill,vtittershillht@dropbox.com,Female,205.37.180.167
643,Valentia,Winship,vwinshiphu@reuters.com,Female,242.84.226.235
644,Olympie,Churchman,ochurchmanhv@sphinn.com,Female,194.40.111.115
645,Billie,Giron,bgironhw@liveinternet.ru,Male,96.76.104.206
646,Welsh,Malamore,wmalamorehx@tinyurl.com,Genderqueer,107.223.113.111
647,Kaitlyn,Vigars,kvigarshy@princeton.edu,Female,81.255.9.164
648,Josi,Scoggan,jscogganhz@drupal.org,Female,217.5.193.2
649,Chrystal,Passingham,cpassinghami0@a8.net,Female,11.7.178.115
650,Stevie,Naish,snaishi1@netvibes.com,Male,116.203.82.103
651,Jed,Priestman,jpriestmani2@lulu.com,Male,21.95.160.114
652,Roberto,Dayne,rdaynei3@de.vu,Genderfluid,145.131.106.246
653,Berty,Drowsfield,bdrowsfieldi4@facebook.com,Female,161.164.250.76
654,Aline,Pumphreys,apumphreysi5@pen.io,Genderqueer,147.186.90.129
655,Ileane,Bendel,ibendeli6@yahoo.com,Female,97.223.42.227
656,Eva,Lammenga,elammengai7@npr.org,Female,162.38.70.80
657,Freddy,Boxill,fboxilli8@chicagotribune.com,Female,222.66.109.175
658,Freddy,Wellbank,fwellbanki9@newsvine.com,Male,190.190.198.120
659,Bing,Medway,bmedwayia@i2i.jp,Male,212.117.248.143
660,Heath,Peasby,hpeasbyib@jalbum.net,Male,43.94.32.250
661,Danie,Andreaccio,dandreaccioic@liveinternet.ru,Male,43.11.232.57
662,Eddy,Bernardoux,ebernardouxid@telegraph.co.uk,Male,28.238.173.60
663,Marla,Fawdrie,mfawdrieie@newyorker.com,Female,150.105.64.175
664,Sephira,Braybrookes,sbraybrookesif@cisco.com,Female,79.167.147.29
665,Perkin,Lenthall,plenthallig@stanford.edu,Agender,187.209.56.162
666,Frazier,Woolbrook,fwoolbrookih@discovery.com,Male,229.85.10.7
667,Glenda,Huygen,ghuygenii@zdnet.com,Agender,187.201.9.22
668,Nicolas,Stratiff,nstratiffij@webs.com,Bigender,252.254.155.116
669,Lynne,Reboul,lreboulik@scribd.com,Female,230.178.52.173
670,Dorette,Atmore,datmoreil@xing.com,Female,137.132.65.159
671,Gavra,Clout,gcloutim@columbia.edu,Female,137.201.182.203
672,Ripley,Dahlman,rdahlmanin@ovh.net,Male,113.210.17.150
673,Kingsly,Moreno,kmorenoio@netscape.com,Male,115.249.8.234
674,Cristal,Vankin,cvankinip@about.me,Female,188.49.110.153
675,Warner,Placstone,wplacstoneiq@lycos.com,Male,252.178.33.241
676,Dorolisa,Haspineall,dhaspineallir@state.tx.us,Female,11.249.127.141
677,Fredi,Spofforth,fspofforthis@canalblog.com,Female,99.226.233.25
678,Casey,Traves,ctravesit@globo.com,Polygender,150.68.220.170
679,Anabal,L'Episcopi,alepiscopiiu@webeden.co.uk,Female,45.107.144.6
680,Devy,O'Dunniom,dodunniomiv@drupal.org,Male,43.225.108.37
681,Dante,Birtley,dbirtleyiw@state.gov,Male,236.195.80.140
682,Mahalia,Blakeston,mblakestonix@youtu.be,Female,31.225.248.130
683,Ashley,Loidl,aloidliy@wordpress.com,Male,127.147.213.122
684,Gertrud,Georges,ggeorgesiz@jalbum.net,Polygender,143.214.72.54
685,Ginger,Donisthorpe,gdonisthorpej0@independent.co.uk,Female,33.66.159.247
686,Markos,Lindner,mlindnerj1@ycombinator.com,Male,226.206.129.11
687,Joline,Iacapucci,jiacapuccij2@twitpic.com,Genderfluid,142.32.249.174
688,Carlye,Jedrzaszkiewicz,cjedrzaszkiewiczj3@slideshare.net,Female,86.51.63.202
689,Delainey,Bierman,dbiermanj4@state.tx.us,Male,180.224.40.202
690,Clyde,Kirtland,ckirtlandj5@unblog.fr,Male,232.67.140.133
691,Stearne,Spencer,sspencerj6@salon.com,Male,25.131.20.89
692,Shaylyn,Kelloway,skellowayj7@smh.com.au,Female,162.91.4.50
693,Janeta,Marfe,jmarfej8@dailymotion.com,Female,182.183.211.55
694,Austen,Titmuss,atitmussj9@hubpages.com,Male,255.42.27.92
695,Franky,Bernath,fbernathja@shinystat.com,Bigender,144.64.32.51
696,Ives,Dabel,idabeljb@a8.net,Male,140.33.77.22
697,Ikey,Rosen,irosenjc@jigsy.com,Male,96.125.152.119
698,Bernardine,Robet,brobetjd@paypal.com,Female,37.192.174.88
699,Rhetta,Oliveti,rolivetije@myspace.com,Female,188.22.141.89
700,Hildegaard,Lamprecht,hlamprechtjf@yelp.com,Female,239.165.164.133
701,Dannie,Belding,dbeldingjg@bloglines.com,Male,125.231.40.43
702,Beitris,Ledbetter,bledbetterjh@twitter.com,Female,165.60.139.218
703,Vickie,McCaughran,vmccaughranji@google.com.br,Female,221.232.112.186
704,Carree,Newlan,cnewlanjj@amazon.com,Female,251.98.114.243
705,Hugo,MacAughtrie,hmacaughtriejk@bbb.org,Male,32.10.158.101
706,Baillie,Thrower,bthrowerjl@comsenz.com,Male,30.104.64.112
707,Otes,Cardus,ocardusjm@un.org,Male,238.224.118.205
708,Josias,Benallack,jbenallackjn@dot.gov,Male,240.150.137.215
709,Anya,Segebrecht,asegebrechtjo@tinyurl.com,Female,124.124.158.150
710,Mord,Tembey,mtembeyjp@chronoengine.com,Male,175.23.116.199
711,Jobyna,Fulk,jfulkjq@dmoz.org,Female,47.217.159.63
712,Rutter,Goldney,rgoldneyjr@msn.com,Male,226.78.142.49
713,Stefano,O'Hogertie,sohogertiejs@cdc.gov,Non-binary,34.134.237.22
714,Rutger,Vokes,rvokesjt@newyorker.com,Male,200.128.117.89
715,Kent,Boyde,kboydeju@amazonaws.com,Male,8.107.97.80
716,Eilis,McKeaveney,emckeaveneyjv@arizona.edu,Female,204.126.244.19
717,Kassie,Gaukrodge,kgaukrodgejw@gmpg.org,Genderfluid,22.247.56.90
718,Aili,MacGilpatrick,amacgilpatrickjx@sciencedirect.com,Female,194.207.169.158
719,Bart,Salkild,bsalkildjy@pcworld.com,Genderqueer,82.62.226.91
720,Debi,Krammer,dkrammerjz@freewebs.com,Female,85.181.64.0
721,Doria,Bales,dbalesk0@dion.ne.jp,Female,58.151.2.30
722,Nancie,Lymer,nlymerk1@howstuffworks.com,Female,29.90.44.152
723,Anthia,De Witt,adewittk2@utexas.edu,Female,37.225.36.85
724,Amelia,Mullany,amullanyk3@reddit.com,Female,188.117.92.238
725,Thomasina,Wilde,twildek4@nhs.uk,Female,69.122.120.225
726,Patrick,O'Hdirscoll,pohdirscollk5@dion.ne.jp,Male,221.48.12.34
727,Bethena,Dytham,bdythamk6@wix.com,Female,70.144.150.231
728,Keefe,D'Hooge,kdhoogek7@jugem.jp,Male,49.31.68.99
729,Ursula,Hacquard,uhacquardk8@businessweek.com,Female,196.61.246.110
730,Christie,Glencros,cglencrosk9@ebay.com,Male,244.200.220.130
731,Sandie,Simmans,ssimmanska@reuters.com,Female,12.97.140.58
732,Federica,Djurevic,fdjurevickb@oracle.com,Female,233.220.214.42
733,Sydel,Erwin,serwinkc@washingtonpost.com,Female,116.73.108.240
734,Rossie,Bowmen,rbowmenkd@pinterest.com,Male,23.150.199.4
735,Fanchette,Garden,fgardenke@bbb.org,Female,212.217.70.224
736,Carolann,Lenham,clenhamkf@imdb.com,Female,196.17.127.111
737,Laverna,Menelaws,lmenelawskg@shutterfly.com,Female,30.188.10.134
738,Gary,Capron,gcapronkh@meetup.com,Male,52.31.3.200
739,Rayna,De Carlo,rdecarloki@economist.com,Female,72.7.21.203
740,Alphonso,Boothroyd,aboothroydkj@360.cn,Male,209.54.22.100
741,Irving,Ferenc,iferenckk@usatoday.com,Male,5.201.234.198
742,Martina,Conniam,mconniamkl@reverbnation.com,Female,86.218.237.13
743,Ameline,Benesevich,abenesevichkm@addthis.com,Female,113.121.14.116
744,Imelda,Griston,igristonkn@npr.org,Female,163.14.217.24
745,Kermy,Tarry,ktarryko@rambler.ru,Male,70.23.106.183
746,Pet,Ladbury,pladburykp@apple.com,Polygender,36.189.188.100
747,Lucie,Banville,lbanvillekq@friendfeed.com,Female,188.126.39.68
748,Ashlee,Cullingford,acullingfordkr@google.co.uk,Agender,82.186.49.140
749,Niel,Dowers,ndowersks@taobao.com,Polygender,105.220.61.123
750,Mendie,Stirley,mstirleykt@nytimes.com,Polygender,80.52.51.133
751,Gennie,Izakof,gizakofku@miitbeian.gov.cn,Female,78.241.206.200
752,Arnaldo,Bottle,abottlekv@trellian.com,Non-binary,55.126.145.190
753,Maje,Sydall,msydallkw@exblog.jp,Male,65.214.64.238
754,Glynn,McCaskill,gmccaskillkx@gov.uk,Male,109.181.176.168
755,Salomon,Fidilis,sfidilisky@chronoengine.com,Male,80.47.136.228
756,Lucais,Hammelberg,lhammelbergkz@cnbc.com,Polygender,224.252.137.172
757,Hayward,Bayman,hbaymanl0@stanford.edu,Male,7.0.21.165
758,Shelbi,Arno,sarnol1@eventbrite.com,Female,4.116.135.230
759,Griffie,Stitch,gstitchl2@chron.com,Male,95.236.67.168
760,Clementine,Puckring,cpuckringl3@jugem.jp,Female,110.60.42.89
761,Selestina,Bryceson,sbrycesonl4@themeforest.net,Female,49.10.208.244
762,Sharyl,Sadgrove,ssadgrovel5@google.cn,Female,191.231.227.254
763,Roz,Adolphine,radolphinel6@domainmarket.com,Female,170.106.153.53
764,Tiffany,Cornier,tcornierl7@jimdo.com,Female,204.91.80.155
765,Meta,Asif,masifl8@theguardian.com,Female,80.233.11.230
766,Rebecka,Pettett,rpettettl9@cloudflare.com,Female,26.95.117.232
767,Tripp,McArt,tmcartla@marriott.com,Bigender,65.236.202.177
768,Cyrill,Levesley,clevesleylb@nbcnews.com,Male,137.74.69.198
769,Maximilian,Tant,mtantlc@house.gov,Male,253.184.243.125
770,Karly,Delwater,kdelwaterld@java.com,Female,84.57.42.96
771,Tiffani,Readett,treadettle@phpbb.com,Female,110.84.169.135
772,Gavrielle,Finnan,gfinnanlf@51.la,Genderqueer,138.133.164.221
773,Buckie,Gillhespy,bgillhespylg@elpais.com,Male,206.111.61.216
774,Brose,Lathleiff,blathleifflh@indiatimes.com,Male,187.32.77.179
775,Goober,Reiach,greiachli@clickbank.net,Genderqueer,78.86.180.44
776,Maggi,MacAne,mmacanelj@independent.co.uk,Female,111.228.119.250
777,Clay,Boxer,cboxerlk@examiner.com,Male,237.97.172.67
778,Harwell,Ivakhnov,hivakhnovll@npr.org,Male,35.10.41.62
779,Lynsey,Jenney,ljenneylm@sciencedaily.com,Female,160.53.178.6
780,Tremaine,McClay,tmcclayln@bing.com,Male,8.200.0.150
781,Petronille,Harwick,pharwicklo@cyberchimps.com,Female,242.133.170.175
782,Kay,Moggan,kmogganlp@last.fm,Female,62.202.33.228
783,Delia,McCole,dmccolelq@ycombinator.com,Female,52.166.188.44
784,Phineas,Swanborough,pswanboroughlr@stanford.edu,Male,11.107.16.28
785,Guglielma,Doogan,gdooganls@timesonline.co.uk,Female,192.215.232.206
786,Nicola,Duffrie,nduffrielt@purevolume.com,Male,24.99.113.229
787,Fanchette,Belison,fbelisonlu@latimes.com,Female,56.149.36.79
788,Stearn,Whitelaw,swhitelawlv@discuz.net,Male,252.230.91.123
789,Coretta,Skyppe,cskyppelw@xing.com,Female,129.76.5.97
790,Berenice,Wonter,bwonterlx@sphinn.com,Female,177.156.136.182
791,Norby,Gwioneth,ngwionethly@multiply.com,Male,159.46.13.63
792,Jo ann,O'Sherrin,josherrinlz@cocolog-nifty.com,Female,147.245.165.90
793,Joell,Clee,jcleem0@biblegateway.com,Female,71.139.71.99
794,Ignacio,Bruntje,ibruntjem1@facebook.com,Male,189.80.49.73
795,Ansley,Sorey,asoreym2@thetimes.co.uk,Female,125.127.244.171
796,Sascha,Goman,sgomanm3@edublogs.org,Male,130.148.46.187
797,Jdavie,Pryor,jpryorm4@tiny.cc,Male,96.0.92.8
798,Tove,Croker,tcrokerm5@addtoany.com,Non-binary,123.54.117.219
799,Marc,Wabe,mwabem6@tinypic.com,Polygender,8.183.53.124
800,Abbot,Imlen,aimlenm7@scribd.com,Male,249.112.248.133
801,Ariana,Jeggo,ajeggom8@delicious.com,Female,61.2.165.151
802,Chuck,Kitson,ckitsonm9@w3.org,Male,198.206.219.171
803,Virgie,Shortell,vshortellma@hao123.com,Female,10.45.204.160
804,Leann,Karpets,lkarpetsmb@state.tx.us,Female,38.35.1.116
805,Mimi,Louche,mlouchemc@miitbeian.gov.cn,Female,242.222.118.179
806,Oralee,Proppers,oproppersmd@hubpages.com,Female,254.119.50.174
807,Kassie,Clacson,kclacsonme@youku.com,Female,58.147.145.173
808,Karyl,Rutigliano,krutiglianomf@nationalgeographic.com,Genderfluid,134.57.191.54
809,Rolph,O'Flaherty,roflahertymg@miitbeian.gov.cn,Male,152.78.20.134
810,Catina,Jessard,cjessardmh@stumbleupon.com,Agender,247.127.89.97
811,Leanora,Brobyn,lbrobynmi@vk.com,Non-binary,6.204.39.138
812,Pierre,Portch,pportchmj@amazon.co.uk,Agender,8.66.154.191
813,Kelwin,Cavendish,kcavendishmk@theatlantic.com,Male,172.237.160.83
814,Milissent,Rein,mreinml@soup.io,Female,9.227.1.220
815,Cordey,Doblin,cdoblinmm@ameblo.jp,Female,198.211.130.136
816,Darell,Kleis,dkleismn@samsung.com,Female,212.126.163.57
817,Eydie,Fesby,efesbymo@sciencedirect.com,Female,103.184.225.51
818,Donelle,Oleszkiewicz,doleszkiewiczmp@blogtalkradio.com,Female,212.198.240.132
819,Jody,Reavell,jreavellmq@cargocollective.com,Male,84.169.95.33
820,Paco,Spurgin,pspurginmr@state.gov,Male,109.141.171.243
821,Gabrielle,Dineen,gdineenms@nifty.com,Female,166.245.31.41
822,Pammy,Windous,pwindousmt@google.nl,Female,185.96.13.197
823,Daune,Vines,dvinesmu@seattletimes.com,Female,247.103.124.131
824,Feliza,Morriss,fmorrissmv@gov.uk,Female,116.185.140.36
825,Irwin,Gradwell,igradwellmw@liveinternet.ru,Male,207.219.76.146
826,Shantee,Kinnerk,skinnerkmx@github.com,Female,120.40.20.29
827,Gustie,Kinch,gkinchmy@google.cn,Female,144.81.105.50
828,Bernice,Rantoul,brantoulmz@zdnet.com,Polygender,62.20.255.64
829,Annabela,Gowry,agowryn0@example.com,Female,37.56.229.67
830,Prentiss,Elloy,pelloyn1@delicious.com,Male,99.207.132.144
831,Kass,Migheli,kmighelin2@youku.com,Female,114.55.208.204
832,Davine,Soutar,dsoutarn3@histats.com,Female,24.35.125.72
833,Friederike,Miner,fminern4@fotki.com,Agender,136.230.70.55
834,Revkah,Caso,rcason5@sbwire.com,Polygender,69.177.247.124
835,Faustine,Mattocks,fmattocksn6@columbia.edu,Female,171.199.77.89
836,Brody,Boundley,bboundleyn7@usa.gov,Male,180.132.237.98
837,Anjela,Sudell,asudelln8@e-recht24.de,Female,41.119.130.102
838,Jeddy,Boness,jbonessn9@so-net.ne.jp,Male,51.194.200.226
839,Bronny,Chooter,bchooterna@blog.com,Male,110.80.184.230
840,Taffy,Burchill,tburchillnb@miitbeian.gov.cn,Bigender,105.244.180.255
841,Jenn,Condon,jcondonnc@hexun.com,Female,15.84.36.75
842,Alejoa,Damsell,adamsellnd@irs.gov,Male,113.249.109.242
843,Raff,Vanstone,rvanstonene@webmd.com,Male,160.100.105.29
844,Rebeka,Keeves,rkeevesnf@pcworld.com,Female,157.226.239.222
845,Brnaby,Meek,bmeekng@cargocollective.com,Male,97.133.114.3
846,Una,Hedgecock,uhedgecocknh@soundcloud.com,Female,126.161.98.168
847,Deane,Wilcockes,dwilcockesni@123-reg.co.uk,Male,169.247.113.54
848,Samuel,Feakins,sfeakinsnj@hhs.gov,Male,20.55.37.14
849,Edgardo,Over,eovernk@com.com,Male,218.170.80.18
850,Milzie,MacNeill,mmacneillnl@cargocollective.com,Female,134.108.10.59
851,Marylou,Brinklow,mbrinklownm@imgur.com,Female,246.229.177.228
852,Kalindi,Confait,kconfaitnn@amazonaws.com,Female,189.44.61.27
853,Tull,Shearn,tshearnno@uiuc.edu,Male,122.86.117.109
854,Marinna,McAteer,mmcateernp@prnewswire.com,Genderfluid,100.33.212.237
855,Tirrell,Room,troomnq@google.co.jp,Male,88.34.46.252
856,Artemus,Briars,abriarsnr@odnoklassniki.ru,Male,212.5.151.224
857,Aubrey,Collis,acollisns@intel.com,Female,182.188.211.97
858,Kettie,Owbridge,kowbridgent@bluehost.com,Female,119.78.107.74
859,Earl,Beddingham,ebeddinghamnu@businesswire.com,Male,200.153.174.13
860,Harwell,Anersen,hanersennv@w3.org,Male,156.198.223.237
861,Nari,Metzke,nmetzkenw@kickstarter.com,Female,83.148.153.57
862,Fin,Cosbee,fcosbeenx@oaic.gov.au,Male,151.38.140.226
863,Isador,Delap,idelapny@about.me,Male,46.144.127.82
864,Gale,MacColl,gmaccollnz@ed.gov,Female,86.214.24.100
865,Kristal,Perry,kperryo0@tuttocitta.it,Female,24.75.97.33
866,Martie,Strank,mstranko1@hp.com,Male,32.239.207.63
867,Justinn,Broune,jbrouneo2@gov.uk,Female,227.37.216.156
868,Chrissie,Hamlen,chamleno3@archive.org,Male,28.215.185.182
869,Ashil,Nestor,anestoro4@telegraph.co.uk,Female,170.198.28.206
870,Pierson,Wakelin,pwakelino5@loc.gov,Male,107.112.68.29
871,Gilberta,Rollitt,grollitto6@artisteer.com,Female,47.79.109.213
872,Phineas,Ochiltree,pochiltreeo7@nba.com,Male,23.158.215.142
873,Stefano,Cheak,scheako8@prnewswire.com,Genderfluid,66.15.216.192
874,Jeniece,Kinavan,jkinavano9@sitemeter.com,Female,18.128.208.139
875,Kata,Topp,ktoppoa@unesco.org,Female,228.130.40.237
876,Stevana,Fison,sfisonob@printfriendly.com,Female,10.134.11.65
877,Kendre,Whisby,kwhisbyoc@cnn.com,Female,40.214.111.127
878,Hetti,Twallin,htwallinod@ca.gov,Female,188.4.99.201
879,Grier,Prinnett,gprinnettoe@engadget.com,Female,79.26.147.189
880,Deedee,Caudelier,dcaudelierof@mayoclinic.com,Agender,116.71.127.177
881,Sol,McFadden,smcfaddenog@amazon.de,Male,6.100.185.87
882,Cullan,Doumerque,cdoumerqueoh@newsvine.com,Male,224.171.66.133
883,Clerissa,Kairns,ckairnsoi@dedecms.com,Female,160.231.55.212
884,Rania,Wimlet,rwimletoj@nasa.gov,Female,137.113.252.229
885,Sophey,Pummell,spummellok@google.co.uk,Female,82.207.88.48
886,Warren,Peet,wpeetol@about.com,Male,233.120.177.111
887,Fey,Ewebank,fewebankom@homestead.com,Female,69.59.164.66
888,Palm,Ramsell,pramsellon@tuttocitta.it,Male,179.82.219.219
889,Lianne,Darragh,ldarraghoo@eventbrite.com,Female,25.9.63.169
890,Brok,Heddy,bheddyop@shutterfly.com,Male,189.252.254.66
891,Gram,Biggam,gbiggamoq@amazon.com,Male,103.173.197.223
892,Margareta,Seakings,mseakingsor@auda.org.au,Female,212.155.196.50
893,Marcela,Ridsdale,mridsdaleos@opensource.org,Female,22.89.4.187
894,Daniele,Masarrat,dmasarratot@vkontakte.ru,Female,196.92.227.51
895,Abdul,Rowlstone,arowlstoneou@squarespace.com,Male,254.201.184.176
896,Tirrell,Chater,tchaterov@bandcamp.com,Male,49.6.31.187
897,Lazar,Lewnden,llewndenow@disqus.com,Male,52.97.109.188
898,Elvyn,Gullane,egullaneox@g.co,Male,64.203.58.254
899,Teador,Lomas,tlomasoy@marketwatch.com,Male,98.155.128.212
900,Frederik,Innett,finnettoz@nsw.gov.au,Male,35.106.225.159
901,Shay,Bail,sbailp0@parallels.com,Genderqueer,80.244.164.195
902,Jacinthe,Lemar,jlemarp1@facebook.com,Agender,137.181.86.123
903,Hewe,Ledamun,hledamunp2@techcrunch.com,Male,17.14.215.75
904,Rachele,Tydd,rtyddp3@mayoclinic.com,Female,196.185.141.168
905,Christophorus,Alfuso,calfusop4@reddit.com,Male,249.179.93.213
906,Cathie,Carratt,ccarrattp5@biglobe.ne.jp,Female,11.248.28.207
907,Dru,Tolmie,dtolmiep6@tinypic.com,Male,181.247.185.83
908,Alejandro,Peres,aperesp7@amazon.co.jp,Agender,33.160.181.183
909,Reta,Yoxen,ryoxenp8@howstuffworks.com,Female,47.208.25.237
910,Richard,Siene,rsienep9@discuz.net,Male,144.24.8.66
911,Rafaelita,McDavitt,rmcdavittpa@howstuffworks.com,Female,246.134.182.8
912,Tucker,Deners,tdenerspb@wordpress.com,Male,27.74.225.11
913,Gay,Olander,golanderpc@mlb.com,Female,201.63.210.73
914,Brigit,Klagge,bklaggepd@google.pl,Female,18.89.231.10
915,Elysee,Jeffcoate,ejeffcoatepe@infoseek.co.jp,Female,56.201.157.115
916,Darby,Willcocks,dwillcockspf@stanford.edu,Male,207.225.14.44
917,Bennett,Dearnly,bdearnlypg@t-online.de,Genderfluid,202.62.11.250
918,Ardine,Gadie,agadieph@chron.com,Genderqueer,85.217.83.61
919,Odey,Perrin,operrinpi@booking.com,Male,194.97.162.41
920,Boycie,Pirdy,bpirdypj@mysql.com,Male,230.114.181.102
921,Dave,Petz,dpetzpk@printfriendly.com,Male,174.141.207.202
922,Lydon,Smoughton,lsmoughtonpl@so-net.ne.jp,Male,81.72.52.251
923,Meade,Vango,mvangopm@nationalgeographic.com,Male,153.234.155.211
924,Nina,Schoolfield,nschoolfieldpn@sun.com,Female,209.212.43.93
925,Godwin,Dyball,gdyballpo@ezinearticles.com,Male,187.195.138.147
926,Biddy,Ashbridge,bashbridgepp@businessinsider.com,Female,89.183.231.167
927,Cybill,Pardon,cpardonpq@senate.gov,Bigender,38.17.30.35
928,Sunny,Dowsey,sdowseypr@elpais.com,Female,225.204.6.80
929,Gordon,Braunfeld,gbraunfeldps@tripadvisor.com,Male,180.71.194.79
930,Kelsy,Seery,kseerypt@kickstarter.com,Agender,169.119.18.195
931,Ulick,Lockhurst,ulockhurstpu@slashdot.org,Male,110.199.31.98
932,Opaline,Bride,obridepv@slate.com,Female,78.196.13.54
933,Elspeth,Lamden,elamdenpw@yahoo.com,Female,254.99.32.77
934,Leonelle,Sappson,lsappsonpx@ovh.net,Female,209.56.118.234
935,Jaclin,Montrose,jmontrosepy@liveinternet.ru,Female,58.74.185.158
936,Abby,Sutherland,asutherlandpz@earthlink.net,Male,147.33.77.162
937,Caspar,Ferreiro,cferreiroq0@nyu.edu,Male,203.189.131.204
938,Seth,O'Duggan,sodugganq1@cornell.edu,Male,232.251.120.121
939,Melody,Sonley,msonleyq2@opensource.org,Female,92.223.234.2
940,Lawrence,Otteridge,lotteridgeq3@sitemeter.com,Male,158.221.47.121
941,Rora,Seifenmacher,rseifenmacherq4@fastcompany.com,Female,96.186.213.144
942,Templeton,Karet,tkaretq5@parallels.com,Male,239.153.136.92
943,Beltran,Jervis,bjervisq6@baidu.com,Male,247.31.214.167
944,Gustie,Anchor,ganchorq7@ted.com,Female,33.23.244.112
945,Lorelle,Font,lfontq8@engadget.com,Female,27.17.102.215
946,Brody,Lambertazzi,blambertazziq9@npr.org,Male,149.241.90.160
947,Rachelle,Gonnelly,rgonnellyqa@pbs.org,Female,183.170.204.136
948,Drucy,Malins,dmalinsqb@jugem.jp,Female,97.207.232.177
949,Ashlan,Brace,abraceqc@e-recht24.de,Female,68.208.163.35
950,Ceciley,Wakefield,cwakefieldqd@gizmodo.com,Female,215.139.190.13
951,Shay,Cupitt,scupittqe@indiegogo.com,Female,154.231.197.118
952,Aldus,Knight,aknightqf@godaddy.com,Male,93.53.52.183
953,Norry,Sprackling,nspracklingqg@mozilla.org,Female,62.233.236.19
954,Con,Andriveaux,candriveauxqh@sbwire.com,Female,58.124.109.201
955,Tani,Dumbrall,tdumbrallqi@patch.com,Female,91.237.61.245
956,Deane,Glenister,dglenisterqj@twitter.com,Male,102.25.238.245
957,Claresta,Drever,cdreverqk@wsj.com,Female,219.60.133.83
958,Hermann,Drawmer,hdrawmerql@usa.gov,Male,195.66.14.90
959,Denni,Glass,dglassqm@goodreads.com,Female,7.40.153.244
960,Martie,Born,mbornqn@homestead.com,Female,152.29.16.104
961,Darrell,Bresman,dbresmanqo@hao123.com,Male,61.18.103.159
962,Gerome,Pilsbury,gpilsburyqp@dedecms.com,Male,140.213.186.236
963,Yule,MacNeish,ymacneishqq@weather.com,Male,194.120.101.6
964,Pauline,Okey,pokeyqr@mapquest.com,Female,117.24.152.189
965,Ambrose,Hedaux,ahedauxqs@aboutads.info,Polygender,33.90.196.184
966,Trueman,Houtbie,thoutbieqt@booking.com,Polygender,110.46.214.245
967,Mannie,Brixey,mbrixeyqu@woothemes.com,Male,83.226.149.155
968,Corbet,Ballay,cballayqv@apache.org,Male,61.134.245.232
969,Christoffer,Kerr,ckerrqw@delicious.com,Male,202.121.44.183
970,Brade,Montford,bmontfordqx@amazon.com,Male,133.86.1.199
971,Karlik,Jedrzaszkiewicz,kjedrzaszkiewiczqy@independent.co.uk,Male,76.89.175.90
972,Rivi,Schuler,rschulerqz@jimdo.com,Female,103.94.198.183
973,Missy,Baldocci,mbaldoccir0@hud.gov,Female,98.63.95.151
974,Helyn,Silvermann,hsilvermannr1@istockphoto.com,Female,202.166.158.123
975,Thatcher,Anespie,tanespier2@webs.com,Male,176.250.129.114
976,Hayden,Boultwood,hboultwoodr3@seesaa.net,Male,199.178.208.27
977,Concordia,Seyers,cseyersr4@blinklist.com,Female,157.114.40.115
978,Glyn,Dymond,gdymondr5@marketwatch.com,Male,151.62.148.184
979,Duffie,Tebbett,dtebbettr6@hexun.com,Male,38.31.47.54
980,Nevsa,Flawith,nflawithr7@arstechnica.com,Female,223.204.216.146
981,Lucienne,Hoys,lhoysr8@hugedomains.com,Female,210.241.136.66
982,Frannie,Lodge,flodger9@about.me,Male,175.62.72.111
983,Morten,McGauhy,mmcgauhyra@dropbox.com,Male,67.55.251.12
984,Aleda,Dimbylow,adimbylowrb@sciencedirect.com,Female,159.71.160.227
985,Pyotr,Hastin,phastinrc@pbs.org,Male,104.40.32.195
986,Iorgo,Hurll,ihurllrd@instagram.com,Male,21.92.28.203
987,Michel,Cracknell,mcracknellre@accuweather.com,Male,69.227.39.50
988,Jess,Ianni,jiannirf@patch.com,Male,118.140.98.95
989,Meryl,Biddlecombe,mbiddlecomberg@seesaa.net,Male,151.50.102.107
990,Alisander,Emblem,aemblemrh@marketwatch.com,Male,143.52.78.0
991,Raf,Halliburton,rhalliburtonri@hao123.com,Female,35.57.75.216
992,Tristan,Durie,tdurierj@blog.com,Male,116.140.18.135
993,Ginnie,Cobbold,gcobboldrk@pagesperso-orange.fr,Female,57.165.50.203
994,Augusta,Guilfoyle,aguilfoylerl@wikimedia.org,Female,190.103.26.20
995,Frederik,Dahlborg,fdahlborgrm@spiegel.de,Male,88.170.35.118
996,Gard,McAuley,gmcauleyrn@spotify.com,Male,238.221.106.34
997,Lily,Counsell,lcounsellro@vinaora.com,Female,88.86.4.237
998,Benny,Ledgeway,bledgewayrp@princeton.edu,Male,26.194.242.238
999,Valentine,Dovidaitis,vdovidaitisrq@icio.us,Female,77.37.112.50
1000,Justina,Seely,jseelyrr@house.gov,Female,82.8.22.147
