id,first_name,last_name,email,gender,ip_address
1,Aloisia,Gummow,agummow0@bloglines.com,Female,149.55.239.238
2,Burke,Chellam,bchellam1@cnet.com,Male,13.56.171.212
3,Cyrille,Jacquest,cjacquest2@amazon.com,Male,118.195.225.14
4,Noland,Heindle,nheindle3@goo.ne.jp,Male,139.104.32.179
5,Zorana,Harbach,zharbach4@ow.ly,Female,37.44.90.17
6,Claudette,Crosen,ccrosen5@cisco.com,Female,216.135.237.245
7,Gratiana,Wethers,gwethers6@istockphoto.com,Female,148.74.20.201
8,Kiel,Kyteley,kkyteley7@smh.com.au,Bigender,219.161.124.29
9,Matteo,Walliker,mwalliker8@acquirethisname.com,Male,193.85.49.140
10,Jasmin,Buttler,jbuttler9@issuu.com,Female,156.83.42.216
11,Marin,Giaomozzo,mgiaomozzoa@businessweek.com,Female,235.27.158.137
12,Morse,Dart,mdartb@europa.eu,Male,197.52.19.75
13,Gil,Davids,gdavidsc@nifty.com,Male,110.15.75.73
14,Marcelia,Hucker,mhuckerd@comcast.net,Female,28.154.15.194
15,Olav,Drei,odreie@ovh.net,Male,205.53.210.223
16,Myrtle,Ayscough,mayscoughf@geocities.jp,Female,143.84.40.90
17,Lovell,Rands,lrandsg@ehow.com,Male,134.70.151.160
18,Tommy,Pedrozzi,tpedrozzih@prweb.com,Genderqueer,44.93.88.186
19,Dewie,Drewet,ddreweti@oaic.gov.au,Male,216.191.74.76
20,Kacie,Frostdick,kfrostdickj@dedecms.com,Female,35.181.41.197
21,Coop,Bowfin,cbowfink@livejournal.com,Male,153.230.46.111
22,Ephraim,Pallasch,epallaschl@ocn.ne.jp,Male,143.78.24.121
23,Fleming,Denholm,fdenholmm@seesaa.net,Male,116.54.89.98
24,Garik,Littlefield,glittlefieldn@123-reg.co.uk,Male,135.37.238.223
25,Urbain,Sier,usiero@dailymail.co.uk,Male,116.70.204.108
26,Ron,Blissitt,rblissittp@weibo.com,Male,139.172.130.96
27,Delmore,Sorsby,dsorsbyq@sakura.ne.jp,Male,243.15.210.65
28,Hew,Dinse,hdinser@mail.ru,Male,138.145.155.234
29,Ardelia,Telega,atelegas@tamu.edu,Female,204.120.38.177
30,Alexandro,Stonebridge,astonebridget@godaddy.com,Male,151.211.15.8
31,Jaymie,Moysey,jmoyseyu@example.com,Male,135.11.66.126
32,Rozamond,Lornsen,rlornsenv@walmart.com,Female,62.142.173.18
33,Horst,Marriage,hmarriagew@symantec.com,Male,161.181.177.164
34,Almeria,Billborough,abillboroughx@symantec.com,Female,147.126.241.23
35,Kellby,Lowson,klowsony@illinois.edu,Male,6.121.7.123
36,Mirabel,Ketchen,mketchenz@telegraph.co.uk,Female,21.216.68.110
37,Thomasina,Thaine,tthaine10@liveinternet.ru,Non-binary,217.53.96.121
38,Cherin,Darnell,cdarnell11@chronoengine.com,Female,10.120.137.28
39,Brynne,Eudall,beudall12@japanpost.jp,Female,102.40.75.169
40,Selig,Chagg,schagg13@webnode.com,Male,154.157.93.225
41,Parry,Kiossel,pkiossel14@ca.gov,Male,137.243.208.57
42,Otho,Tibbs,otibbs15@wordpress.com,Male,155.174.47.23
43,Titos,Curner,tcurner16@ehow.com,Male,33.187.60.171
44,Jephthah,Austin,jaustin17@dell.com,Male,154.48.152.70
45,Esteban,McQuilliam,emcquilliam18@nydailynews.com,Male,94.131.236.34
46,Rickey,Charlet,rcharlet19@wix.com,Male,201.78.203.244
47,Laurent,Daud,ldaud1a@topsy.com,Male,163.242.39.194
48,Nevsa,Ladbrooke,nladbrooke1b@slashdot.org,Female,238.171.13.170
49,Libbi,Battin,lbattin1c@purevolume.com,Female,164.165.218.20
50,Dehlia,Danielli,ddanielli1d@chronoengine.com,Female,209.73.116.32
51,Basile,Peeke-Vout,bpeekevout1e@geocities.com,Male,57.83.121.110
52,Gavrielle,Noddle,gnoddle1f@uol.com.br,Genderfluid,157.100.146.255
53,Rosamund,Carp,rcarp1g@gmpg.org,Female,199.180.195.131
54,Gypsy,Mandeville,gmandeville1h@zdnet.com,Female,129.84.173.53
55,Hallsy,Fulop,hfulop1i@gov.uk,Male,75.93.77.184
56,Eve,Lowrance,elowrance1j@engadget.com,Female,32.13.165.238
57,Beverie,Otridge,botridge1k@nyu.edu,Female,75.8.75.134
58,Truman,O' Shea,toshea1l@freewebs.com,Agender,122.252.133.178
59,Enrica,Purle,epurle1m@hhs.gov,Female,140.232.111.33
60,William,Beardwell,wbeardwell1n@nationalgeographic.com,Male,85.168.240.32
61,Herminia,Mieville,hmieville1o@paginegialle.it,Female,62.190.106.229
62,Margery,Ilett,milett1p@issuu.com,Female,160.225.173.30
63,Hilliard,Scarfe,hscarfe1q@springer.com,Male,96.93.72.120
64,Way,Itzcovich,witzcovich1r@linkedin.com,Male,56.78.252.110
65,Audra,Bywaters,abywaters1s@123-reg.co.uk,Female,120.61.103.123
66,Chery,Shellum,cshellum1t@dedecms.com,Female,6.87.99.75
67,Didi,Baldery,dbaldery1u@cloudflare.com,Female,152.253.13.23
68,Cathlene,Massenhove,cmassenhove1v@geocities.com,Female,79.189.251.110
69,Dorena,Carlon,dcarlon1w@nba.com,Female,76.180.190.113
70,Gene,Fransseni,gfransseni1x@ebay.co.uk,Female,51.148.64.115
71,Willdon,Sannes,wsannes1y@simplemachines.org,Male,167.49.58.28
72,Edward,Abbado,eabbado1z@rambler.ru,Male,112.56.40.85
73,Corby,Kerwick,ckerwick20@cnn.com,Male,239.82.78.36
74,Gabbie,Riddock,griddock21@ft.com,Male,227.37.103.144
75,Raviv,Hearley,rhearley22@wikipedia.org,Male,163.105.72.72
76,Livvy,MacArd,lmacard23@comcast.net,Female,189.67.66.90
77,Ximenes,Gosland,xgosland24@constantcontact.com,Male,236.105.245.111
78,Talia,Frew,tfrew25@admin.ch,Female,21.45.60.249
79,Gerhardt,McCague,gmccague26@networksolutions.com,Male,12.120.86.217
80,Annissa,Lexa,alexa27@ameblo.jp,Female,235.216.56.157
81,Norbie,Duggan,nduggan28@ezinearticles.com,Male,29.0.67.132
82,Sileas,Morrant,smorrant29@sciencedirect.com,Female,99.244.118.216
83,Aron,Hindhaugh,ahindhaugh2a@who.int,Agender,136.2.97.14
84,Angelle,Pittendreigh,apittendreigh2b@senate.gov,Female,139.198.221.113
85,Horace,Pfeffer,hpfeffer2c@europa.eu,Male,41.237.108.255
86,Veriee,Okie,vokie2d@nps.gov,Female,7.74.6.78
87,Noellyn,Gontier,ngontier2e@miitbeian.gov.cn,Female,26.181.227.160
88,Brit,McNae,bmcnae2f@apple.com,Female,188.160.114.195
89,Mag,Cawt,mcawt2g@about.com,Female,212.127.9.190
90,Tabitha,Scurr,tscurr2h@discovery.com,Female,214.117.37.59
91,Aundrea,Foss,afoss2i@blogs.com,Genderqueer,243.204.106.96
92,Monte,Deathridge,mdeathridge2j@patch.com,Male,64.82.48.185
93,Inger,Seagrave,iseagrave2k@paginegialle.it,Female,231.94.124.188
94,Westley,Flower,wflower2l@cdc.gov,Male,118.218.130.161
95,Abey,Staniford,astaniford2m@xing.com,Male,134.126.242.158
96,Haskell,Loisi,hloisi2n@admin.ch,Male,93.192.210.33
97,Paulo,Pask,ppask2o@nydailynews.com,Male,41.237.169.73
98,Cchaddie,Nyssens,cnyssens2p@friendfeed.com,Male,135.89.183.126
99,Jan,Eltringham,jeltringham2q@hc360.com,Female,93.133.113.229
100,Fowler,Verlander,fverlander2r@upenn.edu,Male,121.228.111.39
101,Christie,Jellybrand,cjellybrand2s@macromedia.com,Female,113.108.102.90
102,Marianna,Carroll,mcarroll2t@si.edu,Female,45.161.33.200
103,Frazier,McCrow,fmccrow2u@dailymotion.com,Male,66.134.177.13
104,Demott,Landeg,dlandeg2v@networkadvertising.org,Male,67.185.6.248
105,Tybalt,Jezard,tjezard2w@phoca.cz,Agender,107.218.60.197
106,Zilvia,Jaggard,zjaggard2x@pcworld.com,Female,106.35.98.67
107,Kalle,Healks,khealks2y@bloomberg.com,Male,253.122.14.226
108,Abelard,Kenen,akenen2z@twitter.com,Male,220.153.67.195
109,Aretha,Pestell,apestell30@reuters.com,Female,120.83.186.129
110,Cullen,Stemp,cstemp31@artisteer.com,Bigender,136.102.41.173
111,Garrott,Coverly,gcoverly32@mashable.com,Male,28.85.144.8
112,Alistair,Wareing,awareing33@dropbox.com,Male,72.71.0.234
113,Shelden,Jonas,sjonas34@nydailynews.com,Agender,197.11.129.118
114,Nikoletta,Merle,nmerle35@geocities.com,Female,167.14.59.146
115,Alexis,Fullard,afullard36@4shared.com,Male,151.36.222.168
116,Vickie,Ealden,vealden37@youtu.be,Female,130.9.213.101
117,Xylia,Hanbury,xhanbury38@cisco.com,Female,75.117.142.28
118,Darlleen,Gowdie,dgowdie39@jimdo.com,Female,156.72.108.20
119,Zebulen,Jendrach,zjendrach3a@cbc.ca,Male,0.4.142.103
120,Averell,Michurin,amichurin3b@hexun.com,Male,49.195.219.93
121,Donnamarie,Eubank,deubank3c@angelfire.com,Female,179.63.34.106
122,Sylvester,Livzey,slivzey3d@netvibes.com,Male,211.155.63.144
123,Lew,Foukx,lfoukx3e@chicagotribune.com,Male,198.204.71.21
124,Lynnett,Dowsey,ldowsey3f@bloglovin.com,Non-binary,211.129.208.141
125,Petunia,Bridie,pbridie3g@miitbeian.gov.cn,Female,30.131.73.209
126,Edmon,Swallwell,eswallwell3h@twitpic.com,Male,87.24.105.178
127,Freddie,Posselow,fposselow3i@redcross.org,Female,124.38.213.65
128,Loren,Vedyashkin,lvedyashkin3j@addtoany.com,Female,39.137.164.74
129,Aurea,Swyer,aswyer3k@engadget.com,Female,26.162.229.246
130,Bernadina,Leynagh,bleynagh3l@fc2.com,Female,229.83.22.20
131,Alane,Jest,ajest3m@facebook.com,Female,113.223.80.209
132,Mayer,Quakley,mquakley3n@illinois.edu,Agender,24.124.223.64
133,Lauretta,Bundock,lbundock3o@delicious.com,Female,193.94.5.146
134,Adina,Korneichuk,akorneichuk3p@walmart.com,Female,242.177.183.201
135,Genni,Wretham,gwretham3q@epa.gov,Female,196.73.70.96
136,Ahmed,Trevor,atrevor3r@eepurl.com,Male,74.108.17.22
137,Jacenta,Bonhomme,jbonhomme3s@nps.gov,Agender,79.162.63.135
138,Janice,Randles,jrandles3t@chronoengine.com,Female,12.206.79.251
139,Lizette,Civitillo,lcivitillo3u@prweb.com,Agender,2.26.105.77
140,Tammara,Yeskov,tyeskov3v@msn.com,Female,80.253.117.29
141,Elwyn,Yglesia,eyglesia3w@nationalgeographic.com,Bigender,104.49.202.185
142,Skelly,Deeth,sdeeth3x@rambler.ru,Male,142.153.104.3
143,Oberon,Greiser,ogreiser3y@amazon.co.uk,Male,95.125.247.192
144,Brittne,Burniston,bburniston3z@booking.com,Female,233.124.66.121
145,Elwyn,Castellanos,ecastellanos40@arstechnica.com,Male,232.89.137.49
146,Sibbie,Hodinton,shodinton41@narod.ru,Female,81.171.124.162
147,Alex,Overstall,aoverstall42@cnet.com,Female,28.124.218.96
148,Lorrie,Alleyn,lalleyn43@mit.edu,Female,158.35.55.177
149,Lanny,Fermor,lfermor44@360.cn,Female,155.129.80.66
150,Ninetta,Boissier,nboissier45@photobucket.com,Female,33.197.187.214
151,Sheelah,Ferrier,sferrier46@domainmarket.com,Female,230.159.249.77
152,Packston,Casina,pcasina47@columbia.edu,Male,8.135.34.198
153,Denys,Lindstrom,dlindstrom48@nature.com,Female,255.151.180.181
154,Arv,Minithorpe,aminithorpe49@smh.com.au,Male,197.169.189.111
155,Natalie,Smaridge,nsmaridge4a@elegantthemes.com,Female,66.235.225.174
156,Westley,Jarrette,wjarrette4b@state.tx.us,Male,116.16.19.135
157,Francesco,Yurov,fyurov4c@nba.com,Polygender,93.159.79.62
158,Weidar,MacDonagh,wmacdonagh4d@netscape.com,Male,240.147.146.230
159,Troy,Bednell,tbednell4e@yahoo.co.jp,Male,134.1.98.3
160,Dionysus,Domino,ddomino4f@merriam-webster.com,Male,251.86.242.188
161,Cyndie,Carlesi,ccarlesi4g@ovh.net,Female,216.215.137.94
162,Jessie,Figura,jfigura4h@state.gov,Female,37.103.72.36
163,Jeannette,Shanley,jshanley4i@ft.com,Female,18.75.238.63
164,Bobby,Tenaunt,btenaunt4j@de.vu,Male,199.129.71.185
165,Aymer,Morse,amorse4k@elegantthemes.com,Male,184.70.114.229
166,Orelia,Stredwick,ostredwick4l@free.fr,Female,248.63.109.126
167,Effie,Brewitt,ebrewitt4m@google.cn,Female,53.26.86.230
168,Ansel,Jope,ajope4n@cloudflare.com,Male,147.247.242.138
169,Jerrie,Kidsley,jkidsley4o@1688.com,Polygender,91.87.96.252
170,Cecil,Bountiff,cbountiff4p@bigcartel.com,Male,118.225.40.246
171,Gusella,Farmer,gfarmer4q@usa.gov,Female,130.251.255.163
172,Vanya,Battrum,vbattrum4r@wikia.com,Male,140.164.67.69
173,Melly,Boote,mboote4s@fda.gov,Female,68.14.252.233
174,Prinz,Henningham,phenningham4t@redcross.org,Male,212.2.63.44
175,Roxine,MacGaffey,rmacgaffey4u@chronoengine.com,Female,32.215.200.96
176,Stacey,Sagg,ssagg4v@berkeley.edu,Female,110.222.92.4
177,Natalina,Barrowcliffe,nbarrowcliffe4w@hubpages.com,Female,73.66.33.141
178,Rafferty,Lorincz,rlorincz4x@cmu.edu,Male,93.22.207.159
179,Lorenza,Brumen,lbrumen4y@barnesandnoble.com,Non-binary,171.228.105.50
180,Glen,Pantry,gpantry4z@epa.gov,Female,37.15.92.108
181,Rosemonde,Stronge,rstronge50@free.fr,Female,176.210.123.43
182,Marvin,Kelby,mkelby51@photobucket.com,Male,133.198.132.148
183,William,Matiebe,wmatiebe52@businessinsider.com,Polygender,107.24.28.132
184,Letti,Knibley,lknibley53@businesswire.com,Female,198.211.62.119
185,Loria,Stoven,lstoven54@imdb.com,Female,22.238.229.222
186,Aileen,Baum,abaum55@europa.eu,Female,97.174.244.128
187,Chariot,Braz,cbraz56@sitemeter.com,Male,160.248.208.76
188,Kassandra,Eby,keby57@princeton.edu,Female,93.68.103.38
189,Norbert,Melmoth,nmelmoth58@cargocollective.com,Male,206.221.226.203
190,Ellyn,Kinnin,ekinnin59@thetimes.co.uk,Female,213.117.0.36
191,Derrek,Spinke,dspinke5a@samsung.com,Male,137.244.197.40
192,Ernesta,Becken,ebecken5b@phpbb.com,Genderfluid,10.122.245.229
193,Javier,Antonellini,jantonellini5c@homestead.com,Male,81.198.244.31
194,Ruperto,Counihan,rcounihan5d@usnews.com,Male,150.94.115.23
195,Deck,Forrest,dforrest5e@japanpost.jp,Male,80.31.239.115
196,Eliza,Chetwin,echetwin5f@cloudflare.com,Female,177.116.46.106
197,Jodi,Spinke,jspinke5g@canalblog.com,Male,70.27.157.252
198,Jeremie,Grimolbie,jgrimolbie5h@devhub.com,Male,54.207.201.18
199,Leilah,Van't Hoff,lvanthoff5i@icio.us,Female,96.97.93.50
200,Tallia,Dowall,tdowall5j@360.cn,Female,168.75.198.60
201,Felice,Hailes,fhailes5k@symantec.com,Female,22.214.136.93
202,Ines,Derby,iderby5l@miitbeian.gov.cn,Female,54.173.76.149
203,Sibylle,Hampson,shampson5m@elpais.com,Female,217.154.23.167
204,Morten,Handrok,mhandrok5n@wikia.com,Bigender,39.99.230.254
205,Danie,Armiger,darmiger5o@zdnet.com,Male,87.96.165.226
206,Deidre,Hachard,dhachard5p@ow.ly,Non-binary,131.163.208.218
207,June,Solano,jsolano5q@icio.us,Female,92.51.120.11
208,Sandye,Aldersea,saldersea5r@homestead.com,Female,206.216.80.10
209,Enrica,Gannan,egannan5s@cisco.com,Female,201.83.169.135
210,Sid,Fountaine,sfountaine5t@google.cn,Genderqueer,0.34.158.232
211,Leontyne,Ivett,livett5u@ning.com,Female,246.164.201.179
212,Silvana,Hegges,shegges5v@a8.net,Female,104.158.193.209
213,Babbette,De Maria,bdemaria5w@skyrock.com,Female,152.14.94.63
214,Averell,Huerta,ahuerta5x@tripod.com,Male,133.225.213.117
215,Evyn,Thompstone,ethompstone5y@amazon.co.jp,Male,51.57.181.80
216,Bianca,Shervil,bshervil5z@scribd.com,Female,169.247.166.245
217,Lemar,Lindsey,llindsey60@telegraph.co.uk,Male,183.156.62.70
218,Idell,Solomonides,isolomonides61@springer.com,Female,35.99.134.116
219,Shay,Banting,sbanting62@amazon.co.jp,Male,196.49.204.166
220,Cozmo,Radleigh,cradleigh63@smh.com.au,Male,173.55.215.87
221,Sophey,Rochell,srochell64@tripod.com,Female,221.122.50.55
222,Willa,Beausang,wbeausang65@shinystat.com,Bigender,218.254.71.134
223,Griffie,Tinto,gtinto66@nationalgeographic.com,Genderqueer,117.231.124.58
224,Jarrod,Jacquot,jjacquot67@utexas.edu,Male,224.133.211.144
225,Odette,Dugmore,odugmore68@mit.edu,Female,145.162.24.135
226,Mallory,Carlon,mcarlon69@typepad.com,Male,249.64.89.94
227,Cody,Ends,cends6a@amazon.co.uk,Female,219.58.134.13
228,Anna-maria,Vernall,avernall6b@plala.or.jp,Female,94.146.131.244
229,Devondra,Gipson,dgipson6c@nydailynews.com,Female,204.79.126.44
230,Alvina,Peartree,apeartree6d@printfriendly.com,Female,202.62.124.185
231,Carolyn,Haighton,chaighton6e@artisteer.com,Female,202.48.154.254
232,Dagny,Perez,dperez6f@wunderground.com,Male,203.149.179.101
233,Chrissie,Grievson,cgrievson6g@wiley.com,Male,90.54.160.70
234,Rebekkah,Noton,rnoton6h@eventbrite.com,Female,32.192.253.117
235,Hakim,Raselles,hraselles6i@angelfire.com,Male,42.3.243.222
236,Ludwig,Hamby,lhamby6j@engadget.com,Male,242.167.186.19
237,Davine,Neillans,dneillans6k@hubpages.com,Female,83.96.66.155
238,Gwennie,Gooch,ggooch6l@51.la,Female,102.52.177.128
239,Ginny,Brydone,gbrydone6m@fema.gov,Female,101.74.225.220
240,Edwina,Bosche,ebosche6n@sakura.ne.jp,Female,21.85.134.57
241,Davie,Killough,dkillough6o@woothemes.com,Male,211.54.191.250
242,Sonia,Liff,sliff6p@umich.edu,Female,35.246.146.59
243,Nixie,Jeffs,njeffs6q@tripod.com,Female,56.225.93.237
244,Flem,Guido,fguido6r@fotki.com,Male,229.63.129.111
245,Peta,Clowley,pclowley6s@4shared.com,Female,141.166.23.147
246,Phoebe,Kitchingman,pkitchingman6t@plala.or.jp,Female,146.32.144.243
247,Trent,Enos,tenos6u@canalblog.com,Male,114.29.210.66
248,Sidonia,Wheadon,swheadon6v@wikia.com,Female,23.220.127.211
249,Arther,Cavie,acavie6w@addthis.com,Genderfluid,212.102.131.175
250,Claude,Darcy,cdarcy6x@shop-pro.jp,Female,140.236.71.15
251,Alli,Coots,acoots6y@sun.com,Female,135.132.36.146
252,Abraham,Heddy,aheddy6z@sakura.ne.jp,Male,44.131.191.45
253,Mary,Noweak,mnoweak70@aol.com,Female,31.161.6.123
254,Horatius,Toal,htoal71@guardian.co.uk,Male,51.57.153.57
255,Kathleen,Beames,kbeames72@ted.com,Female,72.127.94.11
256,Helga,Cumberbatch,hcumberbatch73@cafepress.com,Female,201.216.122.111
257,Guss,Laudham,glaudham74@cloudflare.com,Male,124.228.211.20
258,Haleigh,Laybourn,hlaybourn75@hubpages.com,Male,21.230.169.247
259,Donny,Ambroise,dambroise76@wikispaces.com,Agender,52.88.148.254
260,Eddy,Astbery,eastbery77@slashdot.org,Male,3.223.51.4
261,Dedra,Chitson,dchitson78@blogger.com,Female,88.13.168.246
262,Shoshanna,Strain,sstrain79@woothemes.com,Female,48.161.13.185
263,Morty,McIlenna,mmcilenna7a@dion.ne.jp,Male,152.187.88.185
264,Julieta,Ridulfo,jridulfo7b@addtoany.com,Female,127.98.62.83
265,Danila,Cafferty,dcafferty7c@netlog.com,Female,81.171.30.142
266,Jamey,Veness,jveness7d@i2i.jp,Male,102.24.240.131
267,Julieta,Strongman,jstrongman7e@moonfruit.com,Female,68.104.26.221
268,Odella,Writtle,owrittle7f@salon.com,Female,115.213.86.7
269,Calli,Bosse,cbosse7g@addtoany.com,Female,174.69.255.87
270,Gav,Poate,gpoate7h@bluehost.com,Polygender,35.133.38.159
271,Gillian,Abbay,gabbay7i@angelfire.com,Female,210.58.59.227
272,Shalom,Effemy,seffemy7j@redcross.org,Male,74.126.232.8
273,Abeu,Ellings,aellings7k@dailymotion.com,Male,136.245.213.196
274,Beulah,Bewshea,bbewshea7l@flavors.me,Female,127.165.21.95
275,Magdaia,Alsobrook,malsobrook7m@reddit.com,Female,145.115.151.97
276,Karry,Gothup,kgothup7n@admin.ch,Female,184.83.199.208
277,Carey,Drayton,cdrayton7o@sitemeter.com,Female,151.56.199.13
278,Joni,Akeherst,jakeherst7p@nps.gov,Female,47.152.102.210
279,Broddie,Purbrick,bpurbrick7q@barnesandnoble.com,Male,36.34.55.141
280,Janis,Wasteney,jwasteney7r@nifty.com,Female,252.33.52.77
281,Noland,Bycraft,nbycraft7s@upenn.edu,Male,34.111.251.204
282,El,Pickin,epickin7t@webs.com,Male,196.211.198.229
283,Briano,Boram,bboram7u@usgs.gov,Polygender,71.186.67.106
284,Brook,Ludee,bludee7v@t.co,Male,127.181.10.127
285,Dione,Tonkinson,dtonkinson7w@rambler.ru,Female,87.237.125.172
286,Rubia,Dufour,rdufour7x@tumblr.com,Female,68.17.124.156
287,Bibby,Hayter,bhayter7y@infoseek.co.jp,Female,90.173.160.212
288,Margarita,Chidzoy,mchidzoy7z@ft.com,Female,112.145.128.37
289,Leigh,Drei,ldrei80@barnesandnoble.com,Female,15.217.108.239
290,Therese,Lapley,tlapley81@amazonaws.com,Female,79.61.230.62
291,Lexine,Sollars,lsollars82@devhub.com,Female,128.196.104.57
292,Pearline,Sharpley,psharpley83@biglobe.ne.jp,Female,187.37.99.2
293,Coralyn,Brooker,cbrooker84@sakura.ne.jp,Female,28.86.80.2
294,Kristofer,Southeran,ksoutheran85@mediafire.com,Male,150.37.221.168
295,Chico,Roblou,croblou86@wunderground.com,Male,84.129.126.126
296,Blaine,Doogood,bdoogood87@jigsy.com,Genderqueer,47.242.141.96
297,Giulio,Ferrer,gferrer88@behance.net,Male,113.23.108.60
298,Lindsey,Hirtzmann,lhirtzmann89@imdb.com,Female,231.129.174.149
299,Brigg,Tythe,btythe8a@ucoz.com,Male,34.213.172.94
300,Say,Dagnall,sdagnall8b@ted.com,Male,184.129.196.203
301,Nickey,Allden,nallden8c@nature.com,Male,111.102.142.23
302,Nataniel,Ridpath,nridpath8d@slideshare.net,Polygender,221.235.107.52
303,Danella,Ivannikov,divannikov8e@altervista.org,Genderfluid,18.15.37.246
304,Gates,Gluyus,ggluyus8f@dot.gov,Female,10.103.66.92
305,Elianora,Gariff,egariff8g@sourceforge.net,Female,203.31.227.31
306,Xever,Nabarro,xnabarro8h@icio.us,Male,28.65.190.242
307,Anestassia,Romaint,aromaint8i@abc.net.au,Female,59.29.75.76
308,Hazel,Ridsdell,hridsdell8j@shutterfly.com,Female,86.206.232.244
309,Dwain,Biasi,dbiasi8k@cbsnews.com,Male,169.33.203.125
310,Angele,Soan,asoan8l@prlog.org,Female,43.86.235.163
311,Farrand,Jedrachowicz,fjedrachowicz8m@g.co,Female,208.85.45.137
312,Dorothee,Voysey,dvoysey8n@tripod.com,Female,97.149.167.6
313,Murvyn,Frake,mfrake8o@hibu.com,Male,192.63.141.73
314,Gardner,Pischel,gpischel8p@ucsd.edu,Male,250.238.76.173
315,Oriana,St. Quentin,ostquentin8q@example.com,Female,31.204.126.243
316,Jordon,Baynon,jbaynon8r@hhs.gov,Male,223.125.250.52
317,Kleon,Twinn,ktwinn8s@java.com,Male,134.148.24.230
318,Yardley,Galego,ygalego8t@businessinsider.com,Male,43.195.155.203
319,Bruno,Jochanany,bjochanany8u@dailymotion.com,Male,71.245.82.106
320,Noby,Duberry,nduberry8v@archive.org,Male,84.39.183.76
321,Deck,Bygott,dbygott8w@theguardian.com,Male,54.177.205.30
322,Lindie,Crebo,lcrebo8x@photobucket.com,Female,133.45.152.31
323,Berta,Thairs,bthairs8y@si.edu,Female,227.47.124.54
324,Willy,O'Howbane,wohowbane8z@cloudflare.com,Genderqueer,101.171.145.51
325,Germaine,Posner,gposner90@soundcloud.com,Male,139.243.152.52
326,Nataniel,Stanlake,nstanlake91@buzzfeed.com,Male,8.76.21.195
327,Connie,Withringten,cwithringten92@blogspot.com,Male,105.81.178.100
328,Davin,Archbould,darchbould93@printfriendly.com,Male,75.132.38.207
329,Bank,McGiven,bmcgiven94@livejournal.com,Male,39.56.202.76
330,Doloritas,Callan,dcallan95@mayoclinic.com,Female,23.13.151.226
331,Evie,Jentgens,ejentgens96@gov.uk,Female,164.45.143.67
332,Neda,Constanza,nconstanza97@tumblr.com,Female,109.231.75.63
333,Jesse,Handasyde,jhandasyde98@reddit.com,Male,66.80.154.163
334,Emery,Gorler,egorler99@google.cn,Male,80.175.41.191
335,Jacobo,Nisby,jnisby9a@craigslist.org,Male,135.173.52.161
336,Slade,Paffley,spaffley9b@artisteer.com,Male,68.181.155.157
337,Gale,Walkinshaw,gwalkinshaw9c@bigcartel.com,Female,53.201.6.119
338,Faulkner,Luckie,fluckie9d@4shared.com,Male,82.17.30.69
339,Astrix,Grigoryev,agrigoryev9e@phpbb.com,Female,163.208.168.167
340,Phyllys,Brise,pbrise9f@nytimes.com,Female,137.209.224.114
341,Orlando,Megroff,omegroff9g@usatoday.com,Male,193.133.76.4
342,Rochelle,Calan,rcalan9h@examiner.com,Polygender,110.156.222.96
343,Cammy,Van Der Weedenburg,cvanderweedenburg9i@hibu.com,Female,199.162.221.40
344,Drusilla,Leist,dleist9j@java.com,Female,89.202.83.52
345,Izaak,Riguard,iriguard9k@geocities.jp,Polygender,64.145.110.247
346,Griffie,Amthor,gamthor9l@networksolutions.com,Male,76.1.136.165
347,Mariam,Jacmar,mjacmar9m@homestead.com,Female,159.13.59.73
348,Sheilakathryn,Freschi,sfreschi9n@ezinearticles.com,Female,210.8.95.251
349,Colan,Renhard,crenhard9o@adobe.com,Male,208.82.14.232
350,Moria,Van der Veldt,mvanderveldt9p@angelfire.com,Female,111.133.86.179
351,Rhetta,Riordan,rriordan9q@vk.com,Female,182.231.57.84
352,Chantal,Twomey,ctwomey9r@ezinearticles.com,Bigender,132.148.9.9
353,Lannie,Vannacci,lvannacci9s@cyberchimps.com,Male,60.247.50.32
354,Puff,Errey,perrey9t@nature.com,Male,33.23.24.239
355,Gilbertina,Covelle,gcovelle9u@about.com,Female,172.219.184.109
356,Vern,McWilliams,vmcwilliams9v@cdc.gov,Male,162.189.196.160
357,Tobi,Lodge,tlodge9w@stanford.edu,Female,62.184.197.2
358,Donn,Josskovitz,djosskovitz9x@blogspot.com,Male,10.41.116.93
359,Berty,McGrorty,bmcgrorty9y@who.int,Male,48.116.240.66
360,Haven,Serle,hserle9z@technorati.com,Male,64.87.78.250
361,Michail,Kemwal,mkemwala0@kickstarter.com,Male,213.139.218.84
362,Vinny,Killwick,vkillwicka1@cargocollective.com,Male,209.253.184.170
363,Melisse,Fabbri,mfabbria2@e-recht24.de,Female,118.248.34.122
364,Frederigo,Rockcliffe,frockcliffea3@europa.eu,Male,66.143.209.78
365,Loydie,Coulton,lcoultona4@comsenz.com,Genderqueer,155.59.140.232
366,Silvester,Arnoud,sarnouda5@flavors.me,Male,213.104.222.22
367,Beckie,Moriarty,bmoriartya6@uiuc.edu,Female,224.5.147.240
368,Amby,Castaignet,acastaigneta7@clickbank.net,Polygender,158.88.68.40
369,Corissa,Grzeszczyk,cgrzeszczyka8@chicagotribune.com,Female,170.160.1.6
370,Ira,MacDowal,imacdowala9@engadget.com,Female,117.148.47.202
371,Pierson,Joicey,pjoiceyaa@joomla.org,Male,89.171.133.62
372,Florenza,Stanislaw,fstanislawab@gizmodo.com,Female,154.21.93.168
373,Angy,Macy,amacyac@unc.edu,Agender,94.191.46.63
374,Tadio,Eckh,teckhad@e-recht24.de,Male,252.15.181.47
375,Gerry,Chowne,gchowneae@virginia.edu,Female,192.138.41.175
376,Glynnis,Gilders,ggildersaf@businesswire.com,Female,219.158.161.161
377,Alidia,Ogles,aoglesag@surveymonkey.com,Female,199.197.81.134
378,Fred,Kinzett,fkinzettah@youtu.be,Female,139.99.65.127
379,Siana,Beckhouse,sbeckhouseai@wunderground.com,Female,83.201.60.196
380,Griff,Gambie,ggambieaj@scribd.com,Male,180.50.80.204
381,Windy,Overstone,woverstoneak@bing.com,Female,161.254.72.81
382,Galvan,Comelini,gcomelinial@ameblo.jp,Male,109.33.44.152
383,Britt,Pittaway,bpittawayam@i2i.jp,Genderfluid,84.114.9.126
384,Gerick,Piddocke,gpiddockean@digg.com,Male,228.118.15.141
385,Josephine,Matchitt,jmatchittao@vkontakte.ru,Female,55.71.234.104
386,Ami,Povey,apoveyap@xing.com,Female,60.156.109.89
387,Melamie,Penson,mpensonaq@odnoklassniki.ru,Female,193.215.26.36
388,Tamar,Liddard,tliddardar@ft.com,Female,52.13.131.247
389,Anjanette,Crannell,acrannellas@eventbrite.com,Female,151.210.21.253
390,Ed,Orgen,eorgenat@geocities.com,Male,20.188.70.198
391,Shaylyn,Massimi,smassimiau@elegantthemes.com,Female,32.31.56.176
392,Hurley,Geck,hgeckav@blogtalkradio.com,Non-binary,130.82.234.25
393,Ches,Kief,ckiefaw@statcounter.com,Male,212.155.146.130
394,Cyrille,Pampling,cpamplingax@naver.com,Male,65.40.179.42
395,Verne,Ratter,vratteray@a8.net,Male,7.15.84.245
396,Tabbi,Edyson,tedysonaz@npr.org,Female,143.52.79.121
397,Gae,Extance,gextanceb0@arstechnica.com,Female,232.130.0.139
398,Teddie,Lambole,tlamboleb1@opensource.org,Male,7.221.166.130
399,Johnny,Devey,jdeveyb2@adobe.com,Male,231.24.211.248
400,Trudey,Jancso,tjancsob3@hatena.ne.jp,Female,47.98.208.14
401,Zahara,Addy,zaddyb4@comcast.net,Female,185.150.30.228
402,Lia,Perryman,lperrymanb5@istockphoto.com,Female,149.101.172.4
403,Darbie,Pennick,dpennickb6@comsenz.com,Female,108.249.147.121
404,L;urette,Real,lrealb7@yandex.ru,Female,44.133.64.23
405,Dulcy,De Blase,ddeblaseb8@taobao.com,Female,51.220.41.218
406,Gare,Yantsurev,gyantsurevb9@cisco.com,Male,197.47.191.161
407,Filbert,Lawlor,flawlorba@google.ru,Male,88.136.225.95
408,Kenn,Zavattiero,kzavattierobb@state.gov,Non-binary,70.37.243.246
409,Alaine,Garett,agarettbc@blinklist.com,Female,147.16.252.230
410,Farrel,Squires,fsquiresbd@cloudflare.com,Male,232.123.111.69
411,Heda,Beswick,hbeswickbe@woothemes.com,Female,248.72.4.111
412,Cecil,Humble,chumblebf@aboutads.info,Female,39.56.16.5
413,Blanche,Szymonowicz,bszymonowiczbg@bloglines.com,Non-binary,178.80.134.237
414,Demetra,Leschelle,dleschellebh@seesaa.net,Female,111.176.195.172
415,Felicdad,Wheelan,fwheelanbi@xrea.com,Female,153.199.237.33
416,Verla,Coda,vcodabj@deliciousdays.com,Female,45.149.223.125
417,Ami,Prium,apriumbk@ameblo.jp,Female,153.247.141.135
418,Richy,Ambler,ramblerbl@cafepress.com,Male,147.157.6.187
419,Celestine,Coggill,ccoggillbm@omniture.com,Female,213.157.225.67
420,Callean,Smetoun,csmetounbn@ifeng.com,Male,179.91.151.127
421,Kessiah,Brackenridge,kbrackenridgebo@mapy.cz,Female,203.236.41.174
422,Stevie,Winsiowiecki,swinsiowieckibp@theglobeandmail.com,Male,249.22.27.132
423,Millard,Rosle,mroslebq@washington.edu,Male,24.84.241.176
424,Boote,Semered,bsemeredbr@spiegel.de,Male,122.127.156.221
425,Janela,Brockest,jbrockestbs@mapy.cz,Female,5.154.5.95
426,Sydney,Glencrosche,sglencroschebt@cbsnews.com,Male,59.165.65.38
427,Carmella,Bodker,cbodkerbu@globo.com,Female,17.249.232.9
428,Marianne,Norbury,mnorburybv@ning.com,Female,10.138.48.69
429,Rabbi,Kain,rkainbw@360.cn,Male,184.85.86.49
430,Kerwinn,Heggadon,kheggadonbx@blog.com,Male,135.221.1.0
431,Craig,Tethcote,ctethcoteby@wsj.com,Male,107.106.132.62
432,Hallsy,Eslemont,heslemontbz@europa.eu,Male,37.198.242.47
433,Karim,Pratte,kprattec0@live.com,Male,2.132.183.59
434,Orran,Orae,ooraec1@msu.edu,Male,66.82.77.211
435,Ber,Simla,bsimlac2@nymag.com,Male,238.61.159.245
436,Patrizio,Barbe,pbarbec3@upenn.edu,Male,223.254.233.36
437,Kalie,McPaik,kmcpaikc4@sakura.ne.jp,Female,74.255.135.237
438,Pete,Kardos,pkardosc5@senate.gov,Male,253.180.92.41
439,Roshelle,Petracci,rpetraccic6@samsung.com,Female,194.204.214.88
440,Raynell,Fend,rfendc7@wufoo.com,Female,103.57.148.241
441,Clayton,Davidman,cdavidmanc8@oaic.gov.au,Male,34.240.66.208
442,Dolf,Chiechio,dchiechioc9@plala.or.jp,Male,40.252.108.21
443,Towney,Hacker,thackerca@cyberchimps.com,Male,179.30.42.36
444,Alla,Dewitt,adewittcb@vkontakte.ru,Female,70.131.225.166
445,Bethina,Mounsie,bmounsiecc@sphinn.com,Female,143.215.106.66
446,Rocky,Kobus,rkobuscd@redcross.org,Male,82.16.116.160
447,Timothee,Brittan,tbrittance@howstuffworks.com,Male,152.44.116.235
448,Benedick,Poulney,bpoulneycf@sina.com.cn,Male,36.73.108.91
449,Winston,Klimontovich,wklimontovichcg@booking.com,Male,204.83.113.162
450,Klaus,Veall,kveallch@whitehouse.gov,Male,171.217.117.63
451,Talia,Whittlesee,twhittleseeci@blogspot.com,Female,96.64.176.97
452,Con,Geraudel,cgeraudelcj@fema.gov,Female,124.221.85.190
453,Darya,Puddan,dpuddanck@i2i.jp,Female,98.72.134.11
454,Wait,Scrowby,wscrowbycl@ifeng.com,Male,200.58.206.197
455,Andi,Crockatt,acrockattcm@timesonline.co.uk,Female,149.227.22.75
456,Vanna,MacKowle,vmackowlecn@weather.com,Female,42.94.147.32
457,Judi,Cudmore,jcudmoreco@epa.gov,Female,127.160.210.22
458,Adolph,Reeme,areemecp@admin.ch,Male,88.119.88.3
459,Bo,Matveyev,bmatveyevcq@arstechnica.com,Male,123.185.145.70
460,Shanan,Cummins,scumminscr@smh.com.au,Male,96.180.146.244
461,Lancelot,Parmley,lparmleycs@nationalgeographic.com,Male,51.117.24.179
462,Leesa,Stapylton,lstapyltonct@joomla.org,Female,152.249.198.167
463,Essie,Wickman,ewickmancu@tiny.cc,Female,3.118.83.84
464,Flori,Archer,farchercv@hc360.com,Bigender,139.238.130.199
465,Lucienne,Blare,lblarecw@livejournal.com,Female,28.220.112.214
466,Marylee,Quesne,mquesnecx@stanford.edu,Female,191.91.204.176
467,Nessi,Hunston,nhunstoncy@xinhuanet.com,Female,159.76.157.215
468,Sebastian,Alwell,salwellcz@scientificamerican.com,Male,95.68.153.8
469,Archie,Yearns,ayearnsd0@google.com.hk,Male,54.131.205.72
470,Sampson,Spreadbury,sspreadburyd1@hugedomains.com,Male,237.195.31.101
471,Farrel,Stolz,fstolzd2@squidoo.com,Male,227.235.174.206
472,Britte,Arnaudet,barnaudetd3@tuttocitta.it,Female,36.210.159.142
473,Grant,Melpuss,gmelpussd4@shinystat.com,Male,106.101.151.180
474,Say,Annesley,sannesleyd5@google.de,Male,15.18.13.228
475,Jillene,Archbutt,jarchbuttd6@naver.com,Female,229.12.175.181
476,Bernete,Castagnone,bcastagnoned7@pcworld.com,Female,61.192.83.197
477,Fields,Isakowicz,fisakowiczd8@networksolutions.com,Male,229.140.40.216
478,Randi,Bassano,rbassanod9@ovh.net,Male,125.145.165.246
479,Burgess,Yeell,byeellda@sun.com,Male,56.241.243.42
480,Etan,Grimster,egrimsterdb@sohu.com,Male,221.139.143.176
481,Ximenes,Robbey,xrobbeydc@google.nl,Male,78.64.18.118
482,Jacquenette,Bier,jbierdd@foxnews.com,Female,3.84.85.167
483,Cameron,Rival,crivalde@people.com.cn,Male,225.125.141.226
484,Sinclair,Puddin,spuddindf@who.int,Male,5.137.240.169
485,Sammy,Prestney,sprestneydg@surveymonkey.com,Female,246.127.57.243
486,Martynne,Duesbury,mduesburydh@quantcast.com,Female,8.157.149.133
487,Karola,Montacute,kmontacutedi@berkeley.edu,Agender,67.159.43.255
488,Shannan,Geikie,sgeikiedj@cdc.gov,Male,78.230.233.118
489,Faulkner,Trineman,ftrinemandk@1und1.de,Male,54.3.164.153
490,Louisa,Chase,lchasedl@wikipedia.org,Female,107.103.197.80
491,Gianni,Budding,gbuddingdm@sohu.com,Male,136.64.197.41
492,Beau,Pouck,bpouckdn@indiegogo.com,Male,32.85.152.39
493,Annelise,Bridal,abridaldo@purevolume.com,Female,152.171.230.194
494,Cesya,Caldecott,ccaldecottdp@mapquest.com,Female,135.2.202.193
495,Robyn,Vellden,rvelldendq@cocolog-nifty.com,Female,172.212.229.17
496,Skelly,Seeler,sseelerdr@godaddy.com,Male,123.91.235.36
497,Issie,Allso,iallsods@hp.com,Bigender,58.212.108.191
498,Shea,Gorusso,sgorussodt@bigcartel.com,Female,14.219.148.186
499,Bentlee,Melding,bmeldingdu@ed.gov,Male,227.248.101.120
500,Marv,Danielsohn,mdanielsohndv@list-manage.com,Male,148.81.136.242
501,Morganica,Skittles,mskittlesdw@topsy.com,Female,132.159.97.231
502,Bond,Stubley,bstubleydx@businessweek.com,Male,165.63.247.228
503,Pinchas,Babbe,pbabbedy@wordpress.org,Male,168.9.142.39
504,Amelita,Joppich,ajoppichdz@mozilla.org,Female,177.240.248.77
505,Fran,Campagne,fcampagnee0@ed.gov,Female,178.225.111.50
506,Nester,Bretland,nbretlande1@amazon.co.jp,Male,43.36.198.1
507,Marketa,Gaythwaite,mgaythwaitee2@amazonaws.com,Female,53.171.148.171
508,Mill,Wray,mwraye3@pcworld.com,Genderfluid,41.252.19.99
509,Ximenez,Alesi,xalesie4@dell.com,Male,39.100.32.253
510,Tamara,Spong,tsponge5@ask.com,Female,205.61.221.241
511,Micky,McAusland,mmcauslande6@g.co,Polygender,86.75.250.90
512,Thorvald,Campsall,tcampsalle7@xrea.com,Male,252.215.14.14
513,Gerrard,Lear,gleare8@wikispaces.com,Bigender,72.161.136.232
514,Francine,Germon,fgermone9@123-reg.co.uk,Female,53.68.13.254
515,Trude,Dryden,tdrydenea@ebay.co.uk,Female,73.178.186.160
516,Marsh,Ferschke,mferschkeeb@nih.gov,Male,238.201.147.191
517,Engracia,Sydney,esydneyec@merriam-webster.com,Female,98.197.245.142
518,Adela,Calvard,acalvarded@geocities.jp,Female,73.208.33.14
519,Pearle,Keyhoe,pkeyhoeee@spotify.com,Female,112.33.203.132
520,Gaynor,Stoddard,gstoddardef@hhs.gov,Female,240.231.15.25
521,Brande,McIlenna,bmcilennaeg@netlog.com,Female,93.54.232.164
522,Bathsheba,Lamkin,blamkineh@devhub.com,Female,134.34.60.182
523,Ervin,Strainge,estraingeei@admin.ch,Male,138.113.66.66
524,Bertram,Redwin,bredwinej@house.gov,Male,158.118.34.2
525,Wald,Kroger,wkrogerek@wordpress.com,Male,220.246.20.81
526,Duke,Fellos,dfellosel@merriam-webster.com,Male,179.45.166.60
527,Lydon,Burroughes,lburroughesem@mlb.com,Male,221.212.127.82
528,Beverlie,Cadd,bcadden@army.mil,Female,69.221.27.229
529,Sanson,Matfield,smatfieldeo@taobao.com,Male,37.79.250.159
530,Alberta,Charles,acharlesep@newyorker.com,Female,33.253.93.78
531,Hi,Yurocjhin,hyurocjhineq@merriam-webster.com,Male,48.245.241.255
532,Sanderson,Knapper,sknapperer@posterous.com,Male,179.250.97.34
533,Harmonia,Loges,hlogeses@ucoz.com,Female,54.46.195.191
534,Casey,Keppin,ckeppinet@constantcontact.com,Male,16.165.122.117
535,Matthew,De Filippo,mdefilippoeu@cargocollective.com,Male,84.232.128.211
536,Valery,Merton,vmertonev@google.nl,Female,201.193.241.113
537,Lilah,Hallibone,lhalliboneew@angelfire.com,Female,173.34.200.156
538,Ellie,Sherwyn,esherwynex@bigcartel.com,Female,102.110.5.124
539,Felicdad,Linnane,flinnaneey@about.com,Female,194.175.66.77
540,Khalil,Kainz,kkainzez@scientificamerican.com,Male,219.225.75.199
541,Stephannie,Eingerfield,seingerfieldf0@constantcontact.com,Polygender,125.94.196.98
542,Quintana,McFall,qmcfallf1@infoseek.co.jp,Female,143.191.92.69
543,Vernen,McCandless,vmccandlessf2@imageshack.us,Male,29.25.172.172
544,Pattin,Cowland,pcowlandf3@google.nl,Male,128.45.194.56
545,Lee,Gumn,lgumnf4@bloglovin.com,Female,86.156.241.148
546,Haleigh,Brawson,hbrawsonf5@e-recht24.de,Male,233.76.173.154
547,Crysta,Gulston,cgulstonf6@reverbnation.com,Female,74.61.58.179
548,Thorsten,Jelfs,tjelfsf7@ca.gov,Male,172.94.179.19
549,Zsazsa,Rosenblum,zrosenblumf8@disqus.com,Female,129.178.15.173
550,Brunhilda,Scotchmor,bscotchmorf9@globo.com,Polygender,141.197.251.50
551,Wernher,Stonard,wstonardfa@vkontakte.ru,Male,205.100.202.175
552,Cassie,Matas,cmatasfb@accuweather.com,Male,146.243.10.178
553,Godfrey,Derbyshire,gderbyshirefc@jigsy.com,Male,70.118.114.33
554,Chryste,Demangeot,cdemangeotfd@arstechnica.com,Non-binary,10.221.176.183
555,Adey,Solomonides,asolomonidesfe@ustream.tv,Female,197.82.3.74
556,Meredith,Penkman,mpenkmanff@over-blog.com,Genderfluid,121.84.174.153
557,Lishe,Callow,lcallowfg@businessweek.com,Female,126.193.227.10
558,Norrie,Hunday,nhundayfh@mashable.com,Male,163.134.82.48
559,Ivar,Gallehock,igallehockfi@economist.com,Male,219.194.172.248
560,Bibbie,Mazzilli,bmazzillifj@engadget.com,Female,78.53.50.143
561,Tobi,Tantum,ttantumfk@nature.com,Female,53.214.62.247
562,Nevins,Sargerson,nsargersonfl@census.gov,Male,42.139.224.234
563,Francis,Rawlin,frawlinfm@vistaprint.com,Male,220.184.160.52
564,Brittni,Klimkowski,bklimkowskifn@plala.or.jp,Genderqueer,6.63.72.207
565,Zane,O'Keefe,zokeefefo@ow.ly,Male,123.20.199.147
566,Cherry,McGuire,cmcguirefp@mtv.com,Female,29.146.110.122
567,Clarine,Tolemache,ctolemachefq@over-blog.com,Female,167.24.134.93
568,Lenna,Donohue,ldonohuefr@usgs.gov,Female,147.94.18.182
569,Georgine,Liverseege,gliverseegefs@wikipedia.org,Female,73.33.59.111
570,Ibrahim,Beeze,ibeezeft@kickstarter.com,Male,12.1.86.55
571,Ailee,Bugge,abuggefu@e-recht24.de,Female,83.65.79.119
572,Abigale,Pearn,apearnfv@liveinternet.ru,Female,153.58.233.206
573,Misty,Tomasi,mtomasifw@loc.gov,Genderqueer,181.14.146.165
574,Laure,Mathon,lmathonfx@altervista.org,Female,0.91.90.148
575,Dolph,Brownlee,dbrownleefy@archive.org,Male,95.187.123.229
576,Wandie,Spinney,wspinneyfz@nba.com,Female,133.119.190.128
577,Ofilia,Dewerson,odewersong0@apache.org,Female,175.58.100.154
578,Flemming,Mewitt,fmewittg1@upenn.edu,Male,94.132.236.173
579,Michaelina,Cram,mcramg2@jigsy.com,Female,50.60.7.33
580,Shay,Enrietto,senriettog3@clickbank.net,Genderqueer,64.172.78.17
581,Maggee,Hunnywell,mhunnywellg4@mysql.com,Female,230.151.252.55
582,Katheryn,Kleinbaum,kkleinbaumg5@nba.com,Female,249.76.218.155
583,Rachel,McAndrew,rmcandrewg6@google.pl,Female,127.232.149.213
584,Ragnar,Kelston,rkelstong7@theguardian.com,Male,160.173.241.97
585,Nehemiah,Giovani,ngiovanig8@infoseek.co.jp,Male,41.222.162.213
586,Anabella,Gaitung,agaitungg9@joomla.org,Female,178.225.131.245
587,Darryl,Persse,dperssega@ning.com,Female,195.19.145.66
588,Ibrahim,Chason,ichasongb@qq.com,Male,85.27.166.99
589,Gratia,Illwell,gillwellgc@amazonaws.com,Female,128.250.210.110
590,Gil,Bardsley,gbardsleygd@dropbox.com,Male,45.248.219.173
591,Gary,Itzkowicz,gitzkowiczge@webeden.co.uk,Male,155.236.42.142
592,Creighton,Raeside,craesidegf@apple.com,Male,10.136.225.113
593,Broderic,Athridge,bathridgegg@tumblr.com,Male,122.177.123.217
594,Jessi,Shelliday,jshellidaygh@live.com,Genderqueer,214.209.150.11
595,Ali,Roussel,arousselgi@jiathis.com,Female,74.16.23.39
596,Wendye,Swinnerton,wswinnertongj@chronoengine.com,Female,243.120.8.152
597,Candide,Dwire,cdwiregk@quantcast.com,Agender,102.133.171.165
598,Merle,Abram,mabramgl@yale.edu,Female,148.155.150.234
599,Gearard,Moir,gmoirgm@cbc.ca,Male,213.116.160.12
600,Nesta,Huckell,nhuckellgn@narod.ru,Female,78.228.247.50
601,Noach,Venmore,nvenmorego@squidoo.com,Male,40.121.160.4
602,Melva,Peregrine,mperegrinegp@marketwatch.com,Genderfluid,229.94.79.39
603,Allyn,Gilfillan,agilfillangq@wikispaces.com,Male,187.173.177.66
604,Beitris,Samwayes,bsamwayesgr@hibu.com,Female,31.234.243.14
605,Jacky,Andric,jandricgs@diigo.com,Female,61.202.52.187
606,Annadiane,Kemp,akempgt@wikispaces.com,Female,15.100.12.40
607,Christyna,Foard,cfoardgu@geocities.com,Female,27.190.67.21
608,Opal,Alliston,oallistongv@dedecms.com,Female,207.98.116.42
609,Stefano,Sextie,ssextiegw@indiegogo.com,Male,79.103.132.109
610,Anastasie,Vickers,avickersgx@globo.com,Female,49.161.63.26
611,Arabel,Akam,aakamgy@feedburner.com,Female,69.239.6.70
612,Britte,Gorhardt,bgorhardtgz@springer.com,Bigender,112.166.217.209
613,Aurlie,Peddie,apeddieh0@yolasite.com,Female,59.147.107.29
614,Brett,Tree,btreeh1@miitbeian.gov.cn,Male,60.216.53.107
615,Gabie,Duchateau,gduchateauh2@github.io,Male,99.43.148.228
616,Luisa,Alentyev,lalentyevh3@nytimes.com,Female,243.21.6.41
617,Reba,Cloy,rcloyh4@vimeo.com,Female,138.26.11.15
618,Lesya,Howsam,lhowsamh5@biblegateway.com,Female,196.58.66.158
619,Quintus,Duckworth,qduckworthh6@illinois.edu,Male,188.155.199.115
620,Selia,Kiehne,skiehneh7@whitehouse.gov,Female,213.154.41.76
621,Angelique,Severwright,aseverwrighth8@dailymail.co.uk,Female,215.179.255.90
622,Marion,Aldis,maldish9@youtube.com,Male,21.7.218.27
623,Reuven,Border,rborderha@fema.gov,Male,141.0.109.85
624,Nyssa,Albisser,nalbisserhb@merriam-webster.com,Female,210.144.104.217
625,Dewitt,Antoniewski,dantoniewskihc@comsenz.com,Male,247.116.240.193
626,Hans,Coulston,hcoulstonhd@instagram.com,Polygender,217.189.112.110
627,Kalil,Garnam,kgarnamhe@unblog.fr,Male,32.148.77.206
628,Windy,Kohtler,wkohtlerhf@dion.ne.jp,Female,80.204.17.254
629,Florenza,Arnaudi,farnaudihg@homestead.com,Female,158.206.201.222
630,Kalle,Crookshanks,kcrookshankshh@about.com,Male,212.50.70.110
631,Graeme,Honacker,ghonackerhi@sourceforge.net,Male,137.15.219.85
632,Kathryne,MacAskill,kmacaskillhj@1und1.de,Female,158.94.214.87
633,Jecho,Iannelli,jiannellihk@yelp.com,Male,204.5.207.14
634,Adelina,Cromar,acromarhl@telegraph.co.uk,Female,226.92.95.128
635,Broderic,Drohun,bdrohunhm@cpanel.net,Male,93.167.124.58
636,Tedd,Poplee,tpopleehn@msn.com,Male,17.103.17.184
637,Beck,Favill,bfavillho@youku.com,Male,5.148.196.62
638,Wolfie,Pywell,wpywellhp@lycos.com,Male,61.32.77.57
639,Wallis,Vasishchev,wvasishchevhq@desdev.cn,Bigender,171.206.197.74
640,Natal,MacAloren,nmacalorenhr@wikipedia.org,Male,140.232.213.20
641,Rainer,Bolino,rbolinohs@quantcast.com,Male,135.33.253.92
642,Maggee,Wardlaw,mwardlawht@uol.com.br,Female,202.231.254.59
643,Phebe,Graysmark,pgraysmarkhu@engadget.com,Female,197.81.58.182
644,Jule,Colville,jcolvillehv@squidoo.com,Male,220.85.106.187
645,Aubrette,Caudwell,acaudwellhw@whitehouse.gov,Polygender,165.170.120.59
646,Sophi,Loidl,sloidlhx@timesonline.co.uk,Female,219.62.25.141
647,Kanya,Santello,ksantellohy@accuweather.com,Female,157.66.32.251
648,Alicea,Peakman,apeakmanhz@marriott.com,Genderfluid,250.127.252.248
649,Herold,Scarce,hscarcei0@oaic.gov.au,Male,187.111.230.216
650,Ulrich,Pulford,upulfordi1@clickbank.net,Male,150.78.209.118
651,Billy,Yesichev,byesichevi2@elegantthemes.com,Male,129.239.115.89
652,Dredi,Kitcat,dkitcati3@cnn.com,Female,128.41.152.50
653,Timothea,Yeudall,tyeudalli4@blogs.com,Female,71.131.231.146
654,Vick,Pottage,vpottagei5@oracle.com,Male,244.151.40.75
655,Katheryn,Stoppard,kstoppardi6@gravatar.com,Female,198.30.226.9
656,Astra,Storrier,astorrieri7@forbes.com,Female,214.167.119.98
657,Corilla,Waiton,cwaitoni8@free.fr,Agender,221.41.6.34
658,Alonzo,Fayer,afayeri9@technorati.com,Male,60.227.161.62
659,Pen,Hindrich,phindrichia@nih.gov,Male,190.167.216.122
660,Morgan,Buntain,mbuntainib@seesaa.net,Female,156.66.133.188
661,Aylmer,Gwyllt,agwylltic@europa.eu,Male,58.136.22.107
662,Marmaduke,Coram,mcoramid@hp.com,Male,80.237.237.175
663,Eimile,Durnall,edurnallie@dropbox.com,Female,233.145.223.199
664,Emmaline,Doornbos,edoornbosif@phpbb.com,Female,10.228.31.7
665,Margery,Sarath,msarathig@cdc.gov,Female,148.58.71.10
666,Brenna,Issatt,bissattih@hhs.gov,Female,49.124.23.56
667,Sawyer,Gorries,sgorriesii@wsj.com,Male,151.193.218.162
668,Pearline,Vearnals,pvearnalsij@vistaprint.com,Polygender,152.239.96.27
669,Fidelio,Norcott,fnorcottik@discovery.com,Male,121.131.240.196
670,Ailsun,Picton,apictonil@google.com.au,Female,153.137.137.173
671,Kaela,Halford,khalfordim@hp.com,Female,1.103.34.159
672,Kamillah,Bridgnell,kbridgnellin@tripadvisor.com,Female,133.139.151.199
673,Danyette,Phippin,dphippinio@squarespace.com,Female,100.41.254.178
674,Oswell,Whillock,owhillockip@biglobe.ne.jp,Male,175.159.108.250
675,Amalie,Flahy,aflahyiq@shutterfly.com,Female,74.198.191.196
676,Nils,Pearman,npearmanir@salon.com,Male,248.185.183.189
677,Bobby,Wank,bwankis@timesonline.co.uk,Male,34.225.45.208
678,Clara,Peterkin,cpeterkinit@yolasite.com,Female,76.238.118.72
679,Mattie,Pods,mpodsiu@zdnet.com,Female,143.27.197.201
680,Pammy,Osinin,posininiv@bloglines.com,Female,107.235.162.22
681,Jerri,Tersay,jtersayiw@yale.edu,Male,93.54.118.103
682,Jone,Heinzler,jheinzlerix@accuweather.com,Male,191.92.105.145
683,Faulkner,Bewlie,fbewlieiy@google.com.hk,Male,208.163.23.181
684,Barb,Lacy,blacyiz@blog.com,Female,176.118.86.163
685,Dani,Annes,dannesj0@ezinearticles.com,Female,171.122.162.174
686,Cyndia,Brumhead,cbrumheadj1@sbwire.com,Female,155.126.111.119
687,Ibbie,Chattell,ichattellj2@usatoday.com,Female,204.93.246.118
688,Winfred,Curran,wcurranj3@yahoo.co.jp,Male,191.186.36.145
689,Martelle,Lissimore,mlissimorej4@furl.net,Female,88.215.135.199
690,Son,Giron,sgironj5@zdnet.com,Male,227.11.68.37
691,Garrik,MacMurray,gmacmurrayj6@globo.com,Male,106.202.124.217
692,Marissa,Anand,manandj7@networkadvertising.org,Female,51.157.154.230
693,Fran,Belle,fbellej8@mtv.com,Female,174.163.88.216
694,Norine,Darque,ndarquej9@netlog.com,Female,144.115.40.238
695,Edithe,Aloway,ealowayja@spotify.com,Genderqueer,30.170.185.67
696,Kaleb,Sculley,ksculleyjb@noaa.gov,Male,138.186.92.116
697,Alister,Miners,aminersjc@ebay.com,Male,81.14.69.37
698,Bard,Claasen,bclaasenjd@ustream.tv,Male,84.141.185.88
699,Burty,Curtiss,bcurtissje@csmonitor.com,Male,180.73.81.147
700,Ava,Meece,ameecejf@dell.com,Female,161.4.108.26
701,Martin,Sinderson,msindersonjg@pinterest.com,Male,189.222.98.25
702,Ric,Dwelley,rdwelleyjh@domainmarket.com,Male,120.255.239.99
703,Kariotta,Foddy,kfoddyji@hexun.com,Non-binary,13.115.9.187
704,Leontyne,Lough,lloughjj@wiley.com,Female,93.41.35.240
705,Verine,Broggio,vbroggiojk@wix.com,Agender,47.213.172.190
706,Wallache,Snelson,wsnelsonjl@tmall.com,Male,31.254.157.242
707,Eimile,Aneley,eaneleyjm@auda.org.au,Female,149.65.37.14
708,Jens,Duckels,jduckelsjn@mapquest.com,Male,91.77.120.134
709,Ashlin,Hattam,ahattamjo@nsw.gov.au,Male,196.130.93.86
710,Melvin,Fritzer,mfritzerjp@cafepress.com,Polygender,237.25.54.59
711,Dolores,Minear,dminearjq@google.es,Female,26.20.129.227
712,Aksel,Lamdin,alamdinjr@deliciousdays.com,Male,167.33.23.212
713,Diego,Lanphere,dlanpherejs@arstechnica.com,Male,51.205.227.246
714,Doe,Bernardini,dbernardinijt@opensource.org,Agender,242.229.107.122
715,Ortensia,Rapper,orapperju@nature.com,Female,182.140.204.26
716,Wenda,GiacobbiniJacob,wgiacobbinijacobjv@lycos.com,Female,5.22.144.57
717,Giffy,Yushkov,gyushkovjw@flickr.com,Polygender,229.32.57.142
718,Flory,Jeffery,fjefferyjx@cbslocal.com,Male,159.102.161.107
719,Timmy,Fitzharris,tfitzharrisjy@free.fr,Male,1.144.84.234
720,Stavros,Daniely,sdanielyjz@twitter.com,Male,198.145.246.82
721,Borden,Clausner,bclausnerk0@house.gov,Bigender,197.204.61.77
722,Lamont,Garred,lgarredk1@nih.gov,Male,108.33.139.106
723,Darelle,Caine,dcainek2@slideshare.net,Female,203.5.6.146
724,Wat,Reimer,wreimerk3@sciencedaily.com,Male,171.198.1.138
725,Jacynth,Nuttey,jnutteyk4@yelp.com,Female,173.135.53.141
726,Dieter,Feehely,dfeehelyk5@sun.com,Male,123.4.250.57
727,Analise,Robben,arobbenk6@miibeian.gov.cn,Female,91.242.165.120
728,Abdul,Vanezis,avanezisk7@slideshare.net,Male,180.218.184.103
729,Philbert,Wenman,pwenmank8@zimbio.com,Polygender,218.176.110.88
730,Gabriele,Vasyunin,gvasyunink9@histats.com,Male,80.177.135.197
731,Flory,Kenforth,fkenforthka@pcworld.com,Female,47.141.137.242
732,Garv,Congreve,gcongrevekb@usgs.gov,Male,70.227.101.225
733,Menard,Dingle,mdinglekc@walmart.com,Male,207.241.14.14
734,Jarib,Lavies,jlavieskd@privacy.gov.au,Male,243.202.151.118
735,Marrilee,Embury,memburyke@ucoz.ru,Female,107.173.48.99
736,Pauly,Kennion,pkennionkf@addthis.com,Female,30.132.156.197
737,Beale,Deackes,bdeackeskg@woothemes.com,Male,36.116.238.250
738,Vasilis,Traill,vtraillkh@dion.ne.jp,Male,141.199.158.19
739,Holt,Symms,hsymmski@telegraph.co.uk,Male,94.123.163.23
740,Christoforo,Terney,cterneykj@sourceforge.net,Male,2.252.189.196
741,Drusilla,Templman,dtemplmankk@wikispaces.com,Female,163.244.20.64
742,Josephine,Clunan,jclunankl@biglobe.ne.jp,Non-binary,83.41.88.251
743,Maximilianus,Dudbridge,mdudbridgekm@google.cn,Male,24.23.131.1
744,Sherill,Billingsly,sbillingslykn@sbwire.com,Female,10.6.8.133
745,Teodor,Clemits,tclemitsko@globo.com,Male,107.148.241.234
746,Edmon,Duplan,eduplankp@nih.gov,Male,48.190.210.126
747,Roderigo,Knightley,rknightleykq@cbc.ca,Male,5.59.11.125
748,Abby,Dei,adeikr@reuters.com,Genderqueer,206.97.93.168
749,Tildi,Burgwin,tburgwinks@dyndns.org,Female,68.239.179.156
750,Edin,Lorait,eloraitkt@goodreads.com,Female,227.147.209.76
751,Oren,Kinver,okinverku@dropbox.com,Polygender,45.185.151.121
752,Greer,Cordero,gcorderokv@nifty.com,Female,34.72.79.106
753,Zora,Kunzel,zkunzelkw@ebay.com,Female,254.245.238.176
754,Hilary,Hughlin,hhughlinkx@livejournal.com,Polygender,119.214.135.14
755,Nanon,Seedman,nseedmanky@youku.com,Female,1.39.111.157
756,Glori,Lillie,glilliekz@twitter.com,Female,119.158.225.228
757,Forrester,Sapey,fsapeyl0@google.nl,Genderfluid,53.92.105.182
758,Chalmers,Crimes,ccrimesl1@answers.com,Male,98.22.27.10
759,Hiram,Dener,hdenerl2@narod.ru,Male,69.69.62.109
760,Sonja,Souster,ssousterl3@blinklist.com,Non-binary,9.102.191.146
761,Simone,ducarme,sducarmel4@latimes.com,Female,103.95.148.167
762,Emelyne,Calvey,ecalveyl5@bigcartel.com,Female,0.89.129.87
763,Georgeanne,Scoffham,gscoffhaml6@naver.com,Female,76.208.93.16
764,Farrand,Gonzalez,fgonzalezl7@linkedin.com,Female,220.92.223.186
765,Gretal,Pouton,gpoutonl8@mac.com,Female,159.154.106.205
766,Giorgia,Antognozzii,gantognozziil9@qq.com,Female,149.61.77.23
767,Charlie,Kinzel,ckinzella@addthis.com,Non-binary,11.130.142.45
768,Annaliese,McDougall,amcdougalllb@wix.com,Female,35.238.49.238
769,Stace,Carette,scarettelc@usnews.com,Female,23.54.247.6
770,Mamie,Bratcher,mbratcherld@pen.io,Female,187.36.199.81
771,Barbi,Smylie,bsmyliele@ebay.com,Female,101.39.92.93
772,Chen,Pau,cpaulf@hubpages.com,Male,171.235.225.7
773,Esra,Flaxon,eflaxonlg@cyberchimps.com,Male,176.244.180.18
774,Viviana,Ratter,vratterlh@yahoo.com,Female,204.219.203.55
775,Gran,Whawell,gwhawellli@behance.net,Male,196.151.202.211
776,Reiko,Trenouth,rtrenouthlj@bizjournals.com,Female,190.189.104.20
777,Rozalin,Lavalle,rlavallelk@infoseek.co.jp,Female,191.32.23.95
778,Georges,Seacombe,gseacombell@ed.gov,Agender,109.196.136.128
779,Aurel,Pritty,aprittylm@unblog.fr,Female,251.97.239.34
780,Gunar,Caveney,gcaveneyln@go.com,Male,253.169.109.245
781,Marcus,Otridge,motridgelo@rediff.com,Male,11.5.161.188
782,Deloria,Glanfield,dglanfieldlp@abc.net.au,Female,137.89.221.162
783,Dee dee,Matley,dmatleylq@xing.com,Female,72.92.253.52
784,Chadd,Blazhevich,cblazhevichlr@over-blog.com,Male,226.62.37.155
785,Noelani,Gannicott,ngannicottls@auda.org.au,Female,228.189.25.172
786,Patsy,Hawney,phawneylt@dmoz.org,Male,52.158.127.165
787,Daphna,Tutsell,dtutselllu@github.com,Female,19.24.163.68
788,Kameko,Abrahamsohn,kabrahamsohnlv@paypal.com,Female,147.121.106.168
789,Temp,Moughton,tmoughtonlw@examiner.com,Male,247.27.255.179
790,Tallie,Westmorland,twestmorlandlx@wix.com,Female,207.149.21.53
791,Darline,Speerman,dspeermanly@admin.ch,Female,151.77.71.85
792,Abbey,Cunniffe,acunniffelz@soundcloud.com,Female,44.49.91.25
793,Fleurette,Spolton,fspoltonm0@webs.com,Female,62.23.62.220
794,Delphine,Casswell,dcasswellm1@tripadvisor.com,Female,3.246.239.48
795,Alexei,Cornill,acornillm2@usatoday.com,Polygender,228.195.126.126
796,Armando,Wildsmith,awildsmithm3@nih.gov,Male,210.243.187.120
797,Janessa,Cleevely,jcleevelym4@edublogs.org,Female,248.40.198.80
798,Lalo,Ebben,lebbenm5@sun.com,Male,29.188.224.85
799,Federico,Cammack,fcammackm6@hao123.com,Male,26.218.193.177
800,Xenos,Linneman,xlinnemanm7@domainmarket.com,Non-binary,148.83.1.103
801,Clarice,Leader,cleaderm8@cafepress.com,Female,177.156.118.28
802,Obed,Wooller,owoollerm9@homestead.com,Male,193.149.143.5
803,Lotta,Yegorchenkov,lyegorchenkovma@nsw.gov.au,Genderqueer,162.116.246.11
804,Tedda,Holtaway,tholtawaymb@meetup.com,Female,20.76.12.107
805,Sara,Quigg,squiggmc@scientificamerican.com,Female,249.189.92.206
806,Suki,Lintill,slintillmd@jigsy.com,Genderqueer,244.255.48.173
807,Sergeant,Ambrogi,sambrogime@godaddy.com,Non-binary,59.99.73.2
808,Bria,Bollum,bbollummf@buzzfeed.com,Female,29.149.234.91
809,Moss,Asman,masmanmg@purevolume.com,Male,109.57.81.188
810,Myrtice,Billitteri,mbillitterimh@ycombinator.com,Female,53.88.49.213
811,Vanni,Winear,vwinearmi@elegantthemes.com,Female,42.202.26.237
812,Modestia,Isworth,misworthmj@mapquest.com,Female,228.244.155.111
813,Crosby,Treace,ctreacemk@networksolutions.com,Male,136.112.179.19
814,Meryl,Paddefield,mpaddefieldml@narod.ru,Male,242.120.145.233
815,Ad,Shoosmith,ashoosmithmm@dyndns.org,Male,116.64.98.71
816,Anthony,Drinkhall,adrinkhallmn@pagesperso-orange.fr,Male,40.68.75.247
817,Melamie,Gunda,mgundamo@census.gov,Female,115.107.41.32
818,Billie,Nutten,bnuttenmp@51.la,Male,172.112.8.242
819,Marcella,d'Escoffier,mdescoffiermq@zdnet.com,Non-binary,189.200.161.19
820,Hans,Maystone,hmaystonemr@indiatimes.com,Male,213.210.71.146
821,Berkley,Worman,bwormanms@ning.com,Polygender,132.169.76.148
822,Christophorus,Thurman,cthurmanmt@nifty.com,Male,231.210.79.84
823,Faina,Dudden,fduddenmu@nature.com,Female,7.22.198.226
824,Sherm,Damsell,sdamsellmv@spotify.com,Non-binary,133.148.12.95
825,Berta,Lecordier,blecordiermw@china.com.cn,Female,208.22.118.40
826,Marilin,Earnshaw,mearnshawmx@ucoz.ru,Female,23.131.10.176
827,Sammy,Luttgert,sluttgertmy@360.cn,Female,251.213.61.99
828,Archibold,Brodway,abrodwaymz@tinypic.com,Male,92.62.78.204
829,Mac,Woolrich,mwoolrichn0@networkadvertising.org,Male,27.212.243.106
830,Colman,Grastye,cgrastyen1@nifty.com,Male,188.94.157.160
831,Norris,Birtonshaw,nbirtonshawn2@harvard.edu,Male,247.48.50.4
832,Padget,Antognetti,pantognettin3@techcrunch.com,Male,150.20.32.190
833,Enrika,Pimlott,epimlottn4@mayoclinic.com,Bigender,155.160.96.234
834,Chrissie,Storr,cstorrn5@ehow.com,Male,225.7.168.237
835,Glyn,Godridge,ggodridgen6@clickbank.net,Male,44.39.190.33
836,Rutter,Lodemann,rlodemannn7@squidoo.com,Male,153.246.69.106
837,Moshe,Dutnall,mdutnalln8@dmoz.org,Male,112.211.81.216
838,Hesther,Baptista,hbaptistan9@java.com,Female,181.252.107.201
839,Andria,Dikelin,adikelinna@howstuffworks.com,Female,6.247.146.155
840,Mort,Rooson,mroosonnb@dell.com,Male,242.54.156.237
841,Elisabetta,Shilling,eshillingnc@europa.eu,Female,250.73.85.77
842,Teodorico,Swatradge,tswatradgend@abc.net.au,Male,115.8.49.17
843,Barbra,Tupling,btuplingne@rambler.ru,Female,237.17.214.35
844,Ophelie,Kelf,okelfnf@admin.ch,Female,171.15.53.208
845,Krystyna,Dyzart,kdyzartng@amazon.de,Female,199.248.69.31
846,Caritta,Logan,clogannh@dagondesign.com,Female,105.182.208.114
847,Gnni,Durker,gdurkerni@va.gov,Female,249.73.219.189
848,Chicky,Gronno,cgronnonj@amazon.co.jp,Male,179.61.106.76
849,Brodie,Aronsohn,baronsohnnk@statcounter.com,Male,62.85.114.168
850,Bailey,Tukely,btukelynl@ovh.net,Male,250.53.235.243
851,Lida,Farran,lfarrannm@meetup.com,Female,141.236.11.137
852,Marlin,Atthowe,matthowenn@nsw.gov.au,Male,76.184.104.192
853,Giorgi,Scrace,gscraceno@washingtonpost.com,Male,158.253.241.36
854,Saunder,Dettmar,sdettmarnp@wisc.edu,Male,14.53.4.5
855,Devan,Oaker,doakernq@mysql.com,Female,127.2.141.67
856,Dallon,Bauer,dbauernr@1und1.de,Male,62.35.81.220
857,Baldwin,Dubble,bdubblens@list-manage.com,Male,103.139.234.67
858,Vera,Stapells,vstapellsnt@cbslocal.com,Non-binary,187.14.106.91
859,Dulcia,Sherbrooke,dsherbrookenu@hao123.com,Female,112.85.45.207
860,Edy,Doyle,edoylenv@artisteer.com,Female,202.80.173.36
861,Julienne,Fassan,jfassannw@behance.net,Female,97.55.78.225
862,Bernita,Andren,bandrennx@thetimes.co.uk,Female,178.243.87.72
863,Herbert,Barbary,hbarbaryny@blogtalkradio.com,Male,75.85.50.221
864,Culver,Creeboe,ccreeboenz@storify.com,Male,37.214.111.96
865,Angeli,Rivett,arivetto0@cafepress.com,Genderqueer,18.102.4.47
866,Cassie,Dukesbury,cdukesburyo1@bigcartel.com,Female,190.160.152.74
867,Pat,Challin,pchallino2@zimbio.com,Male,94.12.47.109
868,Klemens,Lyven,klyveno3@guardian.co.uk,Male,161.224.211.190
869,Had,Yosifov,hyosifovo4@sfgate.com,Male,133.161.249.85
870,Marmaduke,Mohamed,mmohamedo5@wp.com,Male,29.193.102.156
871,Susie,Jefferies,sjefferieso6@mozilla.com,Non-binary,217.68.16.239
872,Loydie,Aldins,laldinso7@nifty.com,Male,152.120.163.68
873,Prentice,Shepherdson,pshepherdsono8@jiathis.com,Male,128.59.226.76
874,Bettina,Cordner,bcordnero9@stumbleupon.com,Genderfluid,215.206.190.253
875,Tudor,Wrefford,twreffordoa@skype.com,Male,225.26.111.212
876,Fredric,Courtenay,fcourtenayob@arizona.edu,Male,72.106.169.195
877,Howard,Mallock,hmallockoc@cpanel.net,Male,129.193.238.127
878,Maxy,Jeayes,mjeayesod@ft.com,Male,167.122.169.132
879,Kathrine,Semered,ksemeredoe@aboutads.info,Female,54.123.199.45
880,Cornelle,Stratford,cstratfordof@google.com.br,Female,46.143.214.238
881,Katheryn,Dace,kdaceog@wix.com,Female,64.133.247.155
882,Milissent,Fortnam,mfortnamoh@icio.us,Female,138.28.233.27
883,Rhodia,Rockey,rrockeyoi@google.ru,Female,130.49.214.70
884,Glenda,Montilla,gmontillaoj@weather.com,Female,226.53.149.255
885,Melinda,Collopy,mcollopyok@salon.com,Female,35.20.112.70
886,Christiane,Osmon,cosmonol@1und1.de,Female,78.30.83.99
887,Artur,Fullagar,afullagarom@wp.com,Male,42.152.150.102
888,Dena,Shadrack,dshadrackon@state.gov,Female,237.209.70.253
889,Chris,Oby,cobyoo@yellowbook.com,Male,57.146.109.127
890,Symon,Featherstone,sfeatherstoneop@utexas.edu,Non-binary,228.94.205.252
891,Karena,Welbelove,kwelbeloveoq@addthis.com,Bigender,138.193.229.91
892,Merrili,Napoleone,mnapoleoneor@wired.com,Female,223.144.104.48
893,Tarra,Elcome,telcomeos@harvard.edu,Female,205.253.235.97
894,Kimmie,Morat,kmoratot@tiny.cc,Female,103.43.218.199
895,Eugenie,Racher,eracherou@php.net,Female,103.162.234.177
896,Burg,Abramcik,babramcikov@bigcartel.com,Male,38.155.109.201
897,Thom,Hattoe,thattoeow@is.gd,Male,59.216.124.47
898,Jayne,Trigg,jtriggox@chronoengine.com,Polygender,234.19.243.72
899,Adolphe,Shirland,ashirlandoy@shop-pro.jp,Male,116.147.48.3
900,Carmelle,Magovern,cmagovernoz@newsvine.com,Female,205.43.43.74
901,Jere,Linner,jlinnerp0@webmd.com,Female,86.245.200.99
902,Beverly,Seabrook,bseabrookp1@cdc.gov,Female,28.73.209.135
903,Ely,McElvogue,emcelvoguep2@nifty.com,Male,217.231.226.159
904,Ravid,Proger,rprogerp3@wiley.com,Male,29.251.34.148
905,Arlette,Manchester,amanchesterp4@ow.ly,Female,88.124.27.190
906,Demetre,Coleby,dcolebyp5@hhs.gov,Male,43.27.63.25
907,Mayor,Ravillas,mravillasp6@aboutads.info,Male,103.67.16.177
908,Dannie,Mauchline,dmauchlinep7@is.gd,Female,42.201.150.119
909,Myrtle,Runcie,mrunciep8@un.org,Female,139.150.7.217
910,Axel,Cussons,acussonsp9@blogtalkradio.com,Male,75.192.68.105
911,Con,Brunning,cbrunningpa@ustream.tv,Female,94.85.246.206
912,Delano,Dzeniskevich,ddzeniskevichpb@yelp.com,Male,208.139.27.245
913,Em,Balfe,ebalfepc@dropbox.com,Female,186.75.113.48
914,Broddy,Lenglet,blengletpd@nationalgeographic.com,Male,33.73.149.219
915,Janka,D'Adamo,jdadamope@dailymail.co.uk,Female,87.112.142.3
916,Bald,Archley,barchleypf@purevolume.com,Male,146.161.227.201
917,Allie,Bryant,abryantpg@accuweather.com,Male,229.96.190.51
918,Baxy,Emburey,bembureyph@php.net,Male,85.76.129.192
919,Idalia,Danielou,idanieloupi@patch.com,Female,51.218.108.71
920,Flin,Van de Velde,fvandeveldepj@cdbaby.com,Male,117.236.29.244
921,Brand,Corker,bcorkerpk@posterous.com,Male,52.229.6.126
922,Dar,Freeberne,dfreebernepl@cbslocal.com,Male,230.119.184.237
923,Sigrid,Bartlett,sbartlettpm@comsenz.com,Female,149.128.58.179
924,Aland,Silver,asilverpn@posterous.com,Male,215.57.76.185
925,Cissy,Sidlow,csidlowpo@eepurl.com,Female,22.92.79.163
926,Jennee,Samarth,jsamarthpp@alibaba.com,Female,87.129.119.187
927,Moselle,De Roeck,mderoeckpq@ox.ac.uk,Female,49.176.204.141
928,Linet,Rudgard,lrudgardpr@biglobe.ne.jp,Female,134.74.151.35
929,Dal,Chaddock,dchaddockps@last.fm,Male,124.227.172.213
930,Lesley,Bollans,lbollanspt@whitehouse.gov,Male,41.34.67.60
931,Aloisia,Ryles,arylespu@naver.com,Female,181.73.44.254
932,Salomone,Micco,smiccopv@tiny.cc,Male,100.34.7.182
933,Brianna,Masselin,bmasselinpw@disqus.com,Genderqueer,173.223.41.206
934,Barnard,Manicom,bmanicompx@amazon.de,Male,134.149.200.248
935,Doralynn,Pimm,dpimmpy@bing.com,Female,33.244.41.143
936,Ginni,Garrard,ggarrardpz@apache.org,Female,53.153.246.83
937,Carolus,Rime,crimeq0@bluehost.com,Male,207.39.33.75
938,John,Fleg,jflegq1@spiegel.de,Male,72.141.19.225
939,Karmen,Kenan,kkenanq2@gravatar.com,Female,59.2.206.214
940,Annamaria,Mont,amontq3@chronoengine.com,Female,188.9.250.248
941,Ginnie,Pietron,gpietronq4@wunderground.com,Female,18.0.174.180
942,Corey,Tunnow,ctunnowq5@edublogs.org,Male,133.251.134.161
943,Karlene,Kenryd,kkenrydq6@patch.com,Bigender,130.144.196.205
944,Grange,Utterson,guttersonq7@cam.ac.uk,Male,234.29.120.46
945,Roldan,Stait,rstaitq8@economist.com,Male,127.106.25.250
946,Juliette,Lohden,jlohdenq9@xinhuanet.com,Female,138.17.5.172
947,Abbott,Norridge,anorridgeqa@ox.ac.uk,Male,113.28.1.115
948,Judas,Grombridge,jgrombridgeqb@mac.com,Male,185.157.188.19
949,Stanton,Ielden,sieldenqc@shinystat.com,Male,103.216.211.104
950,Cybill,Eingerfield,ceingerfieldqd@cnet.com,Female,52.56.98.99
951,Aharon,Elham,aelhamqe@nationalgeographic.com,Male,137.144.250.36
952,Inglis,Marris,imarrisqf@businessinsider.com,Male,17.31.244.184
953,Clerkclaude,Coundley,ccoundleyqg@nba.com,Male,253.252.83.133
954,Nicolas,McQuirk,nmcquirkqh@example.com,Non-binary,29.14.56.162
955,Euell,Whiston,ewhistonqi@google.com.au,Male,161.194.241.151
956,Gavrielle,Grosier,ggrosierqj@umich.edu,Female,197.226.36.173
957,Rochester,Schulz,rschulzqk@ameblo.jp,Male,240.246.14.39
958,Dawna,Helling,dhellingql@amazon.co.uk,Female,106.180.54.28
959,Kim,Buscher,kbuscherqm@irs.gov,Male,190.80.149.213
960,Milton,Muirhead,mmuirheadqn@forbes.com,Male,118.48.83.179
961,Auroora,Parradice,aparradiceqo@webnode.com,Female,82.104.180.182
962,Sylvan,Raeside,sraesideqp@dailymail.co.uk,Bigender,211.232.154.7
963,Dorian,Bernadot,dbernadotqq@scientificamerican.com,Female,109.140.95.56
964,Hasty,Marmion,hmarmionqr@japanpost.jp,Male,8.184.133.209
965,Reggie,Davidovici,rdavidoviciqs@4shared.com,Male,169.237.205.128
966,Arman,Chang,achangqt@homestead.com,Male,13.15.237.236
967,Clim,Olyff,colyffqu@reference.com,Male,238.105.137.162
968,Frank,Broomhall,fbroomhallqv@cafepress.com,Male,218.107.74.176
969,Kandace,Darwent,kdarwentqw@hugedomains.com,Female,111.70.109.254
970,Amara,Humberston,ahumberstonqx@imdb.com,Genderqueer,119.1.156.114
971,Andra,Messenbird,amessenbirdqy@nasa.gov,Female,161.205.155.64
972,Norman,Eason,neasonqz@mail.ru,Male,144.228.6.73
973,Michale,Swindles,mswindlesr0@who.int,Male,29.20.55.76
974,Auberta,Stieger,astiegerr1@barnesandnoble.com,Female,106.174.51.194
975,Fred,Ratke,fratker2@comsenz.com,Male,253.100.144.87
976,Gilbert,Kellog,gkellogr3@jugem.jp,Male,193.229.132.186
977,Sonnie,Ashbey,sashbeyr4@accuweather.com,Bigender,130.10.45.102
978,Timothy,Brailey,tbraileyr5@creativecommons.org,Male,73.192.39.214
979,Steffane,Harlett,sharlettr6@github.com,Female,1.25.108.170
980,Thatch,Treneer,ttreneerr7@google.co.uk,Male,121.190.251.137
981,Sara,Diem,sdiemr8@t.co,Non-binary,50.135.82.182
982,Quillan,Carncross,qcarncrossr9@technorati.com,Genderqueer,33.229.153.221
983,Adelheid,Kenealy,akenealyra@google.de,Female,72.115.38.135
984,Stormi,Outridge,soutridgerb@hugedomains.com,Female,2.93.84.61
985,Rufus,Brydell,rbrydellrc@homestead.com,Male,61.254.96.48
986,Mendy,Treasaden,mtreasadenrd@umn.edu,Male,68.190.201.112
987,Kennedy,McCaughran,kmccaughranre@foxnews.com,Male,47.248.178.171
988,Rip,Grishunin,rgrishuninrf@redcross.org,Male,51.212.40.155
989,Storm,Dradey,sdradeyrg@abc.net.au,Female,201.181.244.104
990,Vanny,Crang,vcrangrh@a8.net,Female,58.80.102.88
991,Slade,Coom,scoomri@livejournal.com,Non-binary,21.9.210.240
992,Alvy,Halse,ahalserj@nature.com,Male,211.23.59.237
993,Storm,Jane,sjanerk@geocities.com,Female,248.89.168.172
994,Archambault,Coaker,acoakerrl@meetup.com,Male,211.98.112.215
995,Lacey,Yerlett,lyerlettrm@twitpic.com,Female,132.233.144.83
996,Jobye,Spadazzi,jspadazzirn@phoca.cz,Female,38.92.239.112
997,Jozef,Belfield,jbelfieldro@nhs.uk,Male,74.125.207.211
998,Torey,Puttock,tputtockrp@intel.com,Female,178.57.167.2
999,Dorrie,Hulburt,dhulburtrq@home.pl,Female,92.125.242.1
1000,Bettye,Lathom,blathomrr@earthlink.net,Female,90.14.204.25
