id,first_name,last_name,email,gender,ip_address
1,Claudie,Adderley,cadderley0@go.com,Female,53.144.105.32
2,Gayelord,Prosh,gprosh1@hc360.com,Agender,134.79.218.184
3,Cirilo,Hargraves,chargraves2@theguardian.com,Agender,213.77.93.236
4,Giulio,Fleming,gfleming3@google.com,Male,33.51.43.132
5,Harmonie,Smieton,hsmieton4@unicef.org,Female,79.214.144.26
6,Lita,Bream,lbream5@oakley.com,Female,188.180.125.219
7,Wilhelmine,Germaine,wgermaine6@php.net,Polygender,250.68.101.186
8,Clara,Dummett,cdummett7@facebook.com,Non-binary,194.107.36.1
9,Cally,Langrick,clangrick8@virginia.edu,Female,209.222.9.213
10,Hercules,Ratnege,hratnege9@163.com,Male,63.165.233.196
11,Essy,Redferne,eredfernea@1und1.de,Female,155.130.131.163
12,Alika,Hasling,ahaslingb@networkadvertising.org,Female,99.149.245.67
13,Rodolph,Faughey,rfaugheyc@google.ca,Male,246.190.142.131
14,Brinn,Isack,bisackd@amazon.co.jp,Female,8.39.190.155
15,Trula,Drummond,tdrummonde@microsoft.com,Female,235.86.9.26
16,Brendon,Quin,bquinf@home.pl,Male,199.215.227.172
17,Katine,Marwick,kmarwickg@usatoday.com,Female,73.155.134.252
18,Annadiana,Sings,asingsh@godaddy.com,Female,91.74.159.138
19,Kingston,Hawkshaw,khawkshawi@adobe.com,Male,99.213.241.169
20,Sargent,O'Hoolahan,sohoolahanj@privacy.gov.au,Male,39.68.6.63
21,Kelwin,Beagan,kbeagank@sun.com,Male,132.110.14.199
22,Lemmy,Summerley,lsummerleyl@techcrunch.com,Male,57.40.55.101
23,Poul,Hriinchenko,phriinchenkom@senate.gov,Male,108.192.93.248
24,Gerik,Sang,gsangn@hibu.com,Male,27.247.11.189
25,Marchall,Tuddenham,mtuddenhamo@tinyurl.com,Male,129.220.21.150
26,Alethea,Gingedale,agingedalep@t-online.de,Female,8.24.155.252
27,Domini,Redmell,dredmellq@devhub.com,Female,97.186.160.218
28,Massimiliano,Reimer,mreimerr@over-blog.com,Bigender,211.13.19.1
29,Ezmeralda,Skillanders,eskillanderss@senate.gov,Female,53.167.89.197
30,Rodi,Belliard,rbelliardt@wikimedia.org,Female,118.97.90.45
31,Vilma,Breeder,vbreederu@exblog.jp,Female,184.184.162.7
32,Joete,Scoone,jscoonev@qq.com,Female,195.204.104.77
33,Ignacius,Fuxman,ifuxmanw@tmall.com,Male,40.225.35.62
34,Buddie,Athowe,bathowex@fema.gov,Male,16.235.14.159
35,Thayne,Stormonth,tstormonthy@google.com,Male,153.224.168.17
36,Val,Dibnah,vdibnahz@fda.gov,Male,196.20.133.243
37,Aeriell,Selbie,aselbie10@jigsy.com,Polygender,113.202.232.119
38,Dell,Goward,dgoward11@nbcnews.com,Male,199.21.130.185
39,Kipp,Attfield,kattfield12@shutterfly.com,Male,8.157.3.91
40,Clyve,Coulbeck,ccoulbeck13@pagesperso-orange.fr,Non-binary,137.87.142.20
41,Giovanni,O'Hagerty,gohagerty14@adobe.com,Male,65.114.136.27
42,Raffaello,Vautre,rvautre15@mozilla.com,Male,76.162.94.224
43,Gustav,Seager,gseager16@domainmarket.com,Male,231.166.166.98
44,Georgeanna,Treweela,gtreweela17@shareasale.com,Female,19.191.19.186
45,Billye,Berger,bberger18@cnet.com,Female,30.133.111.204
46,Chan,Kisting,ckisting19@instagram.com,Male,124.170.150.114
47,Brent,Tofanelli,btofanelli1a@reference.com,Male,130.150.29.201
48,Lottie,Uzelli,luzelli1b@list-manage.com,Female,36.192.194.120
49,Dorian,Viles,dviles1c@gravatar.com,Female,165.17.248.241
50,Norma,Binding,nbinding1d@youtube.com,Female,1.92.191.235
51,Briggs,Beaumont,bbeaumont1e@economist.com,Male,236.86.122.253
52,Radcliffe,Caberas,rcaberas1f@timesonline.co.uk,Male,156.179.184.247
53,Zorine,Beminster,zbeminster1g@unblog.fr,Female,174.174.251.147
54,Pietra,Renak,prenak1h@t-online.de,Female,47.16.190.13
55,Mark,Simoni,msimoni1i@fc2.com,Male,241.28.79.242
56,Bret,Carryer,bcarryer1j@msu.edu,Male,6.96.191.133
57,Tomas,Farmloe,tfarmloe1k@quantcast.com,Male,98.76.55.221
58,Drona,Dunkirk,ddunkirk1l@usda.gov,Female,12.238.101.186
59,Roderigo,Brea,rbrea1m@sciencedirect.com,Male,53.94.244.128
60,Abra,Shulver,ashulver1n@twitpic.com,Female,37.216.216.110
61,Pearce,Boulds,pboulds1o@ca.gov,Male,230.223.73.1
62,Bartholemy,Maccrea,bmaccrea1p@webmd.com,Male,27.235.34.187
63,Dena,Kummerlowe,dkummerlowe1q@vinaora.com,Female,210.217.19.107
64,Brynn,Etheridge,betheridge1r@bandcamp.com,Female,46.222.209.227
65,Amos,Szimon,aszimon1s@ibm.com,Male,107.15.161.233
66,Layton,Resdale,lresdale1t@imageshack.us,Male,59.172.40.10
67,Alasteir,Nias,anias1u@posterous.com,Male,209.130.241.9
68,Elka,Jaquiss,ejaquiss1v@skyrock.com,Polygender,181.207.109.197
69,Jessalin,Denziloe,jdenziloe1w@123-reg.co.uk,Female,175.157.228.161
70,Dean,Fulloway,dfulloway1x@google.com.hk,Male,107.91.11.251
71,Read,Karlolak,rkarlolak1y@tmall.com,Male,209.172.189.73
72,Bartholemy,Kissell,bkissell1z@alibaba.com,Male,189.188.196.77
73,Jobi,De Simoni,jdesimoni20@ask.com,Female,113.35.151.193
74,Baillie,Calverley,bcalverley21@hibu.com,Male,125.115.30.136
75,Neal,Meikle,nmeikle22@examiner.com,Male,188.55.7.100
76,Hersch,Skittle,hskittle23@mozilla.org,Male,137.3.2.214
77,Sonny,Peek,speek24@opensource.org,Male,235.14.201.143
78,Garvin,Jerwood,gjerwood25@dailymail.co.uk,Male,244.70.229.90
79,Merry,Bartot,mbartot26@marketwatch.com,Male,120.17.99.89
80,Rafi,Gay,rgay27@ehow.com,Male,188.145.151.132
81,Greta,Gierck,ggierck28@icq.com,Female,210.39.56.207
82,Dori,Esposito,desposito29@chicagotribune.com,Polygender,183.155.84.188
83,Guthrey,Pinkney,gpinkney2a@de.vu,Male,163.188.231.27
84,Anson,Comford,acomford2b@lycos.com,Agender,185.129.133.189
85,Gordon,Tyler,gtyler2c@barnesandnoble.com,Genderqueer,124.111.221.72
86,Katerina,Salkeld,ksalkeld2d@typepad.com,Female,154.44.227.198
87,Tan,Dowse,tdowse2e@berkeley.edu,Male,24.182.53.54
88,Berky,Pariso,bpariso2f@toplist.cz,Male,186.116.145.253
89,Cathyleen,Binyon,cbinyon2g@ebay.co.uk,Female,6.42.39.178
90,Jasmine,Hallatt,jhallatt2h@slideshare.net,Polygender,214.108.246.51
91,Ellerey,Jobern,ejobern2i@nytimes.com,Male,65.144.245.168
92,Flore,Meiner,fmeiner2j@360.cn,Female,190.66.9.25
93,Claudianus,Winspeare,cwinspeare2k@umich.edu,Male,227.0.249.240
94,Gothart,Mann,gmann2l@cbc.ca,Male,56.159.230.221
95,Kliment,Shorto,kshorto2m@sogou.com,Male,110.29.203.24
96,Ado,Dorsey,adorsey2n@techcrunch.com,Male,95.65.132.30
97,Osborne,Barfoot,obarfoot2o@a8.net,Male,138.77.201.132
98,Keelby,McCracken,kmccracken2p@google.de,Male,142.175.248.113
99,Chrisy,Rappa,crappa2q@bloglovin.com,Male,104.6.232.84
100,Kary,Seeger,kseeger2r@jugem.jp,Female,92.254.147.21
101,Eustace,Boucher,eboucher2s@admin.ch,Male,188.130.65.29
102,Robers,Broschek,rbroschek2t@amazon.de,Male,103.36.161.229
103,Edan,Broek,ebroek2u@berkeley.edu,Male,134.118.135.38
104,Klarika,Hammerton,khammerton2v@accuweather.com,Female,145.171.103.62
105,Tabbie,Arsey,tarsey2w@goo.gl,Female,204.92.13.182
106,Silvano,Mallock,smallock2x@unblog.fr,Male,255.94.149.251
107,Serene,Jacobi,sjacobi2y@people.com.cn,Female,141.61.7.4
108,Michal,Wrathall,mwrathall2z@yahoo.com,Male,99.53.124.84
109,Hamil,Matushenko,hmatushenko30@shop-pro.jp,Male,205.174.65.131
110,Rick,Haking,rhaking31@sciencedaily.com,Male,100.166.31.74
111,Leontine,Annis,lannis32@ted.com,Female,193.188.93.98
112,Jackie,Girardy,jgirardy33@alexa.com,Female,31.171.105.33
113,Trefor,Hansford,thansford34@senate.gov,Male,208.136.249.166
114,Alyss,Jacke,ajacke35@chronoengine.com,Polygender,9.159.99.161
115,Reynard,Pilipets,rpilipets36@jigsy.com,Male,164.189.68.249
116,Timmie,Baniard,tbaniard37@npr.org,Female,47.199.168.190
117,Raven,Jupp,rjupp38@prnewswire.com,Female,45.235.130.132
118,Averil,Colbourn,acolbourn39@topsy.com,Genderqueer,130.79.111.175
119,Hilly,Sieghart,hsieghart3a@virginia.edu,Male,206.220.51.255
120,Bent,Sheeran,bsheeran3b@blinklist.com,Male,182.175.30.117
121,Darnall,Wordsley,dwordsley3c@multiply.com,Male,32.236.156.101
122,Mabel,Hearl,mhearl3d@engadget.com,Polygender,68.133.197.162
123,Nady,Dowthwaite,ndowthwaite3e@163.com,Female,40.83.15.193
124,Jehanna,Upcraft,jupcraft3f@bloglines.com,Genderfluid,112.163.209.149
125,Beatriz,MacKonochie,bmackonochie3g@cbsnews.com,Female,75.226.254.16
126,Duffie,Thiolier,dthiolier3h@timesonline.co.uk,Male,28.247.54.2
127,Nomi,Radbond,nradbond3i@hao123.com,Female,46.243.77.22
128,Addi,Crop,acrop3j@sciencedaily.com,Female,213.101.56.253
129,Luigi,Treffrey,ltreffrey3k@si.edu,Male,179.109.126.86
130,Hynda,Gillivrie,hgillivrie3l@addtoany.com,Female,50.10.134.116
131,Alfy,Prugel,aprugel3m@reverbnation.com,Female,80.36.208.185
132,Gibbie,Weedon,gweedon3n@slideshare.net,Male,170.255.15.140
133,Maire,Cleugher,mcleugher3o@goo.gl,Genderfluid,190.0.212.224
134,Debera,Kiggel,dkiggel3p@stanford.edu,Female,71.178.124.233
135,David,Loveridge,dloveridge3q@yellowpages.com,Male,211.93.139.255
136,Augie,Ferschke,aferschke3r@nature.com,Male,228.87.26.32
137,Inger,Lovelock,ilovelock3s@wufoo.com,Male,111.130.205.210
138,Jarrett,Tommasuzzi,jtommasuzzi3t@scientificamerican.com,Male,151.200.219.228
139,Francois,Wolfer,fwolfer3u@sina.com.cn,Male,167.222.80.199
140,Gilli,Aindrais,gaindrais3v@quantcast.com,Female,88.253.175.38
141,Kristo,Dominguez,kdominguez3w@youtube.com,Male,191.204.247.132
142,Sybille,Dreye,sdreye3x@purevolume.com,Female,217.206.30.159
143,Sarine,Backman,sbackman3y@boston.com,Female,174.149.165.160
144,Natty,McLellan,nmclellan3z@bloglines.com,Male,155.88.120.54
145,Kordula,Youhill,kyouhill40@nps.gov,Female,134.94.23.40
146,Mari,Corpe,mcorpe41@utexas.edu,Female,107.214.152.120
147,Wenda,Bridgstock,wbridgstock42@rediff.com,Female,164.235.27.166
148,Benton,Ellerker,bellerker43@google.com.br,Male,194.86.227.174
149,Trstram,Clemonts,tclemonts44@usda.gov,Male,62.8.199.162
150,Aubine,Whiteson,awhiteson45@nsw.gov.au,Female,154.32.53.100
151,Hadria,Cumber,hcumber46@istockphoto.com,Female,1.227.25.172
152,Skell,Whittlesea,swhittlesea47@unicef.org,Male,46.255.151.32
153,Cynde,Tuberfield,ctuberfield48@pagesperso-orange.fr,Female,64.161.171.159
154,Tremayne,Gymlett,tgymlett49@i2i.jp,Male,103.64.160.96
155,Yasmeen,Jost,yjost4a@ucoz.com,Female,30.93.5.40
156,Arman,Huygens,ahuygens4b@merriam-webster.com,Male,96.214.15.85
157,Lynea,Russan,lrussan4c@adobe.com,Female,142.48.242.96
158,Clayborn,Massingberd,cmassingberd4d@blinklist.com,Male,176.53.111.102
159,Bertha,Leggis,bleggis4e@europa.eu,Female,53.87.162.65
160,Pam,Ewins,pewins4f@dell.com,Female,106.184.136.70
161,Anissa,Wrefford,awrefford4g@360.cn,Female,253.138.253.75
162,Abdul,Ruddy,aruddy4h@whitehouse.gov,Male,248.19.133.239
163,Harlen,Rossiter,hrossiter4i@de.vu,Male,36.159.50.137
164,Reeba,Huot,rhuot4j@qq.com,Female,74.78.76.115
165,Alana,Arnecke,aarnecke4k@toplist.cz,Female,230.181.167.88
166,Cherri,Frain,cfrain4l@ft.com,Female,148.123.253.140
167,Orsola,Wilfling,owilfling4m@1688.com,Female,59.207.49.250
168,Paxton,Colvill,pcolvill4n@globo.com,Male,74.161.111.38
169,Juan,Calcutt,jcalcutt4o@meetup.com,Male,246.74.194.10
170,Gweneth,Gostick,ggostick4p@gnu.org,Female,216.72.62.68
171,Barnabe,Orta,borta4q@springer.com,Male,251.0.106.243
172,Darrelle,Sherebrook,dsherebrook4r@china.com.cn,Female,233.127.247.214
173,Bertine,Sloley,bsloley4s@networksolutions.com,Female,177.31.165.24
174,Berry,Vipan,bvipan4t@independent.co.uk,Female,39.86.160.28
175,Agata,Hastilow,ahastilow4u@hud.gov,Female,46.2.222.68
176,Erminie,Moret,emoret4v@wiley.com,Female,175.160.30.91
177,Galvin,Laneham,glaneham4w@arstechnica.com,Male,8.40.147.56
178,Maurita,L'Hommee,mlhommee4x@networksolutions.com,Female,208.192.83.219
179,Sylvester,Townby,stownby4y@skype.com,Polygender,193.194.129.36
180,Babette,Lyptratt,blyptratt4z@mozilla.com,Female,12.107.216.31
181,Adora,Iredale,airedale50@clickbank.net,Female,160.206.73.222
182,Ardisj,Rennicks,arennicks51@amazon.co.jp,Female,195.135.91.173
183,Saunder,Guilliland,sguilliland52@devhub.com,Male,107.23.36.238
184,Lorens,Schneidar,lschneidar53@washington.edu,Male,138.43.128.212
185,Levon,Ramstead,lramstead54@imgur.com,Male,229.142.154.141
186,Karry,McKern,kmckern55@china.com.cn,Genderfluid,226.83.50.246
187,Addison,Bullen,abullen56@dion.ne.jp,Male,59.240.96.37
188,Max,Querree,mquerree57@marketwatch.com,Male,26.33.181.128
189,Reube,Ketts,rketts58@cmu.edu,Male,42.85.224.226
190,Felike,Akehurst,fakehurst59@nsw.gov.au,Male,170.89.211.224
191,Wally,Brumbye,wbrumbye5a@nba.com,Male,138.202.2.25
192,Cornie,Beevis,cbeevis5b@microsoft.com,Female,195.102.44.99
193,Constantin,Alfuso,calfuso5c@msn.com,Male,196.198.67.74
194,Alisun,Bohlens,abohlens5d@last.fm,Female,215.113.11.94
195,Gonzalo,Grimsell,ggrimsell5e@dropbox.com,Male,252.181.36.174
196,Fitz,Gladwin,fgladwin5f@apple.com,Non-binary,1.11.54.165
197,Cathrine,Blaskett,cblaskett5g@mediafire.com,Polygender,194.28.97.213
198,Morgen,Parkman,mparkman5h@cnn.com,Bigender,243.240.89.148
199,Hewett,Dickie,hdickie5i@nsw.gov.au,Male,72.191.167.237
200,Joshia,Matthieson,jmatthieson5j@ucla.edu,Male,19.215.22.135
201,Raymond,Polle,rpolle5k@privacy.gov.au,Male,49.99.6.85
202,Colin,McKag,cmckag5l@scribd.com,Male,158.41.27.124
203,Chadwick,Abbott,cabbott5m@tripod.com,Male,90.16.76.252
204,Cybil,Cornels,ccornels5n@1und1.de,Female,111.182.80.218
205,Cary,Bille,cbille5o@mediafire.com,Female,114.220.90.165
206,Everett,Cannicott,ecannicott5p@chron.com,Male,237.248.89.85
207,Jamie,Barszczewski,jbarszczewski5q@smh.com.au,Female,218.150.213.88
208,Raymund,Riveles,rriveles5r@gmpg.org,Bigender,91.134.114.194
209,Brose,Luc,bluc5s@seattletimes.com,Male,159.127.153.117
210,Zitella,Parade,zparade5t@bbc.co.uk,Female,123.216.31.130
211,Hilarius,Cleaves,hcleaves5u@bing.com,Male,156.147.211.109
212,Peri,Barok,pbarok5v@sohu.com,Female,251.55.84.41
213,Garvey,Hardie,ghardie5w@ft.com,Male,73.128.65.84
214,Bartholemy,Mulvihill,bmulvihill5x@cam.ac.uk,Male,246.185.124.105
215,Petronille,Brake,pbrake5y@nbcnews.com,Female,183.144.140.73
216,Glen,Abelovitz,gabelovitz5z@dagondesign.com,Male,216.65.173.197
217,Melany,Habden,mhabden60@admin.ch,Female,168.178.134.249
218,Hildy,Hurche,hhurche61@oracle.com,Female,116.170.60.136
219,Rutter,Gunn,rgunn62@bbb.org,Male,71.169.104.105
220,Orville,Jordison,ojordison63@imageshack.us,Male,244.238.85.111
221,Danita,Ianniello,dianniello64@techcrunch.com,Female,39.40.56.100
222,Bert,Hrinishin,bhrinishin65@cam.ac.uk,Female,241.98.64.58
223,Zora,Kenefick,zkenefick66@mozilla.com,Female,159.160.107.229
224,Joete,Creboe,jcreboe67@wikispaces.com,Female,252.97.243.200
225,Gertruda,Allitt,gallitt68@list-manage.com,Female,62.166.92.174
226,Fedora,Ruecastle,fruecastle69@reuters.com,Female,164.70.233.246
227,Ellis,Stubbley,estubbley6a@skyrock.com,Non-binary,87.56.131.221
228,Carlotta,Blake,cblake6b@columbia.edu,Female,201.165.117.189
229,Vanda,Cutchie,vcutchie6c@blinklist.com,Female,245.106.168.39
230,Thomas,Gino,tgino6d@vimeo.com,Polygender,185.234.88.110
231,Stefanie,D'Arrigo,sdarrigo6e@google.pl,Female,48.177.84.15
232,Scotty,Dryden,sdryden6f@geocities.com,Male,191.250.170.4
233,Keith,Yakushkev,kyakushkev6g@xrea.com,Male,15.252.1.111
234,Ivor,Twohig,itwohig6h@qq.com,Male,111.98.180.161
235,Hilton,Shillam,hshillam6i@bluehost.com,Male,85.217.152.93
236,Lira,Briand,lbriand6j@wunderground.com,Female,244.27.82.74
237,Charita,Colgrave,ccolgrave6k@creativecommons.org,Female,196.74.96.31
238,Tanny,Newick,tnewick6l@cbsnews.com,Male,132.252.229.57
239,Roxy,Ovid,rovid6m@cisco.com,Female,178.40.143.47
240,Tessa,Graser,tgraser6n@upenn.edu,Female,136.145.138.148
241,Consolata,Matej,cmatej6o@facebook.com,Female,126.103.79.205
242,Bernard,Ness,bness6p@zimbio.com,Male,242.229.139.107
243,Regan,Glitherow,rglitherow6q@hhs.gov,Male,94.153.80.133
244,Guy,Mabbutt,gmabbutt6r@europa.eu,Male,128.25.204.215
245,Chester,Kilpin,ckilpin6s@smugmug.com,Male,92.143.217.11
246,Kelwin,Hayhurst,khayhurst6t@dailymail.co.uk,Male,111.20.32.25
247,Ellwood,Effemy,eeffemy6u@yellowbook.com,Male,219.33.109.185
248,Denver,Domoni,ddomoni6v@ihg.com,Male,140.39.5.27
249,Isabelita,Woodyear,iwoodyear6w@smh.com.au,Female,81.139.181.18
250,Consuela,Gyver,cgyver6x@bing.com,Female,13.37.17.227
251,Hettie,Lankford,hlankford6y@mozilla.com,Genderqueer,126.238.176.42
252,Kinny,Tillyer,ktillyer6z@google.de,Male,111.118.119.149
253,Carola,Alvarado,calvarado70@mapquest.com,Female,32.73.139.181
254,Romona,Tousy,rtousy71@cloudflare.com,Female,26.92.136.146
255,Normand,Doey,ndoey72@shutterfly.com,Male,7.63.228.122
256,Leonanie,Avraam,lavraam73@nydailynews.com,Female,9.84.243.157
257,Marjory,Kytley,mkytley74@fda.gov,Female,22.148.162.213
258,Beryle,Klehn,bklehn75@blinklist.com,Female,130.238.110.142
259,Fax,Nornasell,fnornasell76@jiathis.com,Male,224.92.234.192
260,Kristofor,O'Fallowne,kofallowne77@wufoo.com,Male,73.206.175.227
261,Leonerd,Kilduff,lkilduff78@bbc.co.uk,Male,65.120.250.188
262,Abbie,Oxbe,aoxbe79@photobucket.com,Male,176.211.242.32
263,Ambros,Breckwell,abreckwell7a@hubpages.com,Male,107.153.95.53
264,Reider,Todeo,rtodeo7b@163.com,Male,46.181.245.78
265,Colas,Perryn,cperryn7c@booking.com,Male,23.135.221.65
266,Toinette,Camili,tcamili7d@wikispaces.com,Female,142.7.25.50
267,Preston,MacAirt,pmacairt7e@dyndns.org,Male,233.124.47.118
268,Birgitta,Wainwright,bwainwright7f@istockphoto.com,Female,228.205.223.72
269,Odo,Baynam,obaynam7g@google.ru,Male,48.95.6.90
270,Rouvin,Drabble,rdrabble7h@hugedomains.com,Male,222.215.88.190
271,Orella,Bark,obark7i@bravesites.com,Female,3.234.11.204
272,Prescott,Gilvary,pgilvary7j@chicagotribune.com,Male,175.87.73.217
273,Liuka,Sponton,lsponton7k@hugedomains.com,Female,77.250.42.144
274,Lilli,Bushel,lbushel7l@shareasale.com,Female,7.39.141.10
275,Conrade,Rozsa,crozsa7m@histats.com,Male,1.135.60.146
276,Elizabet,Croad,ecroad7n@smugmug.com,Female,168.195.139.83
277,Misti,McElrea,mmcelrea7o@mashable.com,Female,231.45.151.254
278,Loren,Boyett,lboyett7p@china.com.cn,Genderqueer,176.182.90.106
279,Jordain,Wardesworth,jwardesworth7q@unc.edu,Female,115.17.32.142
280,Brandais,Marty,bmarty7r@google.es,Female,58.183.117.209
281,Benito,Milkeham,bmilkeham7s@state.tx.us,Male,80.49.218.126
282,Kimberlyn,Parkes,kparkes7t@noaa.gov,Female,17.227.185.83
283,Caz,Gadesby,cgadesby7u@loc.gov,Male,132.140.148.58
284,Silvain,Blacklock,sblacklock7v@unc.edu,Male,110.128.74.237
285,Kristine,Phillp,kphillp7w@ning.com,Female,40.159.81.54
286,Shanon,Vasquez,svasquez7x@mozilla.org,Female,194.251.161.35
287,Tobiah,Pettet,tpettet7y@ameblo.jp,Male,140.130.154.101
288,Renie,Connock,rconnock7z@tripadvisor.com,Female,242.209.42.48
289,Pattin,Pikhno,ppikhno80@apache.org,Male,237.112.5.121
290,Nessy,Stuck,nstuck81@360.cn,Female,8.10.140.111
291,Charity,Zannetti,czannetti82@mediafire.com,Female,119.147.61.201
292,Pegeen,Threlfall,pthrelfall83@cafepress.com,Female,135.80.44.152
293,Shepherd,Hurlston,shurlston84@mac.com,Male,218.127.254.249
294,Hana,Tremonte,htremonte85@mtv.com,Female,52.198.61.66
295,Hakim,Bletso,hbletso86@cmu.edu,Male,135.180.116.198
296,Miran,Cainey,mcainey87@samsung.com,Female,240.24.87.185
297,Shelba,Saunder,ssaunder88@tiny.cc,Female,52.226.19.183
298,Gerhard,Andreutti,gandreutti89@angelfire.com,Male,240.231.91.247
299,Blithe,Yanukhin,byanukhin8a@mit.edu,Female,195.148.66.223
300,Rey,Rockwell,rrockwell8b@tumblr.com,Male,253.161.224.16
301,Arlie,Dielhenn,adielhenn8c@europa.eu,Female,131.93.162.147
302,Alvina,Benardeau,abenardeau8d@csmonitor.com,Female,45.240.210.235
303,Lenore,Arrault,larrault8e@linkedin.com,Female,167.208.196.12
304,Dulciana,Ackrill,dackrill8f@hostgator.com,Female,62.89.114.96
305,La verne,Luetchford,lluetchford8g@t-online.de,Female,174.164.138.112
306,Ethelin,Josilowski,ejosilowski8h@techcrunch.com,Female,52.37.226.184
307,Allistir,Richardsson,arichardsson8i@booking.com,Male,188.19.204.52
308,Humfrey,Nichol,hnichol8j@instagram.com,Male,199.83.3.231
309,Orv,McKeefry,omckeefry8k@gizmodo.com,Non-binary,216.17.122.120
310,Goldi,Swarbrick,gswarbrick8l@samsung.com,Female,129.90.145.208
311,Cleveland,Salisbury,csalisbury8m@twitpic.com,Male,219.224.177.118
312,Culver,Cutforth,ccutforth8n@joomla.org,Male,142.39.32.225
313,Lin,Fisher,lfisher8o@nationalgeographic.com,Male,139.25.235.58
314,Othilia,Goldbourn,ogoldbourn8p@dot.gov,Female,240.91.51.91
315,Fred,Woehler,fwoehler8q@examiner.com,Bigender,114.216.235.226
316,Christine,Dufoure,cdufoure8r@artisteer.com,Female,164.36.32.117
317,Hagan,Ingray,hingray8s@nature.com,Male,244.116.131.188
318,Bailie,Spurdens,bspurdens8t@qq.com,Male,69.6.187.124
319,Joella,Gallyhaock,jgallyhaock8u@hud.gov,Female,25.118.1.236
320,Donalt,Winship,dwinship8v@cbsnews.com,Male,91.169.230.23
321,Fleming,Vinick,fvinick8w@wix.com,Male,72.231.234.216
322,Arri,Learmond,alearmond8x@t.co,Male,109.166.235.148
323,Selby,Bernuzzi,sbernuzzi8y@boston.com,Male,142.69.187.206
324,Rolf,Maundrell,rmaundrell8z@kickstarter.com,Male,100.136.196.41
325,Venita,Ashbey,vashbey90@webmd.com,Female,221.61.188.123
326,Forster,Crean,fcrean91@histats.com,Male,87.48.85.97
327,Sheila-kathryn,Gert,sgert92@foxnews.com,Female,21.17.28.97
328,Tomasina,Vaudrey,tvaudrey93@cnn.com,Female,47.47.222.184
329,Rora,Birth,rbirth94@cbslocal.com,Polygender,41.73.37.161
330,Judas,Mayoh,jmayoh95@mapy.cz,Male,199.184.102.192
331,Lowrance,Rosenzveig,lrosenzveig96@bing.com,Male,174.167.197.236
332,Bernard,Le Estut,bleestut97@wikia.com,Male,230.219.201.67
333,Gladi,Padmore,gpadmore98@dagondesign.com,Female,91.129.98.117
334,Phebe,Oran,poran99@creativecommons.org,Female,169.164.171.11
335,Babara,Bon,bbon9a@github.io,Female,215.100.79.231
336,Angie,Osipov,aosipov9b@prlog.org,Female,210.206.14.94
337,Jone,Loosley,jloosley9c@tumblr.com,Male,212.10.19.31
338,Sloane,Falkinder,sfalkinder9d@kickstarter.com,Male,230.214.144.194
339,Borg,Townsend,btownsend9e@discuz.net,Non-binary,165.60.183.124
340,Enos,Shippard,eshippard9f@jugem.jp,Male,57.74.18.14
341,Napoleon,Marzele,nmarzele9g@redcross.org,Genderqueer,118.28.20.191
342,Dorry,Stonebanks,dstonebanks9h@hostgator.com,Female,66.125.81.63
343,Dietrich,Geelan,dgeelan9i@sohu.com,Male,133.108.10.142
344,Del,Duthy,dduthy9j@photobucket.com,Female,18.199.39.71
345,Abran,Dumbrall,adumbrall9k@samsung.com,Male,167.158.142.164
346,Fleur,Stripling,fstripling9l@multiply.com,Non-binary,97.24.161.103
347,Roselle,Keyson,rkeyson9m@spotify.com,Female,84.190.199.203
348,Dael,Harwell,dharwell9n@etsy.com,Male,209.239.110.225
349,Pete,Gerrad,pgerrad9o@ning.com,Male,250.195.238.134
350,Carlin,Bannester,cbannester9p@paypal.com,Male,17.178.218.82
351,Alexia,Studholme,astudholme9q@weibo.com,Female,59.204.58.99
352,Kliment,Davenport,kdavenport9r@tumblr.com,Male,77.250.201.43
353,Warde,Webby,wwebby9s@jalbum.net,Male,192.69.152.198
354,Findley,Whitney,fwhitney9t@amazon.co.uk,Male,212.121.193.229
355,Roana,McGinty,rmcginty9u@prlog.org,Female,16.160.75.78
356,Eward,Jost,ejost9v@hatena.ne.jp,Male,247.228.154.38
357,Brittan,Sapsforde,bsapsforde9w@facebook.com,Female,204.203.91.164
358,Norine,Farrer,nfarrer9x@xing.com,Female,49.43.84.44
359,Jodee,Duley,jduley9y@tuttocitta.it,Female,54.53.8.175
360,Dara,Folley,dfolley9z@rakuten.co.jp,Female,65.243.73.13
361,Amye,Platts,aplattsa0@wp.com,Polygender,151.59.21.62
362,Shanda,Cawthery,scawtherya1@prnewswire.com,Female,168.19.204.65
363,Trina,Gail,tgaila2@dagondesign.com,Female,247.231.167.242
364,Roze,Yuryaev,ryuryaeva3@si.edu,Female,1.176.217.231
365,Dorella,Caplin,dcaplina4@japanpost.jp,Genderfluid,223.210.178.69
366,Justis,Clench,jclencha5@ed.gov,Male,226.40.237.7
367,Cornela,Ravenscroft,cravenscrofta6@arstechnica.com,Female,70.224.168.175
368,Edwin,Compston,ecompstona7@cmu.edu,Agender,63.186.83.90
369,Leandra,Chettoe,lchettoea8@guardian.co.uk,Female,200.248.42.77
370,Felike,Simukov,fsimukova9@geocities.jp,Male,132.3.228.4
371,Cindelyn,Judd,cjuddaa@linkedin.com,Female,133.34.169.174
372,Aluin,Pascho,apaschoab@pagesperso-orange.fr,Male,182.201.80.186
373,Rodrigo,Gustus,rgustusac@geocities.com,Male,11.205.111.132
374,Holden,Maasz,hmaaszad@wunderground.com,Male,205.77.9.67
375,Broderic,Loins,bloinsae@va.gov,Non-binary,168.148.202.29
376,Edgard,Rochford,erochfordaf@europa.eu,Male,83.219.105.104
377,Rianon,Kilgallon,rkilgallonag@cnn.com,Female,183.108.18.18
378,Danila,Galpen,dgalpenah@qq.com,Female,59.19.76.59
379,Bobbee,Croci,bcrociai@timesonline.co.uk,Female,239.175.109.9
380,Salvidor,Screas,sscreasaj@so-net.ne.jp,Bigender,64.73.68.144
381,Cordi,Stebbins,cstebbinsak@home.pl,Female,85.44.145.161
382,Lian,Rikkard,lrikkardal@usnews.com,Genderfluid,169.126.41.83
383,Oralie,Ciciari,ociciariam@wisc.edu,Female,44.186.180.154
384,Yuri,Gentzsch,ygentzschan@psu.edu,Male,126.139.99.68
385,Edin,Dyster,edysterao@youtube.com,Female,203.15.246.243
386,Brook,Pirkis,bpirkisap@elpais.com,Male,87.49.160.28
387,Myrtie,Whitcomb,mwhitcombaq@wordpress.com,Female,92.19.184.8
388,Wiatt,MacCrann,wmaccrannar@si.edu,Male,240.119.194.116
389,Emmalynn,Lepard,elepardas@reuters.com,Female,194.34.254.86
390,Goldarina,Hawthorne,ghawthorneat@cmu.edu,Bigender,116.211.156.57
391,Kerwin,Luter,kluterau@bandcamp.com,Bigender,224.14.248.26
392,De witt,Lummus,dlummusav@github.com,Male,17.238.243.124
393,Jorrie,Wormstone,jwormstoneaw@dell.com,Female,118.207.109.221
394,Meyer,Elgy,melgyax@bloomberg.com,Male,164.106.250.85
395,Marius,Leacy,mleacyay@shareasale.com,Male,37.255.188.44
396,Field,Ewen,fewenaz@bravesites.com,Male,69.194.20.156
397,Ronnica,Bertot,rbertotb0@1688.com,Female,127.0.64.81
398,Natale,Rude,nrudeb1@umich.edu,Male,183.210.179.139
399,Bartram,Loughhead,bloughheadb2@reference.com,Male,160.89.149.252
400,Barnett,Garken,bgarkenb3@devhub.com,Male,181.202.209.130
401,Cristiano,Jorin,cjorinb4@printfriendly.com,Male,111.6.147.24
402,Waldon,Meriel,wmerielb5@adobe.com,Male,28.31.229.230
403,Lesly,M'Quhan,lmquhanb6@jugem.jp,Female,162.247.27.107
404,Guss,Temporal,gtemporalb7@scientificamerican.com,Male,16.31.149.27
405,Jarid,Gullane,jgullaneb8@youtu.be,Male,45.39.121.46
406,Christin,Shaudfurth,cshaudfurthb9@scribd.com,Female,70.169.120.191
407,Sheela,Bucklee,sbuckleeba@google.com,Female,97.97.188.94
408,Zacharias,Hazelby,zhazelbybb@sohu.com,Male,2.126.120.216
409,Dottie,Shipston,dshipstonbc@storify.com,Female,170.218.192.217
410,Sherwin,McLeese,smcleesebd@illinois.edu,Male,234.239.142.164
411,Raimondo,Keattch,rkeattchbe@ameblo.jp,Genderfluid,22.207.156.115
412,Dita,Bock,dbockbf@redcross.org,Bigender,36.108.127.46
413,Dylan,Stoltz,dstoltzbg@issuu.com,Male,7.153.108.133
414,Zeke,Blampy,zblampybh@altervista.org,Male,20.19.140.88
415,Shadow,Goldhill,sgoldhillbi@nsw.gov.au,Male,76.213.179.154
416,Mickie,Penton,mpentonbj@tmall.com,Female,19.251.161.92
417,Fiona,Flescher,fflescherbk@typepad.com,Non-binary,230.102.156.131
418,Floyd,Gall,fgallbl@abc.net.au,Genderfluid,118.45.187.220
419,Shantee,Capstick,scapstickbm@wired.com,Female,246.44.84.80
420,Cammy,Langdon,clangdonbn@taobao.com,Bigender,164.129.63.204
421,Arie,Garroch,agarrochbo@theatlantic.com,Male,163.182.150.132
422,Emmit,Flescher,eflescherbp@aol.com,Male,46.245.238.24
423,Jervis,Posselwhite,jposselwhitebq@slate.com,Male,56.42.192.224
424,Isacco,Soulsby,isoulsbybr@census.gov,Male,57.71.135.3
425,Jared,Dobrowolny,jdobrowolnybs@yahoo.com,Male,143.235.83.111
426,Romona,Sherrell,rsherrellbt@goo.gl,Female,230.12.113.96
427,Jeane,Mullord,jmullordbu@edublogs.org,Female,89.126.216.237
428,Ree,Spurriar,rspurriarbv@cocolog-nifty.com,Polygender,50.61.222.154
429,Camel,Swaine,cswainebw@dagondesign.com,Female,229.13.59.17
430,Shaine,Redford,sredfordbx@domainmarket.com,Male,146.148.185.245
431,Isa,Giametti,igiamettiby@mac.com,Genderfluid,190.244.2.233
432,Noble,Atley,natleybz@seattletimes.com,Male,204.15.46.142
433,Angela,Landers,alandersc0@wiley.com,Female,75.75.15.185
434,Kendricks,Brandino,kbrandinoc1@jalbum.net,Male,146.119.213.58
435,Renata,Harpur,rharpurc2@nytimes.com,Female,132.116.66.78
436,Page,Alvis,palvisc3@geocities.com,Female,41.159.1.216
437,Aidan,Whiff,awhiffc4@elegantthemes.com,Female,203.118.53.82
438,Ardith,Hacksby,ahacksbyc5@google.it,Female,43.76.204.155
439,Betti,Durtnall,bdurtnallc6@artisteer.com,Female,227.237.252.244
440,Mitzi,Cocozza,mcocozzac7@cnbc.com,Female,89.254.130.230
441,Clementius,Maslin,cmaslinc8@free.fr,Male,32.237.60.61
442,Dosi,Dreini,ddreinic9@wordpress.org,Female,103.134.107.103
443,Blake,Harridge,bharridgeca@reuters.com,Male,4.23.173.75
444,Estel,Spadazzi,espadazzicb@tinypic.com,Female,8.170.119.185
445,Nata,Tidd,ntiddcc@nifty.com,Female,40.206.10.214
446,Brynn,Kopke,bkopkecd@themeforest.net,Genderfluid,113.153.42.41
447,Borg,Erickssen,berickssence@ucoz.com,Male,252.206.13.54
448,Bealle,Antunez,bantunezcf@wufoo.com,Male,54.105.214.143
449,George,Friberg,gfribergcg@wix.com,Female,90.219.213.38
450,Robin,Tennison,rtennisonch@loc.gov,Female,242.212.180.168
451,Jorge,Hemerijk,jhemerijkci@abc.net.au,Male,202.154.95.206
452,Kylie,Foxten,kfoxtencj@arstechnica.com,Female,242.255.176.223
453,Packston,Van Salzberger,pvansalzbergerck@networkadvertising.org,Male,159.85.119.208
454,Valeria,Pendrill,vpendrillcl@google.ca,Female,107.40.16.28
455,Dick,Kelmere,dkelmerecm@buzzfeed.com,Male,46.253.27.72
456,Ashia,Whithorn,awhithorncn@washington.edu,Female,17.8.182.236
457,Bank,Kyllford,bkyllfordco@gravatar.com,Male,219.160.234.251
458,Bond,Penney,bpenneycp@imgur.com,Non-binary,108.92.205.144
459,Melba,Slowey,msloweycq@deliciousdays.com,Bigender,102.138.32.184
460,Simonne,Maggi,smaggicr@exblog.jp,Female,77.227.66.175
461,Gibbie,Densie,gdensiecs@google.com.br,Male,195.89.201.205
462,Lynett,Farra,lfarract@cnet.com,Female,209.215.130.228
463,Willetta,Ranklin,wranklincu@wiley.com,Female,8.146.118.173
464,Staford,Labden,slabdencv@timesonline.co.uk,Male,189.237.18.33
465,Audra,Kitchen,akitchencw@bizjournals.com,Female,182.236.116.113
466,Darrin,Gianuzzi,dgianuzzicx@sciencedaily.com,Male,175.85.185.177
467,Silvio,Davydkov,sdavydkovcy@house.gov,Male,136.56.182.116
468,Elisha,Dollard,edollardcz@cnbc.com,Bigender,177.217.121.236
469,Cornelle,Crutchley,ccrutchleyd0@washingtonpost.com,Female,189.222.129.70
470,Tan,Grealy,tgrealyd1@acquirethisname.com,Male,12.54.2.190
471,Paten,Speariett,pspeariettd2@oakley.com,Bigender,202.7.128.116
472,Jammal,Riddeough,jriddeoughd3@ox.ac.uk,Male,127.32.153.211
473,Jessey,Maben,jmabend4@pagesperso-orange.fr,Male,177.103.126.170
474,Mikael,Beefon,mbeefond5@google.co.uk,Male,203.136.49.27
475,Rosemonde,Huckin,rhuckind6@disqus.com,Female,228.60.16.99
476,Corbett,Habbergham,chabberghamd7@digg.com,Male,72.97.254.6
477,Osmond,Boutwell,oboutwelld8@rakuten.co.jp,Male,37.99.46.213
478,Reece,Shearmer,rshearmerd9@reverbnation.com,Genderfluid,123.231.152.145
479,Dietrich,Saltwell,dsaltwellda@accuweather.com,Bigender,193.96.30.101
480,Penni,Cater,pcaterdb@forbes.com,Female,154.108.243.111
481,Katalin,Wooder,kwooderdc@purevolume.com,Female,28.237.118.50
482,Sashenka,Castletine,scastletinedd@de.vu,Female,1.125.229.50
483,Vinnie,Linnell,vlinnellde@marketwatch.com,Male,106.196.164.28
484,Stormie,Gaunt,sgauntdf@pcworld.com,Female,47.246.124.114
485,Odella,Jordison,ojordisondg@gnu.org,Female,227.201.252.186
486,Arther,Somner,asomnerdh@cocolog-nifty.com,Male,106.118.172.148
487,Hildagard,Coleby,hcolebydi@bandcamp.com,Female,111.117.219.154
488,Peggy,Merwood,pmerwooddj@naver.com,Female,154.186.52.48
489,Augusta,Cadle,acadledk@home.pl,Female,126.3.162.163
490,Nathaniel,Crepel,ncrepeldl@sciencedaily.com,Male,200.59.136.113
491,Rosabelle,Firebrace,rfirebracedm@elegantthemes.com,Polygender,40.172.106.182
492,Althea,Braxton,abraxtondn@goodreads.com,Female,130.109.21.157
493,Shela,Ricarde,sricardedo@ted.com,Female,241.102.248.9
494,Brod,Benduhn,bbenduhndp@newsvine.com,Male,14.254.185.8
495,Fancy,Bathowe,fbathowedq@facebook.com,Female,140.137.229.85
496,Daryle,Clamo,dclamodr@nbcnews.com,Male,183.16.229.42
497,Anson,Huc,ahucds@tamu.edu,Male,116.118.16.226
498,Karel,Fellman,kfellmandt@jugem.jp,Male,124.233.122.69
499,Noelyn,Belverstone,nbelverstonedu@goodreads.com,Female,1.168.188.129
500,Cybil,Yushin,cyushindv@amazon.co.jp,Female,82.184.217.123
501,Charo,Wornum,cwornumdw@mapquest.com,Female,242.167.131.114
502,Bernardine,Stollhofer,bstollhoferdx@elpais.com,Female,117.94.21.54
503,Artie,Melmeth,amelmethdy@hatena.ne.jp,Male,219.178.250.174
504,Ephrayim,Westraw,ewestrawdz@mysql.com,Male,7.253.86.79
505,Lesya,Hindshaw,lhindshawe0@yale.edu,Female,91.133.146.83
506,Tammie,Rodliff,trodliffe1@weebly.com,Female,33.118.28.193
507,Audi,White,awhitee2@goodreads.com,Female,24.242.153.57
508,Hattie,Atyeo,hatyeoe3@de.vu,Female,241.0.22.76
509,Sunny,Scrane,sscranee4@chron.com,Female,247.53.233.109
510,Bone,Tousey,btouseye5@ebay.co.uk,Non-binary,228.53.30.156
511,Laird,MacInerney,lmacinerneye6@rambler.ru,Male,178.200.180.193
512,Paula,Moland,pmolande7@com.com,Female,183.219.1.85
513,Shep,McCaffrey,smccaffreye8@infoseek.co.jp,Male,125.125.249.213
514,Addison,Doore,adooree9@webmd.com,Male,93.204.140.57
515,Norry,Busk,nbuskea@bbb.org,Female,186.48.77.195
516,Abel,Ludvigsen,aludvigseneb@feedburner.com,Male,203.214.115.1
517,Midge,Lowes,mlowesec@taobao.com,Genderqueer,102.81.68.164
518,Trixy,Bowshire,tbowshireed@fotki.com,Polygender,178.32.4.207
519,Tedda,Grog,tgrogee@businessweek.com,Female,61.116.143.102
520,Tedmund,Dabbes,tdabbesef@mashable.com,Male,233.188.251.209
521,Karee,Shinton,kshintoneg@surveymonkey.com,Polygender,186.119.7.222
522,Dario,Robottom,drobottomeh@webmd.com,Polygender,92.189.35.194
523,Cheryl,Leal,clealei@bluehost.com,Female,174.134.83.128
524,Gisele,Giovanni,ggiovanniej@utexas.edu,Female,252.245.150.190
525,Casar,Frankiewicz,cfrankiewiczek@google.co.uk,Male,239.46.73.2
526,Sioux,Coster,scosterel@last.fm,Female,212.191.203.102
527,Torrie,Matoshin,tmatoshinem@hatena.ne.jp,Female,216.252.149.75
528,Maria,Cundict,mcundicten@lycos.com,Female,134.91.182.209
529,Wenda,Jimmes,wjimmeseo@tinypic.com,Female,74.120.1.237
530,Benyamin,Gremain,bgremainep@ca.gov,Male,190.55.119.221
531,Rex,Darnbrook,rdarnbrookeq@nytimes.com,Male,184.195.225.221
532,Tamera,Kynsey,tkynseyer@bloglovin.com,Female,243.80.180.164
533,Cleon,Cane,ccanees@miibeian.gov.cn,Male,170.115.208.196
534,Prue,Rivers,priverset@hc360.com,Female,162.184.127.79
535,Robert,Scyner,rscynereu@loc.gov,Male,231.188.215.241
536,Ginger,Eilles,geillesev@princeton.edu,Bigender,39.220.166.1
537,Ham,Elcocks,helcocksew@columbia.edu,Male,214.64.114.103
538,Donielle,Jaquemar,djaquemarex@blogspot.com,Bigender,65.217.58.193
539,Shadow,Coppeard,scoppeardey@usnews.com,Male,153.203.161.172
540,Saba,Manterfield,smanterfieldez@altervista.org,Female,172.8.22.101
541,Gay,Barnby,gbarnbyf0@clickbank.net,Female,226.56.92.9
542,Edlin,Cousin,ecousinf1@nba.com,Male,237.9.159.216
543,Winfred,Marvelley,wmarvelleyf2@alibaba.com,Male,21.221.180.229
544,Hardy,Dufer,hduferf3@foxnews.com,Male,3.219.65.239
545,De witt,Meadway,dmeadwayf4@ca.gov,Male,130.34.113.202
546,Erinna,Winspire,ewinspiref5@imgur.com,Female,185.232.79.98
547,Dayle,Emlyn,demlynf6@people.com.cn,Female,226.71.130.7
548,Maddy,Sales,msalesf7@netlog.com,Male,6.46.0.156
549,Lian,Brownsworth,lbrownsworthf8@cpanel.net,Female,21.235.242.10
550,Erastus,Laurentin,elaurentinf9@washingtonpost.com,Male,241.213.182.253
551,Leicester,Pellatt,lpellattfa@narod.ru,Male,184.175.221.240
552,Axe,Marson,amarsonfb@etsy.com,Male,174.2.6.208
553,Lucien,Dovidian,ldovidianfc@spotify.com,Male,200.198.47.212
554,Barty,Wallworth,bwallworthfd@ibm.com,Male,200.192.227.123
555,Ivan,Berthe,iberthefe@tinyurl.com,Male,21.152.67.190
556,Sanford,Gettone,sgettoneff@devhub.com,Male,54.138.8.91
557,Cam,Ferneley,cferneleyfg@google.com.br,Agender,51.150.219.86
558,Chadwick,Lawrance,clawrancefh@timesonline.co.uk,Male,177.218.173.116
559,Alec,Gomes,agomesfi@telegraph.co.uk,Male,137.212.242.104
560,Reta,Filler,rfillerfj@google.nl,Female,161.132.120.51
561,Ayn,Gurwood,agurwoodfk@multiply.com,Female,214.64.248.6
562,Ferrel,Liff,flifffl@howstuffworks.com,Male,230.199.76.63
563,Emmerich,Firby,efirbyfm@smh.com.au,Male,90.68.179.72
564,Hedda,Monnoyer,hmonnoyerfn@youtube.com,Female,219.250.164.247
565,Kelsey,Swadling,kswadlingfo@networkadvertising.org,Female,63.88.12.164
566,Morie,Wardlaw,mwardlawfp@digg.com,Male,14.96.223.12
567,Geno,Wrightson,gwrightsonfq@wikia.com,Male,120.172.35.172
568,Pollyanna,Pitson,ppitsonfr@360.cn,Female,19.237.109.159
569,Pace,Yousef,pyouseffs@yale.edu,Male,151.222.59.144
570,Vikky,Renfield,vrenfieldft@php.net,Female,6.15.249.230
571,Edith,Paireman,epairemanfu@ebay.com,Female,171.235.230.205
572,Michelina,Prewer,mprewerfv@usatoday.com,Female,183.188.6.149
573,Cindi,Whitcher,cwhitcherfw@lycos.com,Female,96.109.41.116
574,Philippine,Reihill,preihillfx@reference.com,Female,243.46.254.175
575,Andriette,Ferreres,aferreresfy@wired.com,Female,121.93.100.90
576,Brandon,Thams,bthamsfz@mozilla.com,Male,81.70.134.192
577,Brianna,Joao,bjoaog0@delicious.com,Female,178.141.54.20
578,Rutter,Borghese,rborgheseg1@usnews.com,Male,249.43.170.201
579,Mendie,Kornilov,mkornilovg2@illinois.edu,Male,61.164.22.93
580,Kort,Erni,kernig3@cpanel.net,Male,74.211.193.253
581,Israel,Skamell,iskamellg4@youku.com,Male,77.224.65.173
582,Alford,Close,acloseg5@slideshare.net,Male,43.66.87.69
583,Haven,Hehnke,hhehnkeg6@chron.com,Male,118.26.237.223
584,Dinah,Bernier,dbernierg7@spiegel.de,Female,156.222.145.249
585,Torrin,Reavell,treavellg8@unesco.org,Male,35.189.19.33
586,Barney,Hewkin,bhewking9@nba.com,Male,70.70.232.154
587,Judas,Vequaud,jvequaudga@gravatar.com,Male,131.141.102.44
588,Dahlia,Yurkov,dyurkovgb@elpais.com,Female,92.143.248.98
589,Hermann,Rushton,hrushtongc@hibu.com,Male,152.200.7.249
590,Rabbi,Busson,rbussongd@delicious.com,Male,23.85.141.29
591,Hillier,Densey,hdenseyge@rediff.com,Male,34.54.131.25
592,Grethel,Reinbech,greinbechgf@nymag.com,Female,237.90.144.219
593,Ursuline,Derham,uderhamgg@histats.com,Female,96.249.217.3
594,Wolf,Piatto,wpiattogh@mit.edu,Male,158.224.120.150
595,Jaimie,Plose,jplosegi@wikipedia.org,Male,163.40.193.215
596,Valli,Clothier,vclothiergj@acquirethisname.com,Female,108.170.191.178
597,Sauncho,Andreutti,sandreuttigk@globo.com,Male,147.230.109.83
598,Booth,Cubbinelli,bcubbinelligl@goodreads.com,Male,191.160.28.110
599,Dylan,Gummoe,dgummoegm@newsvine.com,Male,89.127.198.13
600,Yard,Colclough,ycolcloughgn@wunderground.com,Agender,70.134.203.232
601,Rozalin,Rassmann,rrassmanngo@digg.com,Genderqueer,241.201.8.24
602,Burr,Fearey,bfeareygp@uol.com.br,Agender,219.0.202.140
603,Gennie,Couser,gcousergq@weebly.com,Female,183.127.68.161
604,Wells,Adams,wadamsgr@oaic.gov.au,Male,169.123.157.119
605,Gradeigh,Taylerson,gtaylersongs@1688.com,Male,169.244.103.55
606,Skye,Juett,sjuettgt@telegraph.co.uk,Male,64.203.252.94
607,Tina,Orrum,torrumgu@prweb.com,Female,235.2.34.238
608,Ariel,Beacroft,abeacroftgv@pcworld.com,Polygender,112.228.100.125
609,Lisabeth,Geistbeck,lgeistbeckgw@wunderground.com,Female,55.32.246.129
610,Mira,Locock,mlocockgx@parallels.com,Female,78.123.119.34
611,Ibby,Griffitt,igriffittgy@jiathis.com,Genderfluid,25.231.208.138
612,Gayel,Flye,gflyegz@skyrock.com,Female,115.207.55.80
613,Charis,Yesenev,cyesenevh0@cargocollective.com,Female,132.93.255.61
614,Ogdan,Drogan,odroganh1@gnu.org,Male,79.2.219.173
615,Danni,Pfiffer,dpfifferh2@discuz.net,Female,165.113.68.190
616,Reece,Baselio,rbaselioh3@sakura.ne.jp,Male,105.199.249.125
617,Feodor,Dahlback,fdahlbackh4@uiuc.edu,Male,108.3.115.116
618,Mireille,Duthie,mduthieh5@tripadvisor.com,Female,79.233.99.215
619,Brew,Bohea,bboheah6@fc2.com,Male,53.49.181.12
620,Judye,Leipnik,jleipnikh7@ucoz.ru,Female,53.144.166.96
621,Rickie,Tremaine,rtremaineh8@hud.gov,Genderfluid,193.107.57.108
622,Vivie,Northcott,vnorthcotth9@chron.com,Female,98.26.104.189
623,Wenona,Franzotto,wfranzottoha@nsw.gov.au,Female,245.119.156.126
624,Ric,Rosen,rrosenhb@furl.net,Male,138.35.153.101
625,Molli,McKibbin,mmckibbinhc@biblegateway.com,Female,55.232.216.37
626,Billye,Timmes,btimmeshd@mayoclinic.com,Female,148.149.105.10
627,Niel,Autin,nautinhe@abc.net.au,Male,27.179.190.107
628,Eleni,Creasy,ecreasyhf@mapquest.com,Agender,20.65.241.187
629,Katusha,Mariolle,kmariollehg@symantec.com,Female,143.224.119.23
630,Sandro,Yitzhakof,syitzhakofhh@latimes.com,Male,169.160.254.206
631,Kaile,Linton,klintonhi@jimdo.com,Female,104.151.114.11
632,Rozella,Mines,rmineshj@angelfire.com,Female,177.17.170.169
633,Jana,Reinbeck,jreinbeckhk@netvibes.com,Female,99.25.51.220
634,Hammad,Bomb,hbombhl@theatlantic.com,Male,5.229.148.158
635,Piggy,Applegarth,papplegarthhm@nyu.edu,Male,165.255.6.102
636,Munmro,Hartmann,mhartmannhn@canalblog.com,Male,15.220.26.104
637,Trumann,Routhorn,trouthornho@symantec.com,Male,116.51.248.108
638,Bat,Yeeles,byeeleshp@nydailynews.com,Male,53.217.131.68
639,Linn,Frift,lfrifthq@tuttocitta.it,Male,115.161.114.138
640,Fidelia,Spaven,fspavenhr@booking.com,Female,214.27.192.171
641,Jules,Winterbottom,jwinterbottomhs@businesswire.com,Male,32.84.159.103
642,Prentice,Deerness,pdeernessht@virginia.edu,Male,140.122.88.171
643,Bernard,Mainwaring,bmainwaringhu@craigslist.org,Male,125.191.91.245
644,Vale,Jilkes,vjilkeshv@guardian.co.uk,Male,208.112.196.71
645,Valma,Aspling,vasplinghw@meetup.com,Female,14.20.190.72
646,Hurley,Soames,hsoameshx@goo.gl,Male,208.112.235.163
647,Lezley,Schutt,lschutthy@liveinternet.ru,Male,15.225.155.108
648,Natalie,Dunnett,ndunnetthz@mtv.com,Female,144.22.158.179
649,Nike,Preshous,npreshousi0@sohu.com,Female,21.37.245.104
650,Phil,Schorah,pschorahi1@ezinearticles.com,Bigender,154.207.89.137
651,Liliane,Beningfield,lbeningfieldi2@amazon.de,Female,78.59.93.103
652,Nye,Rackham,nrackhami3@blogtalkradio.com,Male,140.252.218.17
653,Latia,Labbett,llabbetti4@storify.com,Genderqueer,78.220.65.60
654,Maximo,Gullis,mgullisi5@phpbb.com,Male,135.201.78.201
655,Gasper,Roalfe,groalfei6@youku.com,Male,164.118.68.186
656,Coraline,Jackalin,cjackalini7@latimes.com,Female,123.235.73.42
657,Mireielle,Leads,mleadsi8@arizona.edu,Female,53.20.135.203
658,Fabien,Crosio,fcrosioi9@lycos.com,Male,224.218.21.244
659,Hildegarde,Berends,hberendsia@slashdot.org,Female,179.149.220.147
660,Kevon,Bremeyer,kbremeyerib@smh.com.au,Male,150.165.213.74
661,Francesca,Midner,fmidneric@tripod.com,Bigender,66.86.179.201
662,Tris,Keasley,tkeasleyid@tinyurl.com,Male,195.194.20.63
663,Prince,Scoggins,pscogginsie@indiegogo.com,Male,122.6.171.72
664,Benny,Dilleway,bdillewayif@symantec.com,Male,206.253.121.61
665,Delainey,Pryell,dpryellig@symantec.com,Male,62.151.209.53
666,Temple,Douris,tdourisih@pinterest.com,Male,118.182.85.164
667,Evelyn,Tuckerman,etuckermanii@senate.gov,Female,70.200.52.102
668,Shari,Gendricke,sgendrickeij@cmu.edu,Female,42.194.41.125
669,Nomi,Vanyakin,nvanyakinik@ning.com,Female,119.112.112.213
670,Joellyn,Kencott,jkencottil@infoseek.co.jp,Female,254.67.51.173
671,Hugo,Szymoni,hszymoniim@craigslist.org,Male,231.175.128.135
672,Geno,Harrald,gharraldin@wired.com,Male,81.201.28.163
673,Dulcinea,Drowsfield,ddrowsfieldio@china.com.cn,Female,75.90.159.17
674,Hilario,Spinetti,hspinettiip@tuttocitta.it,Male,32.69.139.218
675,Jolyn,Wolters,jwoltersiq@miitbeian.gov.cn,Female,244.186.25.254
676,Waylin,Carsey,wcarseyir@toplist.cz,Male,209.148.134.6
677,Clem,Minet,cminetis@vimeo.com,Male,146.25.122.210
678,Glennis,Catlin,gcatlinit@technorati.com,Female,93.117.153.89
679,Karna,Shelley,kshelleyiu@hud.gov,Female,186.64.28.71
680,Sada,Rodliff,srodliffiv@yelp.com,Female,175.34.223.40
681,Florian,Seakes,fseakesiw@cdc.gov,Male,79.27.16.229
682,Barbara-anne,Sauniere,bsauniereix@yolasite.com,Genderfluid,15.222.216.76
683,Dani,Briffett,dbriffettiy@icq.com,Male,96.121.155.127
684,Any,Whapham,awhaphamiz@discovery.com,Male,222.237.162.215
685,Gilbertina,McCullogh,gmcculloghj0@cafepress.com,Female,229.110.46.184
686,Lacie,Scough,lscoughj1@nifty.com,Female,58.128.15.227
687,Edin,Ivimy,eivimyj2@nbcnews.com,Female,219.215.81.98
688,Katharyn,Parfitt,kparfittj3@reddit.com,Female,144.215.131.165
689,Georgie,Strethill,gstrethillj4@networksolutions.com,Female,52.204.86.90
690,Cecil,Standbridge,cstandbridgej5@wikimedia.org,Female,19.6.106.82
691,Blisse,Clawe,bclawej6@vk.com,Female,180.142.231.199
692,George,Powis,gpowisj7@imageshack.us,Genderfluid,170.253.233.18
693,Bil,Dael,bdaelj8@fda.gov,Male,37.25.246.10
694,Willabella,Emanuelov,wemanuelovj9@t-online.de,Female,232.120.93.222
695,Daisie,Valentine,dvalentineja@facebook.com,Female,134.88.195.146
696,Sigismond,Zannolli,szannollijb@ibm.com,Male,23.217.146.27
697,Nikki,Grabbam,ngrabbamjc@cpanel.net,Male,252.213.118.71
698,Octavia,Hacun,ohacunjd@amazon.co.jp,Female,50.249.79.240
699,Alessandro,Luther,alutherje@github.io,Male,156.107.129.140
700,Banky,Fenney,bfenneyjf@mapy.cz,Male,11.73.132.71
701,Emanuele,Underwood,eunderwoodjg@wp.com,Bigender,118.253.206.174
702,Vicki,Hugk,vhugkjh@theguardian.com,Female,27.88.167.21
703,Bax,Rojel,brojelji@odnoklassniki.ru,Male,29.99.169.145
704,Wendie,Tardiff,wtardiffjj@cbslocal.com,Genderfluid,65.244.197.233
705,Davon,Watsham,dwatshamjk@mozilla.com,Male,140.196.186.216
706,Chelsie,Caldayrou,ccaldayroujl@china.com.cn,Female,46.124.202.58
707,Crystie,Wagstaffe,cwagstaffejm@slate.com,Female,52.203.244.227
708,Odelle,Weaving,oweavingjn@spotify.com,Female,106.144.160.128
709,Adlai,Skip,askipjo@unblog.fr,Male,58.9.27.134
710,George,Mintram,gmintramjp@smugmug.com,Female,50.138.155.190
711,Vonny,Scholar,vscholarjq@dot.gov,Female,199.56.105.213
712,Elane,Lies,eliesjr@oaic.gov.au,Female,95.130.181.106
713,Yuma,Perllman,yperllmanjs@imgur.com,Male,161.24.189.100
714,Norean,Saffer,nsafferjt@ask.com,Female,193.129.140.113
715,Vassili,ducarme,vducarmeju@scribd.com,Male,211.190.119.62
716,Warner,Wildbore,wwildborejv@nationalgeographic.com,Male,71.255.192.41
717,Ardene,Etchingham,aetchinghamjw@tripadvisor.com,Female,217.227.87.28
718,Eveline,Smalcombe,esmalcombejx@nbcnews.com,Agender,136.120.137.134
719,Joshia,Kretschmer,jkretschmerjy@un.org,Male,85.250.164.146
720,Astrix,Lensch,alenschjz@ihg.com,Genderfluid,72.120.139.137
721,Fenelia,But,fbutk0@sbwire.com,Female,130.41.42.116
722,Tan,Alison,talisonk1@zdnet.com,Male,118.216.143.72
723,Bernie,Artist,bartistk2@samsung.com,Male,237.185.36.176
724,Zabrina,McCague,zmccaguek3@home.pl,Female,233.107.193.80
725,Magdalene,Tedorenko,mtedorenkok4@privacy.gov.au,Female,154.145.179.115
726,Chrissie,Pendall,cpendallk5@harvard.edu,Male,84.204.238.54
727,Osmund,Asplin,oasplink6@ebay.co.uk,Male,31.123.196.123
728,Stanfield,Hesey,sheseyk7@squarespace.com,Male,236.100.49.127
729,Jodi,Lott,jlottk8@fda.gov,Male,229.131.40.219
730,Aggie,Fernao,afernaok9@wordpress.com,Female,81.86.234.118
731,Corbett,Roads,croadska@123-reg.co.uk,Male,99.91.82.121
732,Hildagarde,Blose,hblosekb@microsoft.com,Female,150.41.88.210
733,Lucius,Gritsaev,lgritsaevkc@discuz.net,Male,142.203.26.213
734,Abram,Cluelow,acluelowkd@ifeng.com,Male,213.212.62.252
735,Flori,Bassill,fbassillke@fastcompany.com,Female,134.83.138.200
736,Hasty,Nutbrown,hnutbrownkf@sogou.com,Male,217.173.217.161
737,Titus,Selburn,tselburnkg@surveymonkey.com,Male,143.96.109.27
738,Davidson,Stott,dstottkh@taobao.com,Male,24.103.242.109
739,Alexandrina,Cotelard,acotelardki@vkontakte.ru,Genderqueer,193.12.209.202
740,Egor,Edgett,eedgettkj@tripod.com,Male,223.54.68.44
741,Ailis,Dabell,adabellkk@irs.gov,Female,147.23.45.0
742,Faulkner,Sandland,fsandlandkl@dell.com,Male,63.42.172.195
743,Mandel,Blaydes,mblaydeskm@earthlink.net,Male,250.13.5.70
744,Naomi,Piotr,npiotrkn@nps.gov,Bigender,228.91.78.229
745,Carlos,Christal,cchristalko@histats.com,Male,241.27.14.22
746,Spenser,Bonett,sbonettkp@simplemachines.org,Male,94.63.15.152
747,Boone,Dionsetto,bdionsettokq@nps.gov,Male,115.81.238.36
748,Susana,Mycroft,smycroftkr@wufoo.com,Female,82.13.94.214
749,Amby,Lauchlan,alauchlanks@edublogs.org,Male,96.26.41.206
750,Daniella,Parslow,dparslowkt@wikispaces.com,Female,221.69.83.156
751,Loralie,Orhrt,lorhrtku@shinystat.com,Female,133.147.115.233
752,Carlita,Randals,crandalskv@spiegel.de,Female,208.8.95.214
753,Georas,Glas,gglaskw@ucoz.ru,Male,30.141.226.5
754,Claudia,Penswick,cpenswickkx@tiny.cc,Genderfluid,196.191.109.71
755,Nefen,Brockett,nbrockettky@sina.com.cn,Male,124.74.154.15
756,Bride,Borman,bbormankz@examiner.com,Bigender,238.12.198.167
757,Mohandas,Egdal,megdall0@ameblo.jp,Male,244.218.108.6
758,Smith,Moxon,smoxonl1@godaddy.com,Male,152.141.13.48
759,Vita,Klass,vklassl2@mozilla.com,Female,11.110.60.236
760,Noell,Exer,nexerl3@altervista.org,Female,142.24.160.251
761,Ikey,MacArte,imacartel4@eepurl.com,Male,13.127.114.30
762,Jacintha,Barrable,jbarrablel5@360.cn,Female,73.158.34.36
763,Pieter,Rennicks,prennicksl6@nba.com,Male,178.1.122.214
764,Nariko,Congrave,ncongravel7@ca.gov,Female,105.58.208.219
765,Liva,Brimacombe,lbrimacombel8@plala.or.jp,Female,60.33.80.65
766,Kass,Wiffler,kwifflerl9@redcross.org,Female,242.31.80.76
767,Dasi,Arney,darneyla@usgs.gov,Female,88.67.47.154
768,Bing,Aldins,baldinslb@amazonaws.com,Male,207.87.106.232
769,Barry,Millen,bmillenlc@geocities.com,Female,62.10.25.82
770,Marj,Lanfer,mlanferld@arstechnica.com,Female,114.95.176.196
771,Gardiner,Loweth,glowethle@techcrunch.com,Male,173.24.64.137
772,Coop,Fitzsymon,cfitzsymonlf@wired.com,Male,107.132.212.217
773,Aurthur,Kissack,akissacklg@nps.gov,Genderfluid,125.237.202.217
774,Amalle,Lapworth,alapworthlh@smh.com.au,Female,182.227.4.171
775,Anallese,Lucock,alucockli@over-blog.com,Genderfluid,59.144.235.26
776,Cinderella,Horribine,chorribinelj@ebay.com,Female,8.181.130.80
777,Charlene,Braunter,cbraunterlk@photobucket.com,Female,46.163.18.58
778,Maressa,Zorzoni,mzorzonill@newyorker.com,Genderqueer,216.183.242.78
779,Waylen,Linford,wlinfordlm@bloglovin.com,Male,197.44.240.135
780,Melanie,O'Kerin,mokerinln@nih.gov,Female,42.196.222.154
781,Thoma,Daborne,tdabornelo@ucoz.com,Male,163.175.110.69
782,Kyle,Spurret,kspurretlp@t.co,Female,60.166.99.121
783,Millie,Wolverson,mwolversonlq@vinaora.com,Female,248.168.33.24
784,Honey,Greenan,hgreenanlr@csmonitor.com,Female,120.42.255.62
785,Saree,Carradice,scarradicels@cnet.com,Female,131.73.81.105
786,Teddie,Budcock,tbudcocklt@yale.edu,Polygender,202.30.42.145
787,Marshall,Sullly,msulllylu@freewebs.com,Bigender,86.85.43.49
788,Petronella,Hebbron,phebbronlv@tumblr.com,Female,229.169.189.50
789,Dame,Giraldez,dgiraldezlw@diigo.com,Male,188.233.36.252
790,Kermie,Drinan,kdrinanlx@kickstarter.com,Male,85.99.5.255
791,Ambur,Guilloux,aguillouxly@addtoany.com,Female,42.162.231.170
792,Dawn,Quiddinton,dquiddintonlz@economist.com,Female,41.197.112.83
793,Lainey,Lovart,llovartm0@nasa.gov,Female,113.69.109.189
794,Phyllis,Perello,pperellom1@dion.ne.jp,Female,164.188.123.114
795,Sada,Bayston,sbaystonm2@home.pl,Female,51.119.161.19
796,Husain,Simonsson,hsimonssonm3@163.com,Male,225.180.7.5
797,Porty,Jeffrey,pjeffreym4@newyorker.com,Male,148.15.35.149
798,Harlan,Patterson,hpattersonm5@huffingtonpost.com,Male,218.93.211.57
799,Dietrich,Atkyns,datkynsm6@omniture.com,Male,219.26.138.51
800,Morten,Henighan,mhenighanm7@nationalgeographic.com,Male,40.161.101.96
801,Georgy,Gosenell,ggosenellm8@mysql.com,Male,5.130.32.109
802,Alicea,Dowle,adowlem9@nymag.com,Female,24.45.49.13
803,Laughton,Kidman,lkidmanma@nytimes.com,Male,224.66.173.229
804,Gothart,Bridgen,gbridgenmb@blogspot.com,Male,140.243.115.215
805,Katya,Watmore,kwatmoremc@gmpg.org,Bigender,142.48.103.74
806,Ursula,Amort,uamortmd@columbia.edu,Female,165.176.241.64
807,Nehemiah,Brame,nbrameme@google.pl,Male,31.242.43.202
808,Ciel,Minot,cminotmf@ted.com,Female,196.185.17.93
809,Bibbie,Broomhall,bbroomhallmg@ow.ly,Female,148.168.202.51
810,Kahlil,Cotilard,kcotilardmh@jigsy.com,Male,105.224.177.199
811,Lanny,Beecroft,lbeecroftmi@tuttocitta.it,Male,98.99.225.220
812,Krystyna,Brecknell,kbrecknellmj@reuters.com,Female,70.84.84.14
813,Jolie,Fernley,jfernleymk@devhub.com,Female,236.67.193.170
814,Clerc,Fairham,cfairhamml@wp.com,Male,88.7.80.73
815,Penny,Wince,pwincemm@google.com,Genderfluid,150.225.219.255
816,Eleonore,Niven,enivenmn@yahoo.com,Female,127.170.140.162
817,Wini,Peplow,wpeplowmo@w3.org,Female,212.113.148.120
818,Terrie,Blasi,tblasimp@weather.com,Female,203.154.91.226
819,Juan,Gounod,jgounodmq@xing.com,Male,166.242.180.4
820,Murdock,Wilsee,mwilseemr@edublogs.org,Male,151.182.225.105
821,Haroun,Puig,hpuigms@mysql.com,Male,181.219.79.76
822,Fey,Lavielle,flaviellemt@ocn.ne.jp,Female,20.140.250.67
823,Colver,Josephsen,cjosephsenmu@dell.com,Male,95.90.195.54
824,Ciro,Peatman,cpeatmanmv@spiegel.de,Male,231.127.94.138
825,Perren,Opy,popymw@histats.com,Male,252.43.121.36
826,Oswell,Bunt,obuntmx@ucoz.com,Male,200.159.186.61
827,Delbert,Comins,dcominsmy@360.cn,Male,165.236.189.253
828,Tove,Pesticcio,tpesticciomz@creativecommons.org,Female,27.3.123.66
829,Donall,Winwood,dwinwoodn0@acquirethisname.com,Male,111.216.21.154
830,Welbie,Korneichik,wkorneichikn1@forbes.com,Male,128.239.242.100
831,Amaleta,Gallehock,agallehockn2@phoca.cz,Female,218.92.114.60
832,Renault,Northen,rnorthenn3@bloglovin.com,Male,95.20.91.185
833,Ardisj,Hobbing,ahobbingn4@google.com.au,Female,150.39.220.240
834,Kristy,Durnford,kdurnfordn5@cmu.edu,Female,173.149.231.226
835,Town,Iacovielli,tiacoviellin6@sphinn.com,Male,119.158.100.31
836,Dru,Ickowicz,dickowiczn7@google.com,Genderfluid,178.171.202.78
837,Ulrika,Gallandre,ugallandren8@canalblog.com,Female,164.76.231.55
838,Ginger,Wiper,gwipern9@biblegateway.com,Male,197.70.53.246
839,Harwilll,Streatfeild,hstreatfeildna@wikipedia.org,Male,116.141.9.140
840,Elisha,Rowson,erowsonnb@sphinn.com,Male,147.213.202.74
841,Ogdan,Tong,otongnc@photobucket.com,Male,195.95.57.112
842,Nobe,Kuhlen,nkuhlennd@senate.gov,Male,77.69.155.206
843,Jarvis,Lamburne,jlamburnene@zimbio.com,Male,148.15.146.156
844,Elias,Martelet,emarteletnf@discovery.com,Male,212.162.106.240
845,Twila,Harpin,tharpinng@nhs.uk,Female,81.113.51.223
846,Virgilio,Winear,vwinearnh@cbslocal.com,Male,199.243.10.88
847,Harbert,Beasley,hbeasleyni@indiatimes.com,Male,50.4.224.180
848,Hadleigh,Delicate,hdelicatenj@bloglines.com,Male,177.223.143.138
849,Celinda,Bontein,cbonteinnk@si.edu,Female,93.109.88.205
850,Bethena,Gerrels,bgerrelsnl@archive.org,Female,141.84.100.25
851,Raynell,Carnachen,rcarnachennm@last.fm,Female,17.28.108.103
852,Robby,Gilbank,rgilbanknn@admin.ch,Female,44.74.199.87
853,Andee,Streatley,astreatleyno@t-online.de,Female,255.99.224.77
854,Odele,Yorke,oyorkenp@google.de,Genderqueer,84.1.42.218
855,Susette,Bodiam,sbodiamnq@biglobe.ne.jp,Female,6.218.6.25
856,Dane,Timbrell,dtimbrellnr@phoca.cz,Male,58.241.152.47
857,Brion,Catterson,bcattersonns@mapquest.com,Male,70.50.154.114
858,Brandise,Bartosinski,bbartosinskint@ebay.co.uk,Female,40.119.233.113
859,Reid,Duddell,rduddellnu@boston.com,Male,25.150.242.66
860,Farand,Penbarthy,fpenbarthynv@intel.com,Female,140.216.248.60
861,Shanan,Shippey,sshippeynw@gov.uk,Bigender,186.143.2.101
862,Auroora,Curr,acurrnx@miibeian.gov.cn,Female,91.216.127.205
863,Miner,McConnal,mmcconnalny@dell.com,Male,44.169.220.157
864,Gherardo,Guerry,gguerrynz@dailymail.co.uk,Male,241.55.249.54
865,Prescott,Baldocci,pbaldoccio0@uol.com.br,Bigender,225.229.36.146
866,Barby,Gamil,bgamilo1@guardian.co.uk,Agender,151.221.95.87
867,Nickie,Moxstead,nmoxsteado2@alexa.com,Female,244.120.99.255
868,Zaria,Mawditt,zmawditto3@techcrunch.com,Agender,75.66.248.62
869,Keven,Gobert,kgoberto4@wordpress.org,Male,68.116.48.95
870,Inness,Dabs,idabso5@mayoclinic.com,Male,149.170.187.247
871,Jerrie,Franzelini,jfranzelinio6@boston.com,Female,62.136.230.26
872,Myca,Annell,mannello7@sourceforge.net,Male,96.173.47.164
873,Lauri,Girardot,lgirardoto8@hibu.com,Female,234.2.182.30
874,Ado,Tewkesbury.,atewkesburyo9@newyorker.com,Male,240.2.139.16
875,Nichols,Rawcliffe,nrawcliffeoa@macromedia.com,Male,170.95.47.113
876,Karen,Castanos,kcastanosob@omniture.com,Female,0.68.220.246
877,Peri,Epsley,pepsleyoc@ucoz.com,Female,43.134.236.18
878,Joey,Bris,jbrisod@networkadvertising.org,Male,206.51.163.79
879,Robbie,Pavett,rpavettoe@vimeo.com,Female,8.180.64.0
880,Karolina,Longforth,klongforthof@home.pl,Female,71.42.244.221
881,Stephannie,Bruckshaw,sbruckshawog@yellowpages.com,Female,100.0.84.224
882,Barnett,Westrip,bwestripoh@yellowbook.com,Male,101.29.209.191
883,Reynolds,Tunaclift,rtunacliftoi@businesswire.com,Male,251.95.133.244
884,Craggie,Studart,cstudartoj@blogger.com,Male,186.166.252.45
885,Elfie,Mattiuzzi,emattiuzziok@hc360.com,Female,191.57.244.4
886,Lida,Schlagtmans,lschlagtmansol@cnet.com,Female,12.124.239.251
887,Madison,Edgeller,medgellerom@dailymail.co.uk,Male,232.89.141.51
888,Yardley,Cockarill,ycockarillon@globo.com,Male,47.49.251.12
889,Cassey,Sawle,csawleoo@furl.net,Female,155.207.19.187
890,Gilly,Speechly,gspeechlyop@hugedomains.com,Female,142.79.73.201
891,Dominic,Thurgood,dthurgoodoq@myspace.com,Male,113.4.195.147
892,Kyle,Noddles,knoddlesor@ibm.com,Female,90.179.24.161
893,Annamaria,Stiffkins,astiffkinsos@cnbc.com,Female,76.253.44.53
894,Chrystel,Yannoni,cyannoniot@dell.com,Female,25.205.169.227
895,Tomasina,Patshull,tpatshullou@csmonitor.com,Agender,110.6.138.59
896,Carie,Goldwater,cgoldwaterov@hubpages.com,Female,87.198.91.186
897,Sydney,Giannini,sgianniniow@wikispaces.com,Female,222.146.13.11
898,Rosene,Ziemke,rziemkeox@earthlink.net,Female,50.6.76.219
899,Pip,Perrone,pperroneoy@xrea.com,Male,125.69.131.60
900,Daveta,Streetfield,dstreetfieldoz@blogs.com,Female,134.68.14.205
901,Bax,Trubshaw,btrubshawp0@amazon.co.uk,Male,60.1.66.59
902,Vanny,Gritsunov,vgritsunovp1@ebay.co.uk,Female,225.162.197.81
903,Maxy,Dury,mduryp2@lulu.com,Female,251.68.182.174
904,Rickey,Grube,rgrubep3@usatoday.com,Male,113.145.93.113
905,Garik,Von Welldun,gvonwelldunp4@pcworld.com,Male,52.61.64.76
906,Arlyn,Harmeston,aharmestonp5@businesswire.com,Female,69.178.0.141
907,Sonja,Mustchin,smustchinp6@sitemeter.com,Bigender,20.45.144.109
908,Sayre,Cockland,scocklandp7@gnu.org,Male,234.211.16.181
909,Michaella,Gazzard,mgazzardp8@freewebs.com,Female,166.231.42.175
910,Rori,See,rseep9@pinterest.com,Female,92.7.37.42
911,Blakelee,Guisby,bguisbypa@huffingtonpost.com,Female,32.134.69.224
912,Clarinda,Braddon,cbraddonpb@washingtonpost.com,Female,107.85.104.159
913,Ike,Riceards,iriceardspc@mashable.com,Male,191.89.172.1
914,Perle,Hammell,phammellpd@marketwatch.com,Female,28.124.136.211
915,Duky,Jarvis,djarvispe@omniture.com,Male,55.24.29.148
916,Mario,Kilminster,mkilminsterpf@smh.com.au,Polygender,64.118.18.142
917,Candra,Eicheler,ceichelerpg@umn.edu,Female,101.138.43.219
918,Tommie,Kinane,tkinaneph@ucla.edu,Female,240.50.179.248
919,Pia,Vasyanin,pvasyaninpi@indiatimes.com,Female,243.112.113.165
920,Clarinda,St Leger,cstlegerpj@yale.edu,Female,248.232.81.2
921,Tessie,Larsen,tlarsenpk@seattletimes.com,Female,14.116.186.6
922,Ekaterina,Bradly,ebradlypl@angelfire.com,Female,51.83.73.58
923,Olav,Maldin,omaldinpm@java.com,Male,136.5.116.86
924,Alicia,Brazenor,abrazenorpn@bbb.org,Female,133.17.166.200
925,Lonny,Pietsma,lpietsmapo@mapquest.com,Male,27.38.217.10
926,Cynthea,Joreau,cjoreaupp@army.mil,Female,39.67.222.14
927,Mannie,Fielden,mfieldenpq@narod.ru,Male,44.3.200.129
928,Tomasina,Yapp,tyapppr@earthlink.net,Female,141.3.168.233
929,Jewell,Ibberson,jibbersonps@cisco.com,Female,182.170.183.152
930,Christophorus,Goldfinch,cgoldfinchpt@msn.com,Male,171.165.183.236
931,Emelyne,Greeding,egreedingpu@github.com,Female,208.176.42.4
932,Gabbie,Chiplen,gchiplenpv@github.com,Female,240.46.233.213
933,Che,Jaqueme,cjaquemepw@adobe.com,Male,39.162.106.254
934,Garik,McPaik,gmcpaikpx@bizjournals.com,Male,1.229.123.179
935,Ellary,Glasner,eglasnerpy@reverbnation.com,Male,12.239.112.238
936,Pat,Aysh,payshpz@cdc.gov,Male,107.141.236.193
937,Dixie,Gash,dgashq0@naver.com,Female,100.158.43.119
938,Biddy,McGee,bmcgeeq1@home.pl,Female,242.202.86.90
939,Everett,Sartain,esartainq2@dedecms.com,Male,182.240.225.121
940,Wolfie,Cockerton,wcockertonq3@oracle.com,Male,166.220.73.24
941,Fanny,Creaney,fcreaneyq4@storify.com,Female,67.15.54.83
942,Grata,Eberdt,geberdtq5@google.co.uk,Female,242.243.168.51
943,Eleonore,Capewell,ecapewellq6@deliciousdays.com,Female,67.211.11.10
944,Cobbie,Spaight,cspaightq7@barnesandnoble.com,Male,218.204.155.181
945,Janna,Abbey,jabbeyq8@addtoany.com,Female,142.22.97.231
946,Pyotr,Tresvina,ptresvinaq9@ustream.tv,Male,140.233.74.233
947,Tybalt,Flewin,tflewinqa@marriott.com,Male,50.68.80.48
948,Shelley,Sillis,ssillisqb@mozilla.com,Genderfluid,5.172.129.132
949,Datha,Aberhart,daberhartqc@fema.gov,Genderfluid,198.75.180.73
950,Web,Stagge,wstaggeqd@prnewswire.com,Male,42.126.18.93
951,Hortensia,Greengrass,hgreengrassqe@va.gov,Genderqueer,36.83.98.66
952,Vida,Normanton,vnormantonqf@photobucket.com,Female,226.185.192.57
953,Shalne,Leonida,sleonidaqg@slate.com,Female,18.79.83.149
954,Denna,Jakubski,djakubskiqh@spotify.com,Female,136.99.223.24
955,Sonni,Telford,stelfordqi@pbs.org,Female,125.53.122.215
956,Shellysheldon,Jelkes,sjelkesqj@mayoclinic.com,Male,254.204.67.5
957,Jasmina,Bouldon,jbouldonqk@bbc.co.uk,Female,160.143.234.200
958,Lanita,Leall,lleallql@booking.com,Agender,87.206.53.164
959,Antonius,Melody,amelodyqm@issuu.com,Genderfluid,167.85.91.132
960,Boy,Boribal,bboribalqn@godaddy.com,Male,158.158.55.80
961,Kacy,Stife,kstifeqo@mapy.cz,Female,147.2.102.215
962,Drucie,Michallat,dmichallatqp@businessweek.com,Female,82.87.75.201
963,Giles,Clausius,gclausiusqq@networkadvertising.org,Male,109.121.150.43
964,Debby,Divver,ddivverqr@pagesperso-orange.fr,Female,52.124.223.92
965,Nadia,Nowick,nnowickqs@weather.com,Female,218.41.27.242
966,Rudiger,Medlin,rmedlinqt@facebook.com,Male,49.9.108.29
967,Arlan,Springer,aspringerqu@thetimes.co.uk,Genderqueer,102.43.186.18
968,Dom,Trevino,dtrevinoqv@123-reg.co.uk,Male,25.129.131.120
969,Danna,Fazackerley,dfazackerleyqw@cloudflare.com,Female,111.116.210.143
970,Neile,Blazic,nblazicqx@netlog.com,Female,231.78.136.25
971,Adara,MacGovern,amacgovernqy@hhs.gov,Female,92.15.210.152
972,Durand,Tankin,dtankinqz@blinklist.com,Male,239.70.211.95
973,Sigismond,Succamore,ssuccamorer0@liveinternet.ru,Bigender,162.235.40.23
974,Genevieve,Stanmer,gstanmerr1@cornell.edu,Female,201.42.105.79
975,Francine,Georgievski,fgeorgievskir2@w3.org,Female,42.214.127.173
976,Kinnie,Putten,kputtenr3@google.it,Male,31.209.13.11
977,Louise,Ionnidis,lionnidisr4@elpais.com,Female,199.250.224.52
978,Sarena,Impleton,simpletonr5@photobucket.com,Female,147.247.60.33
979,Barb,Parradice,bparradicer6@npr.org,Female,37.184.252.170
980,Jozef,Berrecloth,jberreclothr7@huffingtonpost.com,Male,29.109.99.70
981,Philippine,Got,pgotr8@ustream.tv,Female,220.137.126.186
982,Sherrie,Gatman,sgatmanr9@simplemachines.org,Female,80.180.115.166
983,Reidar,Hugenin,rhugeninra@walmart.com,Male,31.182.26.169
984,Jaquelyn,Ferrige,jferrigerb@cdbaby.com,Polygender,184.69.82.103
985,Eugine,Opfer,eopferrc@un.org,Non-binary,116.15.193.252
986,Gustaf,Wyd,gwydrd@desdev.cn,Male,161.33.194.88
987,Paula,Northridge,pnorthridgere@bloglines.com,Female,223.12.208.127
988,Maggi,Hinchcliffe,mhinchclifferf@a8.net,Female,220.37.255.237
989,Gail,Hartright,ghartrightrg@earthlink.net,Male,225.64.81.148
990,Antone,Wetherhead,awetherheadrh@bloglovin.com,Male,188.137.170.156
991,Kevan,Davioud,kdavioudri@1und1.de,Male,102.158.194.20
992,Rhonda,Ballantine,rballantinerj@simplemachines.org,Female,200.100.186.182
993,Eadie,Birchall,ebirchallrk@liveinternet.ru,Female,116.3.39.72
994,Amble,Barter,abarterrl@businessweek.com,Male,33.0.154.177
995,Charlotte,Cassin,ccassinrm@studiopress.com,Female,21.218.3.180
996,Goldarina,Thomasen,gthomasenrn@pinterest.com,Female,242.83.119.54
997,Dore,Yeskin,dyeskinro@w3.org,Male,9.144.46.69
998,Jemmy,Pinnell,jpinnellrp@auda.org.au,Female,96.8.92.4
999,Timofei,Mottershead,tmottersheadrq@eepurl.com,Male,104.225.250.65
1000,Leoline,Prattin,lprattinrr@theglobeandmail.com,Female,118.167.251.224
