id,first_name,last_name,email,gender,ip_address
1,Millicent,Sandal,msandal0@diigo.com,Female,125.68.58.239
2,Laney,Hebron,lhebron1@google.ru,Female,193.25.227.66
3,Charis,Inder,cinder2@yellowpages.com,Female,147.27.48.203
4,Johnna,Casetti,jcasetti3@yahoo.co.jp,Female,134.102.249.103
5,Eugene,Fonte,efonte4@wordpress.org,Male,186.100.167.202
6,Artemus,Comins,acomins5@cdbaby.com,Male,123.52.192.28
7,Flint,Cheke,fcheke6@mapquest.com,Male,63.127.248.174
8,Ernst,Gringley,egringley7@msu.edu,Male,126.158.64.150
9,Noam,Shedden,nshedden8@plala.or.jp,Male,11.244.245.48
10,Charlena,Windows,cwindows9@ovh.net,Female,155.37.178.50
11,Sioux,Lacknor,slacknora@who.int,Female,154.148.37.166
12,Sergent,Quinell,squinellb@over-blog.com,Male,183.73.132.227
13,Jessey,Fowden,jfowdenc@storify.com,Male,186.137.179.179
14,Rowland,Issakov,rissakovd@sogou.com,Male,201.57.37.150
15,Kristofor,Henke,khenkee@mlb.com,Male,215.235.38.90
16,Rozalin,De Roos,rderoosf@bigcartel.com,Female,82.136.14.126
17,Xylia,Bremen,xbremeng@howstuffworks.com,Agender,81.207.95.22
18,Kristen,Pulford,kpulfordh@yale.edu,Female,147.219.111.0
19,Marlene,Mithon,mmithoni@people.com.cn,Female,66.136.161.113
20,Cosme,Skitteral,cskitteralj@unesco.org,Male,21.65.28.93
21,Dotty,Pankettman,dpankettmank@furl.net,Female,136.197.69.189
22,Nils,Albery,nalberyl@dot.gov,Male,85.191.215.124
23,Herbie,Foakes,hfoakesm@360.cn,Male,225.129.54.226
24,Tommie,Seres,tseresn@google.ca,Male,242.105.17.95
25,Filbert,Hazelgrove,fhazelgroveo@sohu.com,Male,60.238.72.168
26,Rollins,Poundford,rpoundfordp@ustream.tv,Male,9.165.31.155
27,Lethia,Hathwood,lhathwoodq@elegantthemes.com,Female,215.24.153.113
28,Candace,Woolley,cwoolleyr@google.nl,Female,199.100.22.54
29,Renard,Burnand,rburnands@jugem.jp,Male,232.118.14.216
30,Claudetta,Bea,cbeat@i2i.jp,Genderfluid,54.208.85.22
31,Rayna,Longthorn,rlongthornu@bloglines.com,Female,167.11.26.58
32,Gasper,Gerbel,ggerbelv@vistaprint.com,Male,245.222.59.239
33,Delores,Ianinotti,dianinottiw@unesco.org,Female,118.205.44.25
34,Evelina,Pringle,epringlex@macromedia.com,Female,84.64.167.211
35,Harriette,Ponter,hpontery@businessinsider.com,Female,36.240.24.35
36,Percival,Chipman,pchipmanz@infoseek.co.jp,Male,111.2.38.39
37,Merrel,Vatini,mvatini10@bravesites.com,Genderqueer,202.73.87.62
38,Rem,Belitz,rbelitz11@nbcnews.com,Male,132.33.7.210
39,Franz,Caffery,fcaffery12@scribd.com,Bigender,108.150.7.168
40,Rona,Regan,rregan13@bbb.org,Female,126.223.95.247
41,Krissy,Flanner,kflanner14@independent.co.uk,Female,60.55.13.235
42,Marissa,Gianilli,mgianilli15@angelfire.com,Female,222.25.22.60
43,Dillon,Nayshe,dnayshe16@homestead.com,Male,225.128.192.37
44,Melba,O'Hartigan,mohartigan17@sphinn.com,Female,14.234.164.182
45,Lurleen,Gianni,lgianni18@cyberchimps.com,Female,152.111.13.187
46,Christalle,McCardle,cmccardle19@t-online.de,Agender,188.34.85.109
47,Mehetabel,Karpushkin,mkarpushkin1a@flavors.me,Agender,6.162.143.184
48,Jessa,Legerton,jlegerton1b@sohu.com,Female,88.19.156.74
49,Gallagher,Maskelyne,gmaskelyne1c@ebay.com,Male,235.136.166.172
50,Barry,Puckett,bpuckett1d@alexa.com,Non-binary,91.137.74.189
51,Ralf,Giraldez,rgiraldez1e@people.com.cn,Male,121.219.14.142
52,Charmian,Maguire,cmaguire1f@over-blog.com,Female,78.20.254.89
53,Matteo,La Grange,mlagrange1g@mit.edu,Male,64.96.86.200
54,Royce,Lukesch,rlukesch1h@hao123.com,Male,239.100.138.42
55,Leon,Bartels,lbartels1i@smugmug.com,Male,168.164.184.244
56,Silvie,Fedoronko,sfedoronko1j@ucsd.edu,Polygender,24.145.174.114
57,Lonnard,Lempke,llempke1k@artisteer.com,Male,183.142.109.27
58,Ernest,Labbett,elabbett1l@tinypic.com,Male,117.137.223.133
59,Ashley,Plumridege,aplumridege1m@hhs.gov,Female,189.151.51.197
60,Audra,Gowrich,agowrich1n@bing.com,Female,23.30.94.128
61,Hervey,Martschik,hmartschik1o@deviantart.com,Male,196.87.179.32
62,Fayre,Lever,flever1p@netlog.com,Female,99.186.185.220
63,Domenic,Hilldrop,dhilldrop1q@nyu.edu,Male,142.9.134.48
64,Sergei,Arno,sarno1r@apple.com,Male,109.137.239.132
65,Charil,Deary,cdeary1s@hc360.com,Female,79.66.152.81
66,Ebonee,Pimley,epimley1t@eventbrite.com,Non-binary,236.127.141.146
67,Merissa,Semor,msemor1u@pagesperso-orange.fr,Female,85.220.221.189
68,Tobie,Phibb,tphibb1v@alibaba.com,Male,155.204.224.209
69,Delmar,Tremollet,dtremollet1w@zdnet.com,Male,240.50.149.112
70,Courtney,Maykin,cmaykin1x@squarespace.com,Male,210.157.36.227
71,Suzanne,Juorio,sjuorio1y@discuz.net,Female,115.244.119.4
72,Brigida,Botly,bbotly1z@msn.com,Female,56.146.136.201
73,Sophi,Spurdon,sspurdon20@dot.gov,Female,35.160.221.97
74,Hussein,Benedite,hbenedite21@narod.ru,Male,249.36.183.119
75,Hartley,Iacapucci,hiacapucci22@sun.com,Male,200.170.57.122
76,Kara,Askham,kaskham23@360.cn,Female,254.142.75.17
77,Starr,Bowles,sbowles24@abc.net.au,Female,33.179.183.80
78,Rogers,Owtram,rowtram25@utexas.edu,Male,208.163.181.228
79,Odo,Saller,osaller26@dagondesign.com,Male,47.93.202.167
80,Kimbra,Alabone,kalabone27@discuz.net,Female,107.84.74.15
81,Margarethe,Bullar,mbullar28@ebay.com,Female,67.115.59.99
82,Estrellita,Sille,esille29@technorati.com,Female,238.198.147.45
83,Chloe,Foskett,cfoskett2a@cyberchimps.com,Female,135.37.26.102
84,Ange,Royson,aroyson2b@storify.com,Female,140.82.63.152
85,Belle,Litherland,blitherland2c@creativecommons.org,Female,240.167.14.237
86,Benny,Grishakov,bgrishakov2d@privacy.gov.au,Male,244.136.172.12
87,Reidar,Elwyn,relwyn2e@digg.com,Male,84.173.104.22
88,Bucky,Rowena,browena2f@comsenz.com,Polygender,54.45.151.156
89,Cassandra,Roseburgh,croseburgh2g@answers.com,Female,102.115.198.14
90,Norina,Chater,nchater2h@google.it,Female,5.182.206.80
91,Trent,Yakebovitch,tyakebovitch2i@surveymonkey.com,Bigender,81.130.90.232
92,Bevan,Jessett,bjessett2j@java.com,Male,197.243.143.58
93,Allyn,Sealeaf,asealeaf2k@cmu.edu,Female,185.24.169.168
94,Maggy,Agneau,magneau2l@theguardian.com,Female,3.143.46.195
95,Armando,Soanes,asoanes2m@paypal.com,Male,151.95.60.57
96,Bucky,Kearns,bkearns2n@uiuc.edu,Male,227.43.117.97
97,Willdon,Twidle,wtwidle2o@sitemeter.com,Male,88.80.214.188
98,Weston,Petris,wpetris2p@aboutads.info,Male,34.158.102.33
99,Meghan,Greenstead,mgreenstead2q@fotki.com,Female,42.192.123.104
100,Gunilla,Prestney,gprestney2r@arizona.edu,Female,110.149.204.62
101,Charmian,Dunford,cdunford2s@howstuffworks.com,Female,67.111.164.3
102,Candice,McGirr,cmcgirr2t@ycombinator.com,Female,178.78.36.204
103,Rena,Riley,rriley2u@nifty.com,Female,1.30.139.41
104,Jammal,Shemming,jshemming2v@yandex.ru,Male,37.229.183.6
105,Dorothee,Ind,dind2w@usda.gov,Female,10.203.85.230
106,Jerrine,Moloney,jmoloney2x@qq.com,Female,178.88.42.209
107,Zachariah,Swanbourne,zswanbourne2y@newyorker.com,Male,87.114.19.77
108,Caprice,Calcutt,ccalcutt2z@buzzfeed.com,Bigender,149.190.158.157
109,Farica,Josskowitz,fjosskowitz30@1688.com,Female,25.189.53.209
110,Quinlan,Dymocke,qdymocke31@bbb.org,Male,67.164.251.93
111,Nikolai,De Pietri,ndepietri32@dropbox.com,Male,101.240.220.114
112,Valenka,Finlow,vfinlow33@ehow.com,Female,156.95.69.231
113,Alis,Brazier,abrazier34@home.pl,Female,141.52.93.51
114,Sheelah,Ruston,sruston35@columbia.edu,Female,223.25.57.78
115,Emanuel,Shakspeare,eshakspeare36@posterous.com,Male,57.155.30.237
116,Tabatha,Goodlip,tgoodlip37@squidoo.com,Female,238.14.146.242
117,Ivette,Dahl,idahl38@nhs.uk,Female,151.219.182.165
118,Carlen,Gordge,cgordge39@unicef.org,Female,24.26.28.99
119,Anselma,Goodlad,agoodlad3a@youtu.be,Female,105.30.234.162
120,Kris,Lemonnier,klemonnier3b@mapy.cz,Female,215.28.165.163
121,Dennis,Kordes,dkordes3c@globo.com,Agender,131.7.245.148
122,Goldy,Northfield,gnorthfield3d@free.fr,Female,169.61.65.167
123,Freedman,Combe,fcombe3e@mtv.com,Male,13.200.11.131
124,Delphinia,Quail,dquail3f@desdev.cn,Bigender,70.227.247.6
125,Marc,Line,mline3g@oakley.com,Male,22.102.1.156
126,Robbert,Creebo,rcreebo3h@jiathis.com,Male,80.179.70.187
127,Shayne,Wimbury,swimbury3i@about.com,Male,183.189.4.115
128,Ximenes,Ianni,xianni3j@bloomberg.com,Male,59.45.78.201
129,Kearney,Leggott,kleggott3k@tinypic.com,Male,160.217.96.62
130,Glynda,Britcher,gbritcher3l@gmpg.org,Female,111.33.34.10
131,Carolan,Figiovanni,cfigiovanni3m@bbc.co.uk,Non-binary,108.5.73.84
132,Elga,Snoddin,esnoddin3n@eventbrite.com,Female,60.79.118.33
133,Antoni,Grombridge,agrombridge3o@shutterfly.com,Male,107.100.137.244
134,Godfrey,Butler-Bowdon,gbutlerbowdon3p@ebay.com,Male,54.54.194.221
135,Desdemona,Fipp,dfipp3q@example.com,Female,106.159.134.232
136,Blanche,Walkden,bwalkden3r@parallels.com,Female,7.73.204.133
137,Claire,Giddens,cgiddens3s@phoca.cz,Female,231.2.33.168
138,Daniele,Joust,djoust3t@tuttocitta.it,Female,142.189.160.135
139,Egan,Maleby,emaleby3u@usda.gov,Male,51.28.211.188
140,Hy,Biggam,hbiggam3v@guardian.co.uk,Male,187.204.120.166
141,York,Perott,yperott3w@qq.com,Male,97.151.4.245
142,Luise,Duer,lduer3x@com.com,Genderqueer,217.177.130.69
143,Dennie,Abrami,dabrami3y@indiegogo.com,Male,24.97.132.148
144,Elias,Forder,eforder3z@marriott.com,Male,84.28.133.80
145,Burg,Basnall,bbasnall40@comcast.net,Male,222.178.42.117
146,Gabriell,Ballaam,gballaam41@usnews.com,Female,42.200.46.173
147,Amaleta,Wetherburn,awetherburn42@instagram.com,Female,190.59.113.174
148,Robinet,Sealove,rsealove43@who.int,Genderqueer,12.228.164.3
149,Melvyn,Titchener,mtitchener44@kickstarter.com,Male,1.128.204.0
150,Claudian,Citrine,ccitrine45@spotify.com,Male,174.174.212.21
151,Luisa,Tarbatt,ltarbatt46@artisteer.com,Female,164.245.49.102
152,Teddie,Snawden,tsnawden47@mapy.cz,Female,213.64.232.140
153,Dredi,Ojeda,dojeda48@php.net,Female,193.17.156.186
154,Francklyn,Pasquale,fpasquale49@slashdot.org,Male,98.74.145.103
155,Godfry,Stockford,gstockford4a@jiathis.com,Male,100.166.30.171
156,Sarge,Rivlin,srivlin4b@redcross.org,Non-binary,73.88.155.221
157,Nata,Geall,ngeall4c@opera.com,Female,230.41.227.190
158,Leola,Rothwell,lrothwell4d@pbs.org,Female,245.61.174.217
159,Alla,Muslim,amuslim4e@woothemes.com,Female,115.195.210.174
160,Robinett,Danilovitch,rdanilovitch4f@freewebs.com,Female,209.56.4.105
161,Romain,Pfleger,rpfleger4g@omniture.com,Male,73.195.107.5
162,Jena,Yggo,jyggo4h@nymag.com,Female,132.46.80.106
163,Chic,Esel,cesel4i@marketwatch.com,Male,72.228.75.117
164,Lucienne,Eastwell,leastwell4j@arizona.edu,Female,218.207.132.4
165,Cami,McGaugan,cmcgaugan4k@ihg.com,Female,188.193.183.86
166,Pavla,Fust,pfust4l@google.nl,Female,139.53.113.76
167,Maye,Sizzey,msizzey4m@surveymonkey.com,Female,201.130.30.248
168,Jenny,Urion,jurion4n@google.it,Female,135.119.163.27
169,Velma,Ronaldson,vronaldson4o@is.gd,Female,15.201.130.11
170,Whitby,Yesenin,wyesenin4p@trellian.com,Male,162.207.168.236
171,Valery,Bonellie,vbonellie4q@who.int,Female,224.163.232.62
172,Wendel,Surplice,wsurplice4r@tmall.com,Male,190.204.96.46
173,Kippie,Pyford,kpyford4s@amazon.de,Male,111.129.96.114
174,Ollie,Gisbey,ogisbey4t@apache.org,Male,134.49.180.213
175,Estelle,MacArd,emacard4u@mysql.com,Female,202.255.219.150
176,Trev,Gagie,tgagie4v@timesonline.co.uk,Genderfluid,109.105.183.178
177,Kailey,Gauford,kgauford4w@hud.gov,Female,81.138.27.148
178,Aron,Drohane,adrohane4x@merriam-webster.com,Male,33.141.110.196
179,Spence,Vassel,svassel4y@yolasite.com,Male,220.115.252.13
180,Skye,Sicely,ssicely4z@salon.com,Male,112.212.189.102
181,Myrta,Tapp,mtapp50@ow.ly,Female,209.228.130.104
182,Sarette,Jira,sjira51@nhs.uk,Female,22.199.201.22
183,Welsh,Peizer,wpeizer52@addtoany.com,Male,203.58.127.98
184,Carol,MacGille,cmacgille53@sbwire.com,Polygender,239.61.171.237
185,Lacie,Parade,lparade54@stumbleupon.com,Female,200.128.40.125
186,Else,Andrysiak,eandrysiak55@mysql.com,Female,248.66.100.209
187,Teddie,Mordanti,tmordanti56@list-manage.com,Male,34.238.172.91
188,Owen,Haylett,ohaylett57@jiathis.com,Male,209.176.177.138
189,Bonni,Mayhow,bmayhow58@youtube.com,Female,95.179.147.108
190,Emmit,Mallabon,emallabon59@si.edu,Male,128.34.223.250
191,Arte,Tayspell,atayspell5a@theguardian.com,Male,190.79.92.153
192,Andreas,Bubb,abubb5b@reuters.com,Male,254.34.106.89
193,Charity,Garret,cgarret5c@unblog.fr,Female,217.196.234.203
194,Carlyn,Condit,ccondit5d@ocn.ne.jp,Female,233.40.128.80
195,Denver,Kendal,dkendal5e@freewebs.com,Male,115.54.216.246
196,Lexi,Dieton,ldieton5f@disqus.com,Agender,5.227.109.55
197,Franchot,Rapo,frapo5g@imdb.com,Male,94.100.56.18
198,Cosimo,Gresty,cgresty5h@devhub.com,Male,253.1.167.79
199,Archer,Hallgarth,ahallgarth5i@google.co.uk,Male,217.222.18.154
200,Andriana,MacKimm,amackimm5j@shinystat.com,Female,121.87.251.1
201,Padraig,Tamburo,ptamburo5k@plala.or.jp,Male,196.56.195.78
202,Benetta,Houdmont,bhoudmont5l@examiner.com,Female,207.2.106.15
203,Kiel,Gwyther,kgwyther5m@shinystat.com,Male,134.29.198.158
204,Pancho,Farnhill,pfarnhill5n@tripadvisor.com,Male,91.252.58.189
205,Merissa,Kee,mkee5o@nbcnews.com,Female,98.179.37.236
206,Sofie,Linfield,slinfield5p@tuttocitta.it,Female,49.13.46.245
207,Reggie,Roache,rroache5q@twitter.com,Female,15.41.121.56
208,Almeda,Hickenbottom,ahickenbottom5r@blogspot.com,Female,98.190.187.178
209,Mason,Tirone,mtirone5s@etsy.com,Male,139.89.14.108
210,Hettie,Jeffree,hjeffree5t@whitehouse.gov,Female,250.80.84.76
211,Elbertine,Sparwell,esparwell5u@amazon.co.uk,Female,101.172.109.44
212,Shane,Etoile,setoile5v@sun.com,Female,71.53.1.234
213,Nevil,Innocent,ninnocent5w@yellowbook.com,Genderfluid,194.240.22.211
214,Brandtr,Armit,barmit5x@simplemachines.org,Male,47.190.228.104
215,Rois,Vedyashkin,rvedyashkin5y@disqus.com,Female,144.174.186.237
216,Savina,Paxforde,spaxforde5z@gnu.org,Female,170.66.75.21
217,Durant,Grinnov,dgrinnov60@ovh.net,Male,91.81.159.80
218,Gearalt,Carlos,gcarlos61@cdc.gov,Male,127.113.210.57
219,Janis,Griffithe,jgriffithe62@furl.net,Female,73.61.38.152
220,Malcolm,Pulbrook,mpulbrook63@123-reg.co.uk,Male,170.188.11.212
221,Bonny,Brinkley,bbrinkley64@furl.net,Female,122.18.157.198
222,Aloise,Sillito,asillito65@fc2.com,Female,90.14.93.174
223,Regan,Zupa,rzupa66@guardian.co.uk,Female,163.228.146.92
224,Carey,Hammer,chammer67@geocities.com,Male,238.51.87.45
225,Katina,Kenneford,kkenneford68@earthlink.net,Female,237.21.2.108
226,Marta,Woodeson,mwoodeson69@chicagotribune.com,Female,68.186.201.72
227,Darn,Rooney,drooney6a@163.com,Male,245.8.235.144
228,Harrison,Spooner,hspooner6b@trellian.com,Male,87.36.110.250
229,Vyky,Savery,vsavery6c@guardian.co.uk,Female,120.149.192.248
230,Antoni,Coate,acoate6d@sun.com,Male,12.87.226.5
231,Neils,Dakhov,ndakhov6e@google.ru,Male,245.91.182.211
232,Lucais,De Mattia,ldemattia6f@com.com,Male,115.228.68.49
233,Donaugh,McClenaghan,dmcclenaghan6g@acquirethisname.com,Male,216.169.232.172
234,Deb,Nelle,dnelle6h@google.co.uk,Female,164.146.91.49
235,Floria,Jenken,fjenken6i@google.com.br,Female,104.192.185.249
236,Hollis,Guppy,hguppy6j@macromedia.com,Male,72.142.197.13
237,Miguela,McCrory,mmccrory6k@google.cn,Female,42.58.4.160
238,Tadeo,Jorg,tjorg6l@themeforest.net,Male,71.227.202.76
239,Donall,Partkya,dpartkya6m@ucoz.com,Male,179.98.237.238
240,Jarred,Johananoff,jjohananoff6n@bbc.co.uk,Male,162.202.222.252
241,Lou,Frosch,lfrosch6o@oaic.gov.au,Male,32.215.137.205
242,Hervey,Crassweller,hcrassweller6p@etsy.com,Male,156.252.99.26
243,Krisha,Maling,kmaling6q@xinhuanet.com,Male,15.236.136.199
244,Joleen,Gerssam,jgerssam6r@boston.com,Female,142.130.81.72
245,Avis,Rebillard,arebillard6s@sohu.com,Female,141.220.98.204
246,Curry,Stallibrass,cstallibrass6t@java.com,Male,79.85.150.139
247,Babita,Cruxton,bcruxton6u@freewebs.com,Female,146.158.42.162
248,Kelila,Huff,khuff6v@howstuffworks.com,Female,3.231.106.197
249,Muriel,Bullus,mbullus6w@jimdo.com,Female,185.177.33.135
250,Jordan,Triner,jtriner6x@stumbleupon.com,Polygender,88.216.104.75
251,Sandor,Gingel,sgingel6y@imdb.com,Male,232.21.151.70
252,Aggi,Bucktrout,abucktrout6z@mit.edu,Female,188.72.178.5
253,Ilsa,Porter,iporter70@umn.edu,Female,197.76.114.139
254,Pavia,Donaho,pdonaho71@facebook.com,Female,241.133.81.104
255,Ardelis,Whitworth,awhitworth72@usa.gov,Female,138.157.85.17
256,Doroteya,Fendt,dfendt73@360.cn,Female,13.29.170.111
257,Ephrem,Note,enote74@earthlink.net,Male,145.164.126.21
258,Em,Kermeen,ekermeen75@aol.com,Male,90.203.122.170
259,Claribel,MacGragh,cmacgragh76@apache.org,Agender,69.167.5.131
260,Caz,Thirlwell,cthirlwell77@examiner.com,Male,21.207.18.131
261,Scot,Jennens,sjennens78@mysql.com,Male,88.190.191.195
262,Marje,Heinecke,mheinecke79@1688.com,Female,164.90.190.37
263,Anatol,Mordie,amordie7a@webmd.com,Male,181.110.3.20
264,Juieta,Pasek,jpasek7b@cbslocal.com,Female,36.87.243.129
265,Krista,Douberday,kdouberday7c@tripadvisor.com,Female,182.135.114.130
266,Garrett,Wickie,gwickie7d@disqus.com,Male,26.115.125.6
267,Pat,Brydell,pbrydell7e@jiathis.com,Male,159.252.86.153
268,Ladonna,Bortoloni,lbortoloni7f@weibo.com,Female,159.158.164.202
269,Joni,Paybody,jpaybody7g@livejournal.com,Female,181.113.200.252
270,Brenn,Lis,blis7h@japanpost.jp,Female,70.218.195.172
271,Chrisse,Steinor,csteinor7i@shop-pro.jp,Male,34.153.121.1
272,Chickie,Collin,ccollin7j@admin.ch,Male,82.146.88.21
273,Cybil,Mealham,cmealham7k@imgur.com,Female,166.92.39.183
274,Pegeen,Chesterman,pchesterman7l@gnu.org,Female,98.40.144.170
275,Julian,Dullingham,jdullingham7m@typepad.com,Male,19.39.163.9
276,Kati,Stickland,kstickland7n@hud.gov,Female,111.16.105.193
277,Othilia,Iacobo,oiacobo7o@loc.gov,Female,253.228.100.64
278,Janis,Orbell,jorbell7p@sitemeter.com,Female,83.255.153.244
279,Chery,Banger,cbanger7q@unc.edu,Female,167.216.225.12
280,Amelie,Whisby,awhisby7r@cloudflare.com,Female,68.163.32.248
281,Shelagh,Balchen,sbalchen7s@gov.uk,Female,247.227.206.186
282,Teodorico,Braim,tbraim7t@cam.ac.uk,Male,65.102.105.199
283,Lesley,Purslow,lpurslow7u@skype.com,Female,8.43.142.67
284,Lynnet,Linnett,llinnett7v@theatlantic.com,Female,131.40.102.138
285,Wilmette,Vasichev,wvasichev7w@mysql.com,Genderfluid,129.69.177.136
286,Othelia,Pabelik,opabelik7x@chron.com,Female,122.223.148.247
287,Agata,Cranham,acranham7y@mediafire.com,Female,160.209.234.196
288,Bethena,Monier,bmonier7z@photobucket.com,Female,197.194.182.65
289,Ardene,Akram,aakram80@cornell.edu,Agender,210.143.146.222
290,Auberta,McKeefry,amckeefry81@pinterest.com,Female,249.51.221.115
291,Vickie,Putley,vputley82@scientificamerican.com,Female,146.182.126.218
292,Adella,Claworth,aclaworth83@bloomberg.com,Female,138.3.78.8
293,Meade,Yukhnin,myukhnin84@hatena.ne.jp,Polygender,186.18.182.72
294,Payton,Duchart,pduchart85@ow.ly,Male,238.140.112.111
295,Yovonnda,Goutcher,ygoutcher86@amazon.de,Female,149.21.91.100
296,Meir,Hardingham,mhardingham87@reuters.com,Male,125.146.182.32
297,Greta,Slyvester,gslyvester88@yahoo.com,Female,31.85.98.76
298,Bart,Coverlyn,bcoverlyn89@ox.ac.uk,Male,125.107.229.223
299,Benedicta,Harmstone,bharmstone8a@xrea.com,Female,97.107.249.29
300,Jarvis,Martello,jmartello8b@ebay.co.uk,Male,59.113.86.82
301,Adelaide,Giraldon,agiraldon8c@nhs.uk,Female,53.178.78.184
302,Kasper,Masarrat,kmasarrat8d@kickstarter.com,Male,29.137.65.4
303,Jayson,Nickoles,jnickoles8e@utexas.edu,Male,28.148.243.161
304,Aurlie,Verling,averling8f@japanpost.jp,Female,245.16.122.182
305,Kyle,Phelip,kphelip8g@senate.gov,Male,192.126.109.208
306,Fredi,O'Dowd,fodowd8h@ustream.tv,Female,212.191.98.233
307,Ronda,Lillecrop,rlillecrop8i@discovery.com,Female,236.56.88.219
308,Hal,McGoogan,hmcgoogan8j@jimdo.com,Agender,240.254.159.70
309,Oran,Alwood,oalwood8k@washingtonpost.com,Male,171.0.143.188
310,Gerhard,Lace,glace8l@jigsy.com,Male,204.44.131.116
311,Sayres,Merritt,smerritt8m@friendfeed.com,Male,106.111.48.115
312,Rancell,Leacock,rleacock8n@indiegogo.com,Male,25.171.125.209
313,Kiley,Elmar,kelmar8o@freewebs.com,Male,122.244.82.93
314,Madison,O'Shields,moshields8p@meetup.com,Male,65.72.197.89
315,Ebeneser,Reilingen,ereilingen8q@4shared.com,Male,31.130.47.163
316,Leonidas,Gapp,lgapp8r@cornell.edu,Male,116.235.251.77
317,Osmund,Lemerle,olemerle8s@nasa.gov,Male,28.195.46.187
318,Brody,Ebertz,bebertz8t@who.int,Male,127.119.40.26
319,Edwina,Eton,eeton8u@desdev.cn,Female,96.194.225.175
320,Odille,Ricciardelli,oricciardelli8v@theguardian.com,Female,228.60.139.169
321,Tish,MacMarcuis,tmacmarcuis8w@dion.ne.jp,Female,155.228.92.228
322,Fidelia,Cutchee,fcutchee8x@wsj.com,Genderqueer,183.19.29.156
323,Keefe,Kleinschmidt,kkleinschmidt8y@github.com,Male,122.72.139.126
324,Rupert,Roelofsen,rroelofsen8z@forbes.com,Male,153.24.211.251
325,Josie,Fynn,jfynn90@is.gd,Female,180.47.12.83
326,Penelopa,Giacopini,pgiacopini91@ucoz.com,Female,205.91.99.172
327,Felizio,Rosie,frosie92@t.co,Male,118.123.237.20
328,Chick,Kalker,ckalker93@amazon.co.jp,Male,188.149.181.206
329,Barbie,O'Concannon,boconcannon94@boston.com,Female,50.37.45.152
330,Clarissa,Ethridge,cethridge95@java.com,Female,5.121.251.42
331,Town,Lalonde,tlalonde96@opensource.org,Male,81.202.144.179
332,Syd,Huzzay,shuzzay97@wsj.com,Male,199.186.232.81
333,Brooks,Kerrane,bkerrane98@exblog.jp,Male,185.222.213.189
334,Deny,MacColgan,dmaccolgan99@prnewswire.com,Polygender,18.226.247.156
335,Leeland,Ramalhete,lramalhete9a@desdev.cn,Male,56.143.11.194
336,Jeremiah,Walkling,jwalkling9b@example.com,Male,80.6.239.175
337,Asa,Challicum,achallicum9c@issuu.com,Male,212.235.10.245
338,Mickey,Merton,mmerton9d@csmonitor.com,Male,168.142.237.132
339,Rad,Berlin,rberlin9e@nationalgeographic.com,Male,160.80.211.103
340,Darin,Emblen,demblen9f@facebook.com,Male,115.235.17.87
341,Charity,Dare,cdare9g@freewebs.com,Female,252.249.10.200
342,Gregg,Droogan,gdroogan9h@furl.net,Male,173.96.98.183
343,Eleanora,Woodworth,ewoodworth9i@livejournal.com,Female,46.117.46.213
344,Ramsay,Mabbutt,rmabbutt9j@google.co.uk,Male,26.103.249.120
345,Kurt,Swales,kswales9k@dedecms.com,Genderqueer,100.113.83.113
346,Adrianna,Evenden,aevenden9l@tinyurl.com,Female,6.31.136.103
347,Brien,Hesse,bhesse9m@multiply.com,Male,76.97.159.55
348,Charlean,Avieson,cavieson9n@ftc.gov,Female,244.159.237.41
349,Philomena,Connar,pconnar9o@yellowpages.com,Female,91.9.121.205
350,Annora,Dillinger,adillinger9p@usda.gov,Female,166.175.114.251
351,Breanne,Lamba,blamba9q@wikipedia.org,Genderqueer,93.176.215.207
352,Rosa,Pleuman,rpleuman9r@state.gov,Female,204.247.113.31
353,Orelie,Easter,oeaster9s@meetup.com,Female,31.117.255.41
354,Darwin,Burgon,dburgon9t@hao123.com,Male,138.219.33.68
355,Rem,Brittan,rbrittan9u@prweb.com,Male,231.182.230.83
356,Cord,Durrant,cdurrant9v@ed.gov,Male,152.124.114.1
357,Amelia,Robilart,arobilart9w@sfgate.com,Bigender,66.10.116.95
358,Maximilien,Blaymires,mblaymires9x@google.com.au,Male,70.228.144.255
359,Jennica,Day,jday9y@techcrunch.com,Bigender,147.53.189.94
360,Marty,Visco,mvisco9z@com.com,Female,148.237.108.176
361,Milena,Hallifax,mhallifaxa0@narod.ru,Female,0.129.13.2
362,Sidney,Boraston,sborastona1@paypal.com,Male,84.72.157.176
363,Aura,Elbourn,aelbourna2@goodreads.com,Female,132.145.161.20
364,Holly-anne,Casham,hcashama3@ibm.com,Female,103.212.23.243
365,Ralph,Gethyn,rgethyna4@nationalgeographic.com,Male,6.74.117.63
366,Waylon,Calan,wcalana5@trellian.com,Male,200.34.228.167
367,Nev,Popping,npoppinga6@census.gov,Male,5.108.187.42
368,Joyann,St. Leger,jstlegera7@ucoz.com,Non-binary,102.164.25.19
369,Estele,Adan,eadana8@mapquest.com,Female,101.11.136.184
370,Elfie,Greiswood,egreiswooda9@digg.com,Female,92.25.184.175
371,Godfrey,Leband,glebandaa@wired.com,Male,8.166.255.206
372,Dorey,Hannaby,dhannabyab@github.com,Male,100.141.127.44
373,Gilberto,Gymlett,ggymlettac@usnews.com,Male,126.50.251.23
374,Ivy,Lydster,ilydsterad@pagesperso-orange.fr,Female,123.169.191.136
375,Xena,Coppeard,xcoppeardae@php.net,Female,137.26.186.239
376,Selma,Bicknell,sbicknellaf@cafepress.com,Female,5.205.118.221
377,Rafi,Aiton,raitonag@barnesandnoble.com,Bigender,247.84.60.217
378,Fifi,Harriskine,fharriskineah@usgs.gov,Female,72.82.62.204
379,Ardella,McUre,amcureai@tripod.com,Genderfluid,169.224.184.86
380,Israel,Hearsey,ihearseyaj@etsy.com,Male,124.82.11.64
381,Brady,Ickeringill,bickeringillak@phoca.cz,Male,181.218.173.65
382,Kippy,Olivetti,kolivettial@psu.edu,Male,105.50.176.13
383,Clari,Seers,cseersam@elpais.com,Female,64.241.214.89
384,Vincenty,Brunker,vbrunkeran@hibu.com,Male,66.225.133.224
385,Warren,Armatidge,warmatidgeao@creativecommons.org,Male,220.68.183.27
386,Rania,Waghorne,rwaghorneap@wired.com,Female,164.19.113.165
387,Laurie,Snyder,lsnyderaq@sciencedirect.com,Male,214.62.255.171
388,Jeralee,Pridding,jpriddingar@chicagotribune.com,Agender,229.178.99.25
389,Henri,Rudwell,hrudwellas@hugedomains.com,Male,45.61.45.175
390,Urbano,Fardoe,ufardoeat@storify.com,Male,66.21.195.175
391,Victor,Lahrs,vlahrsau@scientificamerican.com,Male,209.220.98.122
392,Del,Fones,dfonesav@boston.com,Bigender,58.70.29.190
393,Gage,Leeuwerink,gleeuwerinkaw@omniture.com,Male,105.10.92.211
394,Anna-maria,Southward,asouthwardax@yahoo.com,Female,122.181.131.129
395,Jori,Kalisch,jkalischay@google.co.jp,Female,161.221.104.79
396,Viki,Dargue,vdargueaz@creativecommons.org,Female,63.18.192.172
397,Stanfield,McCollum,smccollumb0@blogtalkradio.com,Male,213.3.172.222
398,Robers,Foulger,rfoulgerb1@icio.us,Male,200.255.149.249
399,Millie,Charlesworth,mcharlesworthb2@columbia.edu,Female,142.85.224.0
400,Phaidra,Synnott,psynnottb3@reuters.com,Bigender,121.38.245.224
401,Roscoe,Grichukhanov,rgrichukhanovb4@gmpg.org,Male,122.15.134.25
402,Mack,Thorn,mthornb5@usda.gov,Male,169.157.217.75
403,Sib,Nelle,snelleb6@dailymotion.com,Agender,64.48.128.151
404,Lark,Dalmon,ldalmonb7@cyberchimps.com,Female,198.14.131.137
405,Brew,Attiwill,battiwillb8@netvibes.com,Male,230.155.162.33
406,Lindsey,Weitzel,lweitzelb9@goodreads.com,Male,217.209.156.189
407,Frank,Astbury,fastburyba@usa.gov,Male,141.69.231.57
408,Sharron,Lidgertwood,slidgertwoodbb@vistaprint.com,Female,214.232.18.45
409,Liam,Semaine,lsemainebc@cafepress.com,Male,67.197.144.120
410,Jarib,Bootherstone,jbootherstonebd@mac.com,Male,121.120.224.82
411,Kev,Greder,kgrederbe@google.com.br,Male,221.106.96.252
412,Allyce,Barkess,abarkessbf@blinklist.com,Female,9.173.47.54
413,Suki,Bramstom,sbramstombg@unesco.org,Female,98.59.1.121
414,Madalena,MacNulty,mmacnultybh@disqus.com,Female,109.48.212.207
415,Devina,Eliasen,deliasenbi@etsy.com,Female,75.193.30.254
416,Francois,Sherred,fsherredbj@sina.com.cn,Male,27.220.202.143
417,Michal,Beevens,mbeevensbk@jalbum.net,Male,168.225.24.127
418,Hasheem,Cannell,hcannellbl@google.co.jp,Male,230.181.210.141
419,Bren,Needs,bneedsbm@gov.uk,Male,16.13.46.207
420,Cirilo,Cookson,ccooksonbn@sciencedaily.com,Male,168.53.113.117
421,Angelle,Flaunier,aflaunierbo@phpbb.com,Female,94.77.247.217
422,Andrei,Curston,acurstonbp@about.me,Female,2.147.89.56
423,Kaye,Glasper,kglasperbq@desdev.cn,Non-binary,27.30.60.63
424,Pryce,Ewins,pewinsbr@slate.com,Male,108.1.214.195
425,Kermit,Andrzejewski,kandrzejewskibs@lycos.com,Male,188.81.12.8
426,Ilse,Andryushchenko,iandryushchenkobt@pinterest.com,Female,143.47.131.211
427,Garfield,Gowdridge,ggowdridgebu@youku.com,Male,170.63.68.97
428,Koressa,Copson,kcopsonbv@yelp.com,Female,26.227.189.20
429,Ermanno,Dickenson,edickensonbw@blogger.com,Male,66.33.215.23
430,Valentine,Debill,vdebillbx@multiply.com,Female,52.58.99.192
431,Gilbert,Lockyear,glockyearby@alibaba.com,Male,153.155.146.133
432,Estrella,Dureden,eduredenbz@nifty.com,Female,145.128.191.98
433,Laina,Farnon,lfarnonc0@goo.ne.jp,Female,165.87.95.20
434,Ulrica,Balaam,ubalaamc1@psu.edu,Female,155.154.114.58
435,Tiertza,Rutter,trutterc2@prweb.com,Female,125.74.63.65
436,Chrystel,Le feuvre,clefeuvrec3@sogou.com,Genderfluid,146.67.0.31
437,Oswell,Jeandon,ojeandonc4@purevolume.com,Male,130.164.71.232
438,Baxter,Jamot,bjamotc5@apple.com,Male,95.19.235.58
439,Adelind,Drake,adrakec6@blogger.com,Female,145.44.222.202
440,Dani,Lubomirski,dlubomirskic7@phpbb.com,Female,190.36.162.127
441,Ambrose,Swanborrow,aswanborrowc8@rediff.com,Male,87.20.190.186
442,Georgi,Cargen,gcargenc9@slashdot.org,Male,220.172.94.212
443,Solly,Scotchbourouge,sscotchbourougeca@cnet.com,Male,152.17.111.70
444,Dilly,De Launde,ddelaundecb@cbslocal.com,Male,4.190.86.30
445,Amabelle,Boerder,aboerdercc@dyndns.org,Polygender,38.48.43.44
446,Ulrika,Spall,uspallcd@prnewswire.com,Female,131.68.59.93
447,Alphonso,Larrington,alarringtonce@psu.edu,Male,73.0.131.232
448,Deloris,Sellner,dsellnercf@plala.or.jp,Female,41.61.23.131
449,Mariana,Eames,meamescg@unicef.org,Female,8.172.226.120
450,Constantino,Blagburn,cblagburnch@blogspot.com,Genderfluid,69.231.235.110
451,Di,McCritchie,dmccritchieci@bluehost.com,Female,153.67.142.211
452,Amity,McCowen,amccowencj@infoseek.co.jp,Female,166.19.217.126
453,Oralee,Maunsell,omaunsellck@scribd.com,Female,116.220.35.113
454,Elliot,De Michele,edemichelecl@technorati.com,Male,164.245.228.60
455,Velvet,Heeley,vheeleycm@bbc.co.uk,Female,166.70.248.247
456,Kristyn,Wareing,kwareingcn@miibeian.gov.cn,Female,141.240.204.136
457,Goldarina,Klassmann,gklassmannco@archive.org,Female,224.168.173.38
458,Curran,Humber,chumbercp@imdb.com,Non-binary,119.130.182.138
459,Marlyn,O' Reagan,moreagancq@mail.ru,Female,20.7.165.69
460,Skip,Walkington,swalkingtoncr@ning.com,Male,134.106.191.25
461,Nicolais,Athowe,nathowecs@comsenz.com,Male,94.80.110.39
462,Noland,Scullion,nscullionct@statcounter.com,Male,202.175.92.205
463,Annora,Pye,apyecu@jigsy.com,Non-binary,131.122.202.40
464,Tilda,Zecchii,tzecchiicv@e-recht24.de,Female,211.255.246.122
465,Emelia,Kelleher,ekellehercw@redcross.org,Female,10.160.54.209
466,Ricardo,Burfoot,rburfootcx@opensource.org,Bigender,9.8.40.225
467,Randell,Childes,rchildescy@rambler.ru,Male,61.97.184.224
468,Dre,Rennard,drennardcz@about.com,Female,100.5.132.246
469,Lani,O'Hearn,lohearnd0@paypal.com,Female,232.107.11.152
470,Egor,Daout,edaoutd1@foxnews.com,Male,32.86.99.254
471,Arty,Arnison,aarnisond2@scientificamerican.com,Male,250.152.7.159
472,Urbain,Padmore,upadmored3@webeden.co.uk,Male,152.228.67.66
473,Corabel,Van Bruggen,cvanbruggend4@paypal.com,Female,53.54.193.231
474,Sisely,Umpleby,sumplebyd5@exblog.jp,Female,204.245.20.53
475,Oren,Fernely,ofernelyd6@goo.ne.jp,Male,204.105.182.189
476,Christy,Chrystal,cchrystald7@dailymotion.com,Male,71.35.95.175
477,Janka,Gymblett,jgymblettd8@flickr.com,Female,185.154.182.188
478,Hilliard,Mulvy,hmulvyd9@i2i.jp,Male,229.150.94.202
479,Faye,Bilyard,fbilyardda@soundcloud.com,Female,242.41.159.212
480,Doretta,Armell,darmelldb@cdc.gov,Non-binary,186.120.144.122
481,Agnola,Easterbrook,aeasterbrookdc@meetup.com,Female,92.85.213.169
482,Sara-ann,Marples,smarplesdd@virginia.edu,Female,179.167.87.126
483,Catriona,Leming,clemingde@ezinearticles.com,Female,51.149.245.76
484,Borden,Deville,bdevilledf@free.fr,Male,163.213.98.148
485,Karlyn,Lebel,klebeldg@surveymonkey.com,Female,42.20.50.182
486,Hallie,Pibsworth,hpibsworthdh@gravatar.com,Female,54.177.166.122
487,Benji,Mottershead,bmottersheaddi@columbia.edu,Male,40.221.72.242
488,Christel,Lander,clanderdj@addthis.com,Female,30.6.1.213
489,Fulton,Cordel,fcordeldk@engadget.com,Male,156.120.10.135
490,Suki,Pennells,spennellsdl@youtube.com,Female,12.162.115.2
491,Tresa,Melanaphy,tmelanaphydm@state.tx.us,Female,194.249.222.136
492,Aloise,Locksley,alocksleydn@webnode.com,Female,18.251.40.139
493,William,Scibsey,wscibseydo@wikia.com,Male,234.208.96.36
494,Tamarra,De'Vere - Hunt,tdeverehuntdp@senate.gov,Female,201.133.154.20
495,Odessa,Gornal,ogornaldq@acquirethisname.com,Female,67.9.50.249
496,Dirk,Portt,dporttdr@123-reg.co.uk,Male,148.33.158.54
497,Kareem,Ladloe,kladloeds@msu.edu,Male,72.161.70.146
498,Evered,Oxenbury,eoxenburydt@g.co,Male,96.105.4.20
499,Valaria,Draper,vdraperdu@soundcloud.com,Female,42.142.204.232
500,Kenton,Odo,kododv@vistaprint.com,Male,191.211.57.155
501,Gates,Carlino,gcarlinodw@wordpress.com,Female,173.55.119.197
502,Grady,Birkenhead,gbirkenheaddx@cisco.com,Male,49.218.223.70
503,Alphonso,Thexton,athextondy@godaddy.com,Male,104.67.69.222
504,Udale,Karleman,ukarlemandz@europa.eu,Male,166.194.123.43
505,Brittaney,Clavey,bclaveye0@g.co,Female,209.45.111.71
506,Ilse,Frier,ifriere1@china.com.cn,Female,160.186.175.58
507,Margarethe,Ikins,mikinse2@foxnews.com,Female,129.103.241.102
508,Adel,Allsobrook,aallsobrooke3@wiley.com,Female,128.68.105.205
509,Zelig,Pechet,zpechete4@bloglines.com,Male,217.46.34.161
510,Antonina,Hyndson,ahyndsone5@omniture.com,Female,220.194.167.72
511,Madel,Morch,mmorche6@nationalgeographic.com,Female,139.210.44.41
512,Bendicty,Brandli,bbrandlie7@tinyurl.com,Male,180.162.157.177
513,Aland,Osorio,aosorioe8@mashable.com,Male,156.165.96.46
514,Levy,Johananoff,ljohananoffe9@sun.com,Male,83.144.56.85
515,Trixi,Grunder,tgrunderea@npr.org,Female,220.12.203.240
516,Ingaberg,Connah,iconnaheb@acquirethisname.com,Female,179.23.128.237
517,Odille,Pencot,opencotec@google.cn,Female,250.51.233.148
518,Harcourt,Ludford,hludforded@amazon.de,Male,194.118.154.188
519,Pammi,Haestier,phaestieree@dailymail.co.uk,Female,51.129.62.92
520,Nananne,Spybey,nspybeyef@cloudflare.com,Female,226.237.30.175
521,Else,Barehead,ebareheadeg@google.co.jp,Agender,112.157.4.2
522,Camellia,Bastard,cbastardeh@dropbox.com,Female,144.146.86.248
523,Alexandra,Bradnum,abradnumei@hugedomains.com,Female,227.61.231.178
524,Cleopatra,McKitterick,cmckitterickej@unc.edu,Female,104.59.184.75
525,Davita,Poundesford,dpoundesfordek@cnbc.com,Female,236.224.91.83
526,Pris,Pashe,ppasheel@feedburner.com,Female,209.170.108.226
527,Stefan,Sendley,ssendleyem@example.com,Male,17.204.127.136
528,Evyn,Cardwell,ecardwellen@home.pl,Male,101.44.17.132
529,Allianora,Hebditch,ahebditcheo@blinklist.com,Female,57.242.70.46
530,Krishnah,Marfe,kmarfeep@hostgator.com,Male,130.189.118.134
531,Alyda,Waite,awaiteeq@lulu.com,Female,122.31.200.190
532,Nanette,Heelis,nheeliser@mlb.com,Female,145.91.105.159
533,Melany,Klosser,mklosseres@irs.gov,Female,20.151.144.235
534,Arlinda,Cordie,acordieet@miibeian.gov.cn,Female,13.68.185.74
535,Maddie,Dufer,mdufereu@mashable.com,Male,194.108.124.164
536,Engelbert,Storks,estorksev@last.fm,Male,27.227.58.246
537,Bradly,Chafney,bchafneyew@rediff.com,Male,1.200.45.157
538,Shell,Padefield,spadefieldex@joomla.org,Non-binary,149.198.191.179
539,Bebe,Wrightham,bwrighthamey@printfriendly.com,Female,122.159.142.59
540,Maye,Porcas,mporcasez@spotify.com,Genderfluid,66.107.226.67
541,Kinna,Sandyford,ksandyfordf0@usgs.gov,Female,2.185.19.99
542,Flinn,Towll,ftowllf1@xrea.com,Male,66.42.108.56
543,Michal,Wolseley,mwolseleyf2@squidoo.com,Male,81.88.172.135
544,Zelma,Stocky,zstockyf3@tinypic.com,Female,100.57.5.128
545,Adara,Novik,anovikf4@shop-pro.jp,Female,37.252.108.237
546,Yanaton,Westwell,ywestwellf5@shop-pro.jp,Male,11.196.93.236
547,Alphonse,Durtnall,adurtnallf6@networkadvertising.org,Male,64.121.147.255
548,Tibold,Lapsley,tlapsleyf7@discuz.net,Non-binary,155.221.160.0
549,Madlin,Duke,mdukef8@sohu.com,Female,153.225.32.186
550,Fernandina,Lindholm,flindholmf9@wp.com,Female,123.122.63.70
551,Moyna,Savil,msavilfa@mediafire.com,Female,25.103.146.214
552,Edik,Gutcher,egutcherfb@mapquest.com,Male,52.166.30.64
553,Boigie,Hake,bhakefc@homestead.com,Bigender,245.239.72.207
554,Tori,Heathfield,theathfieldfd@booking.com,Female,143.76.158.135
555,Seana,Neno,snenofe@homestead.com,Female,61.208.22.249
556,Dorotea,Stigger,dstiggerff@businessweek.com,Female,158.97.245.243
557,Ingmar,Stobo,istobofg@hibu.com,Male,231.202.44.15
558,Saxe,Gieves,sgievesfh@dagondesign.com,Male,40.51.12.84
559,Demetre,Thornewell,dthornewellfi@moonfruit.com,Male,144.65.97.252
560,Marice,Milsap,mmilsapfj@addtoany.com,Female,61.243.107.240
561,Alfi,Sute,asutefk@clickbank.net,Female,82.235.93.102
562,Hillie,Carradice,hcarradicefl@aol.com,Genderfluid,27.181.224.59
563,Roselin,Hodgets,rhodgetsfm@cnet.com,Female,58.191.25.221
564,Maddie,Voysey,mvoyseyfn@nsw.gov.au,Male,80.213.156.155
565,Fiona,Balaam,fbalaamfo@fc2.com,Female,7.104.3.71
566,Milena,Bernth,mbernthfp@fotki.com,Female,221.174.194.54
567,Euphemia,Juza,ejuzafq@stanford.edu,Female,39.214.212.209
568,Aldrich,Hughes,ahughesfr@geocities.com,Male,175.248.17.73
569,Nil,Callan,ncallanfs@ca.gov,Male,14.33.156.198
570,Von,Dobrowolny,vdobrowolnyft@netvibes.com,Male,34.109.101.33
571,Averill,Esberger,aesbergerfu@bigcartel.com,Male,67.51.23.97
572,Gael,Macura,gmacurafv@jalbum.net,Female,252.18.228.175
573,Maressa,Hardi,mhardifw@netvibes.com,Female,185.45.248.137
574,Arney,Glewe,aglewefx@odnoklassniki.ru,Male,251.212.25.105
575,Krissy,Pett,kpettfy@constantcontact.com,Female,61.30.110.37
576,Terry,Thormwell,tthormwellfz@weather.com,Female,222.192.199.24
577,Ingra,Greatex,igreatexg0@yandex.ru,Male,87.140.237.68
578,Humfried,Gwilym,hgwilymg1@utexas.edu,Male,39.144.46.143
579,Mechelle,Mc Giffin,mmcgiffing2@multiply.com,Female,166.235.51.128
580,Wilton,Di Antonio,wdiantoniog3@stanford.edu,Male,88.48.175.61
581,Nissy,Wasson,nwassong4@fda.gov,Female,211.123.213.209
582,Sabina,Berrecloth,sberreclothg5@google.com.au,Female,51.184.68.239
583,Mechelle,Murty,mmurtyg6@irs.gov,Female,248.169.219.238
584,Barrie,Swoffer,bswofferg7@paginegialle.it,Female,84.148.88.244
585,Ferdinand,Stenton,fstentong8@netvibes.com,Male,104.135.32.238
586,Albrecht,Danford,adanfordg9@netlog.com,Male,130.38.125.67
587,Ilario,Moralas,imoralasga@ustream.tv,Male,242.87.209.97
588,Tedman,Meugens,tmeugensgb@adobe.com,Male,27.126.156.222
589,Christophorus,Collelton,ccolleltongc@g.co,Male,49.188.72.177
590,Shanda,Rieme,sriemegd@ifeng.com,Female,98.252.80.69
591,Christopher,Morrel,cmorrelge@slashdot.org,Male,134.128.45.50
592,Lian,Perkis,lperkisgf@sun.com,Female,187.137.159.132
593,Charity,Flanaghan,cflanaghangg@blogspot.com,Female,202.34.255.203
594,Seth,Jerche,sjerchegh@google.nl,Polygender,161.71.92.13
595,Dwayne,Phillcock,dphillcockgi@ustream.tv,Male,76.12.106.104
596,Jethro,Jutson,jjutsongj@geocities.com,Male,103.237.109.4
597,Kelley,Squibbes,ksquibbesgk@yellowpages.com,Female,99.153.216.9
598,Loren,Langhor,llanghorgl@mozilla.org,Female,25.220.18.11
599,Dominic,Kee,dkeegm@apache.org,Male,80.175.100.35
600,Mellie,Sandbach,msandbachgn@earthlink.net,Female,125.210.137.24
601,Rudolfo,Astlet,rastletgo@newyorker.com,Male,179.35.28.87
602,Elias,De Witt,edewittgp@ihg.com,Male,184.169.123.206
603,Jania,Tomczykowski,jtomczykowskigq@jimdo.com,Female,36.171.210.204
604,Ellwood,Lemerle,elemerlegr@washington.edu,Male,135.249.167.32
605,Loralyn,Perrycost,lperrycostgs@e-recht24.de,Polygender,24.200.96.17
606,Alasdair,Mattheeuw,amattheeuwgt@ihg.com,Male,22.102.173.126
607,Izak,Pritchard,ipritchardgu@tiny.cc,Male,116.84.80.78
608,Prent,Ouver,pouvergv@sogou.com,Male,188.39.56.158
609,Rafaela,Eltun,reltungw@oracle.com,Female,153.46.247.15
610,Munmro,Lomath,mlomathgx@wikipedia.org,Genderqueer,219.98.5.206
611,Julie,Downe,jdownegy@aboutads.info,Female,36.157.43.87
612,Emmey,Plummer,eplummergz@shareasale.com,Female,234.12.148.204
613,Carmelita,Chrichton,cchrichtonh0@example.com,Female,128.65.32.140
614,Rochester,Oglethorpe,roglethorpeh1@i2i.jp,Male,20.112.88.81
615,Corny,Alfonsini,calfonsinih2@dell.com,Male,109.88.93.217
616,Rodolph,Johannes,rjohannesh3@washington.edu,Male,96.32.173.197
617,Lara,Fibbens,lfibbensh4@youku.com,Female,59.170.247.220
618,Floyd,Giacopetti,fgiacopettih5@cocolog-nifty.com,Male,196.17.39.214
619,Cassius,Corderoy,ccorderoyh6@storify.com,Male,210.58.17.118
620,Morty,Beckensall,mbeckensallh7@meetup.com,Male,220.88.146.128
621,Pincus,Ceresa,pceresah8@dell.com,Male,80.93.156.12
622,Silvia,Ruslin,sruslinh9@mozilla.com,Female,193.31.125.249
623,Maxine,Toolin,mtoolinha@ucsd.edu,Female,198.191.108.138
624,Debby,Dansey,ddanseyhb@ted.com,Female,85.7.252.182
625,Bobbette,Zaniolo,bzaniolohc@ucoz.ru,Female,58.233.58.217
626,Alexine,Garmey,agarmeyhd@mayoclinic.com,Female,204.179.92.199
627,Homere,Vonasek,hvonasekhe@fotki.com,Male,61.219.240.225
628,Osmund,Wesley,owesleyhf@jalbum.net,Male,66.155.189.142
629,Lyndell,Blakeden,lblakedenhg@goo.ne.jp,Female,178.232.101.232
630,Cyndia,Lebarree,clebarreehh@omniture.com,Female,151.235.136.218
631,Nadya,Rickson,nricksonhi@go.com,Female,30.229.216.202
632,Elston,Riep,eriephj@si.edu,Male,162.39.130.11
633,Guido,Rodson,grodsonhk@hao123.com,Male,141.197.91.143
634,Matias,Mattis,mmattishl@unc.edu,Male,237.15.225.234
635,Jillie,Earland,jearlandhm@opensource.org,Female,9.38.209.160
636,Bartholomew,Baldwin,bbaldwinhn@marketwatch.com,Male,15.128.121.153
637,Aldon,Prophet,aprophetho@apple.com,Male,128.156.132.234
638,Bennie,Mcasparan,bmcasparanhp@usgs.gov,Female,224.132.119.228
639,Kirk,Mancktelow,kmancktelowhq@businessweek.com,Male,212.6.208.217
640,Tabbitha,Furley,tfurleyhr@hubpages.com,Female,47.68.227.85
641,Say,Pheasant,spheasanths@cdc.gov,Male,120.89.163.156
642,Rab,Maryman,rmarymanht@people.com.cn,Male,155.44.231.4
643,Crissy,Horche,chorchehu@hatena.ne.jp,Female,99.226.199.157
644,Chaunce,Palfreeman,cpalfreemanhv@ask.com,Male,44.58.242.189
645,Sunny,Adlem,sadlemhw@blogspot.com,Male,86.160.207.140
646,Sibel,Viles,svileshx@amazon.co.jp,Female,217.77.136.216
647,Dael,Feldmus,dfeldmushy@epa.gov,Female,153.122.170.171
648,Kalie,Beamiss,kbeamisshz@discovery.com,Female,16.225.15.62
649,Sarge,Targett,stargetti0@mediafire.com,Male,50.162.4.163
650,Leonelle,Pawlick,lpawlicki1@dagondesign.com,Female,78.144.102.226
651,Filberte,MacQuarrie,fmacquarriei2@guardian.co.uk,Male,180.189.224.22
652,Revkah,Ashingden,rashingdeni3@bing.com,Female,8.8.88.208
653,Calli,Southwood,csouthwoodi4@google.ru,Female,110.95.69.121
654,Lurline,Mowett,lmowetti5@elpais.com,Female,82.201.236.127
655,Leigh,Benoy,lbenoyi6@acquirethisname.com,Female,230.224.38.231
656,Eugenio,Jerwood,ejerwoodi7@ed.gov,Male,177.183.179.127
657,Prescott,Sams,psamsi8@rambler.ru,Polygender,89.110.126.207
658,Emelen,Barefoot,ebarefooti9@barnesandnoble.com,Male,69.83.58.137
659,Rosy,Hestrop,rhestropia@buzzfeed.com,Female,93.42.31.71
660,Roselia,Greggor,rgreggorib@walmart.com,Agender,23.114.29.2
661,Samson,Yeatman,syeatmanic@earthlink.net,Male,90.116.166.168
662,Gertie,Maron,gmaronid@fema.gov,Female,232.94.138.26
663,Kata,Davidovici,kdavidoviciie@jugem.jp,Female,3.202.39.221
664,Clarabelle,Eddie,ceddieif@simplemachines.org,Female,136.150.83.244
665,Valentin,Huitson,vhuitsonig@mapquest.com,Male,152.237.36.27
666,Selina,Josowitz,sjosowitzih@youtube.com,Agender,172.6.94.166
667,Romonda,Marples,rmarplesii@pen.io,Female,199.206.86.54
668,Shae,Regardsoe,sregardsoeij@ebay.co.uk,Male,8.110.253.61
669,Laure,Kynvin,lkynvinik@guardian.co.uk,Female,205.223.60.138
670,Mack,Purle,mpurleil@cornell.edu,Male,178.3.113.184
671,Simon,Raper,sraperim@hexun.com,Male,32.254.52.38
672,Hugues,Massinger,hmassingerin@bloomberg.com,Male,49.8.15.43
673,Auberon,Liveley,aliveleyio@nifty.com,Male,208.90.107.253
674,Annnora,Budd,abuddip@opensource.org,Female,205.79.66.131
675,Candra,Looney,clooneyiq@hostgator.com,Female,43.150.110.141
676,Modestine,Swayne,mswayneir@stanford.edu,Female,254.243.75.123
677,Cale,Josifovic,cjosifovicis@google.co.uk,Male,252.14.232.120
678,Cherrita,Ellsom,cellsomit@desdev.cn,Female,224.105.90.126
679,Barb,St Angel,bstangeliu@theatlantic.com,Female,73.246.163.14
680,Baily,Craighead,bcraigheadiv@mozilla.org,Male,44.163.245.14
681,Berkley,Hauch,bhauchiw@tinyurl.com,Male,73.206.26.131
682,Ruby,Odell,rodellix@yandex.ru,Male,17.192.207.206
683,Bebe,Halliwell,bhalliwelliy@google.pl,Female,130.46.106.109
684,Hesther,Bugg,hbuggiz@pcworld.com,Female,70.73.69.87
685,Rodd,Jentet,rjentetj0@ca.gov,Genderfluid,127.12.120.79
686,Hewie,Freear,hfreearj1@miibeian.gov.cn,Male,127.4.151.103
687,Brad,Welsby,bwelsbyj2@bbb.org,Male,55.142.253.2
688,Laureen,Crumbleholme,lcrumbleholmej3@prlog.org,Female,110.169.177.24
689,Traci,Josowitz,tjosowitzj4@psu.edu,Female,144.179.29.51
690,Anabel,McFetrich,amcfetrichj5@vimeo.com,Female,192.8.58.215
691,Susette,Bavin,sbavinj6@51.la,Female,163.43.243.133
692,Konstantine,Grogan,kgroganj7@blogspot.com,Male,103.75.7.70
693,Scarface,Moxson,smoxsonj8@whitehouse.gov,Male,85.57.9.44
694,Andree,Behneke,abehnekej9@google.it,Female,173.191.147.137
695,Geri,Lindores,glindoresja@ezinearticles.com,Male,247.175.126.12
696,Giff,Sommerland,gsommerlandjb@geocities.jp,Male,165.173.146.154
697,Caleb,Burgoin,cburgoinjc@amazon.co.uk,Male,218.146.104.113
698,Bertha,Bischop,bbischopjd@stanford.edu,Female,174.235.95.163
699,Coralie,Bruna,cbrunaje@psu.edu,Female,67.245.245.164
700,Stacy,Esel,seseljf@plala.or.jp,Female,62.246.157.189
701,Dewey,Dobrovsky,ddobrovskyjg@huffingtonpost.com,Male,127.143.85.42
702,Terrill,Palleske,tpalleskejh@hibu.com,Male,209.254.114.60
703,Montgomery,Waller-Bridge,mwallerbridgeji@example.com,Male,55.57.245.84
704,Gottfried,Arkle,garklejj@scientificamerican.com,Male,83.157.126.136
705,Boy,Coutthart,bcoutthartjk@comcast.net,Male,139.52.156.87
706,Genovera,Le Guin,gleguinjl@exblog.jp,Female,66.35.179.184
707,Koralle,Tanman,ktanmanjm@so-net.ne.jp,Female,179.127.242.230
708,Elston,Tomik,etomikjn@pcworld.com,Male,148.241.213.244
709,Tome,Simonini,tsimoninijo@bloomberg.com,Polygender,162.63.167.12
710,Ole,Piddlesden,opiddlesdenjp@nba.com,Genderqueer,21.246.103.17
711,Jillie,Bourne,jbournejq@state.gov,Female,117.31.181.245
712,Duncan,Lethieulier,dlethieulierjr@ihg.com,Male,72.75.155.167
713,Trevar,Sturges,tsturgesjs@shareasale.com,Male,90.156.226.222
714,Bentley,Govinlock,bgovinlockjt@wikimedia.org,Male,83.50.125.153
715,Jake,Constantinou,jconstantinouju@webmd.com,Male,247.214.113.209
716,Arther,Patsall,apatsalljv@shinystat.com,Genderfluid,32.141.241.94
717,Chas,Summons,csummonsjw@google.es,Male,114.144.234.181
718,Glad,Patemore,gpatemorejx@networkadvertising.org,Female,118.186.89.205
719,Obie,Mannock,omannockjy@dot.gov,Male,139.7.208.49
720,Velma,Jirick,vjirickjz@de.vu,Female,136.83.36.165
721,Wilton,Mapp,wmappk0@lycos.com,Male,11.16.177.149
722,Alexandros,Shiliton,ashilitonk1@amazon.co.uk,Male,8.67.190.21
723,Paxton,Calcraft,pcalcraftk2@meetup.com,Male,243.136.30.87
724,Max,Wyett,mwyettk3@shareasale.com,Female,24.35.96.242
725,Wakefield,Childrens,wchildrensk4@usgs.gov,Male,202.166.152.226
726,Sigismundo,Kirkhouse,skirkhousek5@auda.org.au,Male,59.179.151.53
727,Joan,Vasilchikov,jvasilchikovk6@economist.com,Female,84.2.42.89
728,Kristine,Bowen,kbowenk7@theglobeandmail.com,Female,232.11.161.208
729,Neddy,Birds,nbirdsk8@unc.edu,Male,157.232.38.188
730,Gerry,Le Page,glepagek9@privacy.gov.au,Male,41.69.199.74
731,Terrel,Danilishin,tdanilishinka@joomla.org,Male,208.128.64.215
732,Danna,Heeps,dheepskb@reference.com,Female,224.27.44.1
733,Shurlock,Mutlow,smutlowkc@prnewswire.com,Male,22.154.45.110
734,Lemuel,Badsey,lbadseykd@fema.gov,Male,219.17.207.41
735,Kylen,Delwater,kdelwaterke@foxnews.com,Female,18.220.18.17
736,Bail,Wardell,bwardellkf@rakuten.co.jp,Male,31.87.255.232
737,Stefano,Jeskin,sjeskinkg@google.it,Male,244.89.125.54
738,Dur,Felton,dfeltonkh@cnn.com,Male,181.188.28.119
739,Jackson,Strang,jstrangki@booking.com,Male,1.27.126.60
740,Juline,Cohrs,jcohrskj@paypal.com,Female,253.129.17.69
741,Ezechiel,Gley,egleykk@cyberchimps.com,Male,183.207.155.195
742,Olenka,Gitthouse,ogitthousekl@ucla.edu,Female,114.48.7.183
743,Karyn,Davidge,kdavidgekm@scribd.com,Female,54.11.10.22
744,Corliss,Kingsmill,ckingsmillkn@cpanel.net,Female,50.188.184.13
745,Garik,Verrick,gverrickko@networkadvertising.org,Male,54.163.68.95
746,Janina,Murrey,jmurreykp@g.co,Female,163.214.250.232
747,Jared,Woodard,jwoodardkq@msn.com,Male,42.227.143.75
748,Olly,Henrion,ohenrionkr@unblog.fr,Female,172.45.86.238
749,Brendin,Giddens,bgiddensks@bbb.org,Male,245.172.28.221
750,Pattie,Crosham,pcroshamkt@lulu.com,Male,19.166.124.15
751,Clyde,Fellona,cfellonaku@archive.org,Male,151.68.164.226
752,Tait,Castagnone,tcastagnonekv@yale.edu,Male,26.60.255.243
753,Padriac,Knevit,pknevitkw@wunderground.com,Male,178.157.178.49
754,Noami,Dudden,nduddenkx@linkedin.com,Female,72.79.188.100
755,Aurore,Giacoppoli,agiacoppoliky@squidoo.com,Female,68.196.73.109
756,Vivian,Wynrahame,vwynrahamekz@mtv.com,Female,109.171.176.211
757,Barbaraanne,Lancett,blancettl0@delicious.com,Female,177.94.104.191
758,Byrom,Entwistle,bentwistlel1@uiuc.edu,Male,233.148.206.239
759,Ashil,Malenfant,amalenfantl2@jigsy.com,Female,61.26.181.147
760,Elaina,Easterby,eeasterbyl3@hubpages.com,Female,121.70.130.36
761,Kanya,McDermid,kmcdermidl4@myspace.com,Bigender,109.140.119.197
762,Mose,Callaby,mcallabyl5@comsenz.com,Polygender,181.73.17.15
763,Chris,Wrought,cwroughtl6@furl.net,Male,197.226.178.56
764,Davy,Kuhnt,dkuhntl7@nba.com,Male,246.163.21.27
765,Kathie,Crinion,kcrinionl8@constantcontact.com,Female,130.166.191.213
766,Carmencita,Croisdall,ccroisdalll9@abc.net.au,Female,178.26.36.6
767,Jennine,Trett,jtrettla@flavors.me,Female,58.192.36.141
768,Veronique,Comello,vcomellolb@dedecms.com,Female,55.135.252.128
769,Arlana,Schaffler,aschafflerlc@yandex.ru,Female,150.176.165.123
770,Alfi,Brandreth,abrandrethld@house.gov,Female,10.95.76.31
771,Adda,Neubigging,aneubiggingle@eventbrite.com,Female,101.216.78.113
772,Winthrop,Bergstrand,wbergstrandlf@google.com.br,Male,109.96.175.169
773,Salmon,Bewicke,sbewickelg@parallels.com,Male,144.38.140.43
774,Read,Flisher,rflisherlh@reddit.com,Male,173.70.105.82
775,Obie,Gatman,ogatmanli@sbwire.com,Male,140.216.106.233
776,Margeaux,Serjent,mserjentlj@e-recht24.de,Female,90.197.243.80
777,Jaclyn,Medway,jmedwaylk@salon.com,Female,167.72.108.103
778,Nicky,Obee,nobeell@nasa.gov,Male,210.14.81.227
779,Lyndy,Welling,lwellinglm@marketwatch.com,Female,122.230.34.92
780,Jaquelin,Cheves,jchevesln@last.fm,Female,105.221.54.6
781,Torrance,Glynn,tglynnlo@blinklist.com,Male,49.132.113.207
782,Bev,Pardy,bpardylp@devhub.com,Female,10.252.55.110
783,Dion,Rankcom,drankcomlq@ning.com,Polygender,73.157.161.185
784,Avigdor,Spratley,aspratleylr@yale.edu,Male,207.226.229.107
785,Hadleigh,Brear,hbrearls@prweb.com,Male,141.209.208.120
786,Lauretta,Lethebridge,llethebridgelt@spotify.com,Non-binary,121.79.70.202
787,Wilbert,Crankshaw,wcrankshawlu@bloomberg.com,Male,156.38.108.114
788,Shaun,Plenderleith,splenderleithlv@chronoengine.com,Male,58.12.120.227
789,Galven,Rockwell,grockwelllw@xing.com,Male,234.221.181.152
790,Dot,Bienvenu,dbienvenulx@japanpost.jp,Female,148.112.114.171
791,Nalani,Klass,nklassly@list-manage.com,Female,45.13.74.230
792,Moll,Hall-Gough,mhallgoughlz@cisco.com,Female,240.208.115.98
793,Nataniel,De Mattia,ndemattiam0@buzzfeed.com,Male,237.164.92.134
794,Kimmie,McLurg,kmclurgm1@narod.ru,Female,2.142.255.42
795,Nanette,Howgate,nhowgatem2@netvibes.com,Female,76.6.73.246
796,Asa,Sergeaunt,asergeauntm3@ucoz.ru,Male,194.211.67.6
797,Elna,Hayford,ehayfordm4@apple.com,Female,208.136.196.147
798,Saxon,Shaughnessy,sshaughnessym5@nba.com,Male,79.132.252.30
799,Hamnet,Collumbell,hcollumbellm6@ezinearticles.com,Male,190.58.85.181
800,Pedro,Jorin,pjorinm7@vk.com,Male,83.64.137.180
801,Cosette,Hanrott,chanrottm8@prnewswire.com,Female,226.119.214.168
802,Carver,Tivers,ctiversm9@virginia.edu,Male,72.109.190.111
803,Neel,Barthropp,nbarthroppma@time.com,Male,61.58.8.44
804,Louella,Garrity,lgarritymb@marriott.com,Female,139.178.57.134
805,Lionel,Disbrow,ldisbrowmc@dyndns.org,Polygender,184.188.151.67
806,Jareb,Felgate,jfelgatemd@webs.com,Non-binary,112.76.205.56
807,Rafe,Ferras,rferrasme@imageshack.us,Male,47.238.185.53
808,Adler,Shelp,ashelpmf@arizona.edu,Male,37.100.54.141
809,Thorsten,Truelove,ttruelovemg@hud.gov,Male,117.122.253.27
810,Leonerd,Andersch,landerschmh@delicious.com,Male,178.64.1.118
811,Tiffi,Ubank,tubankmi@alibaba.com,Female,214.171.219.41
812,Ruthie,Shaylor,rshaylormj@jigsy.com,Female,98.6.190.83
813,Chucho,Postlewhite,cpostlewhitemk@jimdo.com,Male,98.244.142.241
814,Leona,Chittleburgh,lchittleburghml@sciencedirect.com,Female,211.94.3.144
815,Wynn,Scadding,wscaddingmm@paypal.com,Male,74.102.249.92
816,Lauryn,Clarke-Williams,lclarkewilliamsmn@hao123.com,Female,28.59.7.76
817,Shoshanna,Roebottom,sroebottommo@liveinternet.ru,Female,51.212.200.99
818,Maisey,Dinwoodie,mdinwoodiemp@harvard.edu,Female,51.55.208.0
819,Barris,Bartleman,bbartlemanmq@blinklist.com,Male,124.5.112.220
820,Thia,Justice,tjusticemr@dot.gov,Female,97.129.203.110
821,Ansell,Milesop,amilesopms@vinaora.com,Male,98.221.127.11
822,Alvinia,Le Claire,aleclairemt@live.com,Female,240.218.50.63
823,Trstram,Andreoletti,tandreolettimu@columbia.edu,Male,176.251.185.217
824,Cyndia,Duchant,cduchantmv@com.com,Female,72.13.144.44
825,Spence,Bullman,sbullmanmw@odnoklassniki.ru,Male,244.74.56.31
826,Archibaldo,Gannicleff,agannicleffmx@weather.com,Male,25.139.229.139
827,Leanora,Tuckley,ltuckleymy@youku.com,Female,156.168.9.210
828,Fredia,Nesbitt,fnesbittmz@arizona.edu,Female,130.172.51.170
829,Catherine,Vahl,cvahln0@ftc.gov,Female,169.179.92.163
830,Berke,Spinke,bspinken1@hexun.com,Male,104.214.48.129
831,Gene,Measey,gmeaseyn2@google.es,Male,8.162.221.32
832,Gilda,Allner,gallnern3@infoseek.co.jp,Bigender,99.98.176.141
833,Roze,Petriello,rpetriellon4@networkadvertising.org,Female,122.98.101.223
834,Fransisco,Sahnow,fsahnown5@ebay.com,Genderqueer,186.78.93.114
835,Nev,Ketchaside,nketchasiden6@webnode.com,Male,227.217.19.117
836,Flint,Bachman,fbachmann7@wisc.edu,Male,93.33.88.73
837,Jeanne,Coghlan,jcoghlann8@noaa.gov,Female,147.155.183.64
838,Noby,Cahan,ncahann9@imageshack.us,Male,209.107.193.14
839,Bernice,Huckfield,bhuckfieldna@netvibes.com,Female,132.179.96.182
840,Kanya,Antonchik,kantonchiknb@webnode.com,Female,44.169.20.215
841,Staford,Crebott,screbottnc@ning.com,Male,162.123.50.88
842,Lemmy,Farraway,lfarrawaynd@indiatimes.com,Male,220.158.109.182
843,Cy,Bottlestone,cbottlestonene@marketwatch.com,Male,139.11.150.148
844,Gussy,Foukx,gfoukxnf@wufoo.com,Female,215.57.247.221
845,Nico,Boarer,nboarerng@umn.edu,Male,254.237.248.249
846,Kayla,Tackett,ktackettnh@mac.com,Agender,211.42.60.130
847,Foss,Bowbrick,fbowbrickni@qq.com,Male,41.235.58.155
848,Tracy,Haugg,thauggnj@domainmarket.com,Male,134.77.255.255
849,Angus,Jolly,ajollynk@cisco.com,Male,85.221.67.220
850,Buddy,Marwick,bmarwicknl@google.fr,Male,138.117.100.217
851,Jared,Blamphin,jblamphinnm@redcross.org,Male,206.165.180.201
852,Wesley,de'-Ancy Willis,wdeancywillisnn@mapy.cz,Male,190.243.177.194
853,Miguel,Christer,mchristerno@globo.com,Male,49.119.82.2
854,Garner,Woolens,gwoolensnp@cnet.com,Male,8.136.66.42
855,Luther,Lipgens,llipgensnq@zimbio.com,Male,185.58.224.132
856,Lay,Engeham,lengehamnr@nih.gov,Male,99.136.251.90
857,Constanta,Dudden,cduddenns@arizona.edu,Female,155.42.220.230
858,Dallis,Barkes,dbarkesnt@qq.com,Male,31.217.48.76
859,Jarret,Jachimiak,jjachimiaknu@timesonline.co.uk,Male,78.142.181.222
860,Darrel,Alderwick,dalderwicknv@mozilla.com,Male,11.122.104.80
861,Haskel,Augustin,haugustinnw@intel.com,Male,18.36.165.178
862,Ellwood,Yvon,eyvonnx@hostgator.com,Male,250.109.195.231
863,Tuck,Domenichelli,tdomenichelliny@taobao.com,Male,164.55.243.87
864,Dodie,Sheirlaw,dsheirlawnz@fema.gov,Genderqueer,204.53.248.215
865,Towny,Deards,tdeardso0@who.int,Male,97.231.11.65
866,Pamella,Whewell,pwhewello1@tinyurl.com,Female,184.35.131.47
867,Mabelle,Ceci,mcecio2@craigslist.org,Female,239.219.189.12
868,Cristine,Syder,csydero3@4shared.com,Female,6.197.1.27
869,Leshia,Edelheid,ledelheido4@wikia.com,Female,134.150.223.109
870,Melba,Marrill,mmarrillo5@sogou.com,Female,19.129.7.143
871,Gilda,Franca,gfrancao6@devhub.com,Female,76.182.253.153
872,Kristy,Guirardin,kguirardino7@plala.or.jp,Female,158.69.137.65
873,Gert,Sporrij,gsporrijo8@mlb.com,Female,110.42.58.142
874,Aveline,Madgwick,amadgwicko9@wikispaces.com,Female,189.152.16.179
875,Cece,MacGovern,cmacgovernoa@wisc.edu,Male,201.38.160.0
876,Vicki,Gerhartz,vgerhartzob@blogs.com,Female,165.170.187.128
877,Brinn,Goncaves,bgoncavesoc@usnews.com,Bigender,213.153.75.249
878,Aurilia,Grishinov,agrishinovod@mozilla.org,Female,171.26.162.188
879,Codie,Winspear,cwinspearoe@ft.com,Female,184.130.244.211
880,Quinlan,Checchi,qchecchiof@cbslocal.com,Male,217.147.141.29
881,Salomo,Capron,scapronog@technorati.com,Male,86.120.208.203
882,Zeke,Glas,zglasoh@wsj.com,Male,21.173.12.155
883,Arie,Janak,ajanakoi@huffingtonpost.com,Male,27.21.195.185
884,Agnola,Botha,abothaoj@weibo.com,Genderfluid,182.108.233.173
885,Perry,Duplain,pduplainok@netscape.com,Bigender,92.61.55.72
886,Arel,Linskey,alinskeyol@jimdo.com,Male,145.83.18.250
887,Blanca,Donnan,bdonnanom@newsvine.com,Female,84.5.76.178
888,Chevy,Belsham,cbelshamon@netvibes.com,Male,104.216.236.111
889,Eb,Flipek,eflipekoo@reference.com,Male,13.205.150.169
890,Mellicent,McKeon,mmckeonop@tmall.com,Female,58.23.78.115
891,Morna,Kerwood,mkerwoodoq@goodreads.com,Female,63.223.121.45
892,Arlyn,Sange,asangeor@upenn.edu,Female,102.2.249.156
893,Goddard,MacMearty,gmacmeartyos@utexas.edu,Male,104.112.86.41
894,Sigvard,Lowater,slowaterot@nymag.com,Male,53.59.136.228
895,Munmro,Kleinschmidt,mkleinschmidtou@drupal.org,Male,235.42.151.95
896,Austina,Kaygill,akaygillov@businesswire.com,Female,85.130.195.85
897,Waylen,Keaveney,wkeaveneyow@spiegel.de,Male,154.41.120.176
898,Agnesse,Sworder,asworderox@eepurl.com,Female,179.147.24.190
899,Talbot,Rizzotto,trizzottooy@netlog.com,Male,224.87.12.197
900,Carline,Caesman,ccaesmanoz@ifeng.com,Female,69.224.51.71
901,Lance,enzley,lenzleyp0@gov.uk,Male,74.246.187.204
902,Ladonna,Lornsen,llornsenp1@state.gov,Female,238.10.71.134
903,Margery,MacRannell,mmacrannellp2@fc2.com,Female,89.112.240.190
904,Vania,Markussen,vmarkussenp3@nature.com,Female,87.68.204.2
905,Winni,Simonelli,wsimonellip4@amazon.co.uk,Female,236.4.115.84
906,Yorgo,Pipe,ypipep5@freewebs.com,Male,179.109.219.120
907,Perle,Arundell,parundellp6@hugedomains.com,Female,237.15.166.57
908,Maible,Cresswell,mcresswellp7@mlb.com,Female,169.31.149.18
909,Correna,Wroe,cwroep8@bluehost.com,Female,211.93.223.12
910,Sheppard,Ketch,sketchp9@independent.co.uk,Male,42.242.96.151
911,Simonne,Voisey,svoiseypa@comsenz.com,Bigender,21.66.247.159
912,Ola,McTerry,omcterrypb@ask.com,Female,159.111.66.35
913,Nick,Thrush,nthrushpc@ucsd.edu,Male,16.124.218.33
914,Flynn,Vodden,fvoddenpd@nationalgeographic.com,Male,181.138.168.50
915,Barrett,Putley,bputleype@github.com,Male,2.241.38.206
916,Benny,Buckland,bbucklandpf@simplemachines.org,Male,213.20.198.115
917,Richie,Perez,rperezpg@163.com,Male,70.2.201.33
918,Stillmann,Setchfield,ssetchfieldph@fema.gov,Male,214.167.115.207
919,Dennie,Lomansey,dlomanseypi@chicagotribune.com,Male,43.185.10.109
920,Ewen,McDonough,emcdonoughpj@epa.gov,Male,176.189.126.1
921,Noni,Morrill,nmorrillpk@latimes.com,Female,249.32.153.247
922,Reece,Winchcombe,rwinchcombepl@vk.com,Male,57.253.51.175
923,Caryl,Gianneschi,cgianneschipm@cdbaby.com,Male,138.199.214.96
924,Danica,Sturmey,dsturmeypn@ebay.com,Female,18.157.158.88
925,Torey,Abela,tabelapo@netvibes.com,Male,42.6.47.52
926,Brenda,Beyn,bbeynpp@fastcompany.com,Female,46.161.173.254
927,Elsy,Medd,emeddpq@forbes.com,Female,201.175.92.141
928,Rodie,Linnemann,rlinnemannpr@parallels.com,Female,41.253.73.242
929,Craggy,Yewen,cyewenps@symantec.com,Male,16.203.83.250
930,Pip,Gallgher,pgallgherpt@cdc.gov,Male,131.4.182.244
931,Bettina,Stroton,bstrotonpu@cyberchimps.com,Female,214.140.14.58
932,Chantalle,Lowdiane,clowdianepv@weibo.com,Female,125.93.238.167
933,Esme,Leake,eleakepw@cbc.ca,Male,57.159.116.220
934,Laina,Collinette,lcollinettepx@dot.gov,Female,121.14.112.25
935,Thornie,Rice,tricepy@surveymonkey.com,Male,239.229.194.52
936,Mill,Kleyn,mkleynpz@cpanel.net,Male,247.239.105.92
937,Jackie,Hynam,jhynamq0@google.com.hk,Female,181.42.37.206
938,Darcy,Sheilds,dsheildsq1@harvard.edu,Female,220.41.218.13
939,Britt,Rickaert,brickaertq2@jimdo.com,Female,48.92.205.75
940,Gabriella,Norres,gnorresq3@storify.com,Female,52.14.113.122
941,Elvera,Berthot,eberthotq4@nyu.edu,Female,84.112.223.88
942,Berna,Cawdron,bcawdronq5@patch.com,Female,239.98.72.43
943,Aila,Kenningham,akenninghamq6@mail.ru,Female,67.246.88.247
944,Ive,Kitchingman,ikitchingmanq7@icq.com,Male,187.131.153.83
945,Randal,Dilon,rdilonq8@webmd.com,Male,107.226.211.176
946,Heall,Dabell,hdabellq9@php.net,Male,159.130.179.90
947,Tamarra,Shorten,tshortenqa@sogou.com,Female,115.128.52.122
948,Cullen,Saltmarshe,csaltmarsheqb@adobe.com,Male,125.230.66.198
949,Jeffry,Brando,jbrandoqc@clickbank.net,Male,71.181.95.54
950,Rosalinda,Axston,raxstonqd@alibaba.com,Female,71.123.61.164
951,Johnna,Okenden,jokendenqe@huffingtonpost.com,Female,236.123.166.187
952,Carroll,Jacquemy,cjacquemyqf@storify.com,Male,243.227.175.179
953,Germayne,Dearl,gdearlqg@pen.io,Male,33.85.64.111
954,Fran,Chifney,fchifneyqh@washington.edu,Male,235.83.31.67
955,Clemmy,Laviss,clavissqi@baidu.com,Bigender,12.96.182.254
956,Judah,Maplethorp,jmaplethorpqj@usa.gov,Non-binary,67.205.76.20
957,Edan,Thomas,ethomasqk@cbc.ca,Male,132.218.94.217
958,Scot,Camelli,scamelliql@pbs.org,Male,36.108.82.31
959,Korie,Pride,kprideqm@seesaa.net,Female,20.44.32.187
960,Ginger,Pepperd,gpepperdqn@google.com.au,Female,190.129.243.206
961,Willy,Mesnard,wmesnardqo@icq.com,Female,105.140.203.102
962,Cara,Chedzoy,cchedzoyqp@time.com,Female,194.229.11.30
963,Hersch,Ferris,hferrisqq@sogou.com,Male,131.159.85.224
964,Heinrik,Gahan,hgahanqr@stumbleupon.com,Male,116.70.47.233
965,Brade,Cooksley,bcooksleyqs@harvard.edu,Male,221.93.88.26
966,Graehme,Foord,gfoordqt@blinklist.com,Male,254.33.136.95
967,Lindon,Feldberger,lfeldbergerqu@dedecms.com,Male,162.177.66.43
968,Flore,Gant,fgantqv@cocolog-nifty.com,Female,84.227.244.42
969,Hadlee,Sleeman,hsleemanqw@thetimes.co.uk,Male,185.103.254.93
970,Hube,Ciccetti,hciccettiqx@narod.ru,Male,219.78.89.73
971,Julita,Morritt,jmorrittqy@simplemachines.org,Genderfluid,158.32.53.173
972,Corrie,Fridd,cfriddqz@php.net,Female,21.246.156.178
973,Anthiathia,Payton,apaytonr0@telegraph.co.uk,Female,73.73.17.44
974,Erasmus,Frizzell,efrizzellr1@aol.com,Male,230.127.145.226
975,Zsazsa,Carrane,zcarraner2@dell.com,Female,63.200.57.63
976,Don,Hayhow,dhayhowr3@altervista.org,Male,62.193.166.179
977,Gwenette,Haly,ghalyr4@princeton.edu,Female,31.129.136.113
978,Dania,Lotte,dlotter5@aboutads.info,Female,38.137.104.218
979,Pearl,Ceci,pcecir6@addthis.com,Female,228.239.248.185
980,Melania,Muscroft,mmuscroftr7@ow.ly,Female,192.227.59.244
981,Derrick,Bartzen,dbartzenr8@feedburner.com,Male,235.193.215.237
982,Elmira,Beine,ebeiner9@nationalgeographic.com,Female,133.115.34.222
983,Cece,Playdon,cplaydonra@techcrunch.com,Male,195.119.58.149
984,Berri,Kitcher,bkitcherrb@netscape.com,Polygender,53.69.50.189
985,Rick,Rucklesse,rrucklesserc@shop-pro.jp,Male,197.68.53.206
986,Shellie,Reace,sreacerd@macromedia.com,Female,11.200.90.96
987,Granthem,Pearson,gpearsonre@taobao.com,Male,224.239.114.250
988,Sandy,Bodd,sboddrf@free.fr,Male,159.51.51.147
989,Piggy,Beynon,pbeynonrg@about.me,Non-binary,142.150.69.253
990,Andre,Loverock,aloverockrh@dagondesign.com,Male,127.179.85.156
991,Freddy,Harrop,fharropri@geocities.jp,Female,71.247.33.185
992,Erhart,McRannell,emcrannellrj@amazon.de,Male,153.133.230.180
993,Merrilee,Petrulis,mpetrulisrk@miibeian.gov.cn,Female,229.62.106.134
994,Roldan,Lambdin,rlambdinrl@indiatimes.com,Male,197.110.181.18
995,Sarah,McRory,smcroryrm@de.vu,Female,202.123.50.47
996,Kareem,Apdell,kapdellrn@samsung.com,Male,113.49.92.154
997,Frazer,Casine,fcasinero@examiner.com,Male,18.39.217.66
998,Camile,Kingcote,ckingcoterp@pbs.org,Female,225.244.169.246
999,Raff,Motion,rmotionrq@squarespace.com,Male,179.19.232.230
1000,Noemi,De Lorenzo,ndelorenzorr@blinklist.com,Female,38.65.80.87
