id,first_name,last_name,email,gender,ip_address
1,Garv,Skyppe,gskyppe0@miitbeian.gov.cn,Male,72.149.182.138
2,Griff,Bianco,gbianco1@privacy.gov.au,Male,29.190.151.40
3,Henrie,Kidder,hkidder2@ibm.com,Female,168.216.242.217
4,Horst,Bollen,hbollen3@archive.org,Male,229.142.78.5
5,Sadye,Ship,sship4@yelp.com,Female,92.18.79.184
6,Hi,Mundow,hmundow5@utexas.edu,Male,166.160.113.8
7,Claiborne,McKirton,cmckirton6@virginia.edu,Male,5.217.217.113
8,Chrystel,Matus,cmatus7@discovery.com,Female,139.100.36.188
9,Blanch,Heggadon,bheggadon8@bloglines.com,Female,250.91.60.188
10,Sarge,Camillo,scamillo9@opensource.org,Male,186.55.91.100
11,Cole,Halm,chalma@who.int,Male,201.37.37.181
12,Derrick,Lind,dlindb@reddit.com,Male,164.183.94.10
13,Giacinta,Orhtmann,gorhtmannc@google.com,Female,230.251.6.214
14,Hope,Flanner,hflannerd@msu.edu,Female,49.93.121.106
15,Winonah,Beecroft,wbeecrofte@ucla.edu,Female,126.40.193.98
16,Idalina,Creegan,icreeganf@liveinternet.ru,Female,13.183.225.60
17,Onfroi,Trethowan,otrethowang@yellowbook.com,Male,96.253.79.94
18,Isadore,De Dei,idedeih@wp.com,Male,217.255.130.203
19,Barnabas,Pulster,bpulsteri@tiny.cc,Male,103.204.51.43
20,De,Twinberrow,dtwinberrowj@microsoft.com,Female,152.53.0.157
21,Archambault,McSporon,amcsporonk@yolasite.com,Male,116.121.205.186
22,Roddie,McCourt,rmccourtl@wufoo.com,Genderqueer,179.156.70.219
23,Patricio,Grenville,pgrenvillem@imdb.com,Male,3.173.150.22
24,Timi,Blankley,tblankleyn@wordpress.com,Female,144.38.124.38
25,Hermy,Frankland,hfranklando@rambler.ru,Male,111.84.62.130
26,Timotheus,Stiell,tstiellp@gnu.org,Male,2.151.26.158
27,Hallsy,Leamy,hleamyq@joomla.org,Male,78.146.178.199
28,Jehanna,Braisher,jbraisherr@jimdo.com,Female,213.137.173.0
29,Margret,Allan,mallans@g.co,Female,24.212.4.99
30,Jeanette,Shutt,jshuttt@amazonaws.com,Female,253.162.132.235
31,Livvy,Palumbo,lpalumbou@rediff.com,Female,250.9.1.171
32,Alie,Don,adonv@artisteer.com,Female,162.118.119.126
33,Leese,Sharpe,lsharpew@buzzfeed.com,Female,202.89.220.206
34,Shari,Ciciari,sciciarix@mysql.com,Female,38.250.166.8
35,Reinald,Richter,rrichtery@dot.gov,Male,179.250.156.117
36,Kasper,Grenshiels,kgrenshielsz@sohu.com,Male,59.45.132.21
37,Geoff,Sammonds,gsammonds10@shutterfly.com,Male,45.17.254.97
38,Waylon,Gilbertson,wgilbertson11@sbwire.com,Male,211.253.88.241
39,Heinrik,Howle,hhowle12@wordpress.com,Male,145.102.172.114
40,Jordain,Brierly,jbrierly13@oaic.gov.au,Female,246.160.195.73
41,Hailey,Gouth,hgouth14@stumbleupon.com,Male,80.244.213.76
42,Ervin,Firebrace,efirebrace15@google.cn,Male,234.195.127.109
43,Reuben,Balden,rbalden16@businessinsider.com,Male,47.5.146.119
44,Kimball,Brompton,kbrompton17@google.es,Male,92.54.34.34
45,Zachary,Knivett,zknivett18@canalblog.com,Male,31.231.173.27
46,Toddy,Essel,tessel19@prlog.org,Male,152.71.227.208
47,Valentina,Canaan,vcanaan1a@xinhuanet.com,Female,203.11.114.152
48,Carmencita,Gorelli,cgorelli1b@surveymonkey.com,Female,226.194.35.201
49,Celisse,Santon,csanton1c@deliciousdays.com,Female,134.81.48.132
50,Sibilla,Squibb,ssquibb1d@prnewswire.com,Female,184.231.36.183
51,Ulberto,Keyho,ukeyho1e@imageshack.us,Male,65.204.156.198
52,Obediah,Terrell,oterrell1f@cbslocal.com,Male,128.11.71.190
53,Tibold,Fayers,tfayers1g@themeforest.net,Male,168.102.176.244
54,Egon,Mundow,emundow1h@house.gov,Male,37.225.49.102
55,Alexandrina,Readman,areadman1i@quantcast.com,Female,206.209.165.237
56,Kimberlyn,Cecchi,kcecchi1j@cyberchimps.com,Female,120.111.45.127
57,Analise,Childe,achilde1k@slashdot.org,Female,95.175.225.151
58,Bogart,Antalffy,bantalffy1l@list-manage.com,Male,152.90.193.189
59,Dalton,Goldwater,dgoldwater1m@123-reg.co.uk,Male,214.81.63.138
60,Jameson,Gilbane,jgilbane1n@bloglovin.com,Male,87.45.176.160
61,Patrica,Brody,pbrody1o@artisteer.com,Female,116.112.123.217
62,Elonore,Leibold,eleibold1p@myspace.com,Female,73.235.238.182
63,Barbaraanne,Kenrat,bkenrat1q@paypal.com,Female,130.215.59.234
64,Cash,McNeish,cmcneish1r@tinyurl.com,Male,106.68.134.142
65,Claus,Hurche,churche1s@free.fr,Agender,231.173.194.2
66,Cthrine,Dunstone,cdunstone1t@delicious.com,Female,222.254.158.206
67,Damara,Deards,ddeards1u@indiegogo.com,Female,6.39.151.173
68,Elvyn,Delort,edelort1v@google.com.au,Male,163.122.23.150
69,Judith,Ambrozik,jambrozik1w@addtoany.com,Female,177.219.37.191
70,Clemente,Shepherd,cshepherd1x@instagram.com,Male,28.199.170.34
71,Tiff,Galer,tgaler1y@mediafire.com,Female,184.195.100.61
72,Tabbatha,Powter,tpowter1z@nydailynews.com,Female,225.95.246.28
73,Orville,Label,olabel20@nih.gov,Male,123.34.229.57
74,Rurik,Wybrow,rwybrow21@pinterest.com,Male,169.116.137.73
75,Doyle,Semken,dsemken22@blinklist.com,Male,194.93.158.105
76,Damien,Josskoviz,djosskoviz23@netvibes.com,Genderfluid,234.16.41.171
77,Nissie,Haig,nhaig24@mozilla.com,Female,139.237.47.84
78,Manny,Pridden,mpridden25@salon.com,Male,89.20.237.208
79,Jannelle,Clemente,jclemente26@domainmarket.com,Female,169.241.209.120
80,Kelcy,Benfield,kbenfield27@vimeo.com,Female,184.127.149.140
81,Selma,Boribal,sboribal28@seattletimes.com,Female,228.151.161.152
82,Hetty,Novill,hnovill29@walmart.com,Female,32.146.210.241
83,Faber,Sinderson,fsinderson2a@ibm.com,Male,71.236.139.240
84,Granger,McCord,gmccord2b@discuz.net,Male,152.96.193.126
85,Iormina,Linney,ilinney2c@fotki.com,Female,180.65.233.232
86,Ernie,Finders,efinders2d@auda.org.au,Male,168.93.104.44
87,Colver,Antonignetti,cantonignetti2e@discuz.net,Male,123.214.207.165
88,Tedra,Valintine,tvalintine2f@npr.org,Female,198.105.112.191
89,Matthieu,Anscott,manscott2g@unicef.org,Male,18.230.38.111
90,Field,Broderick,fbroderick2h@cdbaby.com,Male,210.143.235.82
91,Stevy,Gedney,sgedney2i@phpbb.com,Male,104.21.44.90
92,Lilyan,Novakovic,lnovakovic2j@newsvine.com,Female,183.129.195.234
93,Borden,Scotts,bscotts2k@cargocollective.com,Male,83.106.73.132
94,Kim,Fihelly,kfihelly2l@wix.com,Male,180.154.180.196
95,Nelson,Wickins,nwickins2m@noaa.gov,Genderfluid,23.4.36.195
96,Chan,Adcock,cadcock2n@csmonitor.com,Male,110.2.86.65
97,Kasper,Edgecumbe,kedgecumbe2o@nyu.edu,Male,121.190.32.111
98,Jervis,Kitching,jkitching2p@ibm.com,Male,219.157.185.94
99,Wood,Hunnicot,whunnicot2q@ox.ac.uk,Male,54.180.191.112
100,Jacki,Joder,jjoder2r@vistaprint.com,Female,194.177.44.225
101,Hamil,Pickles,hpickles2s@purevolume.com,Male,197.215.83.41
102,Georgie,Hachette,ghachette2t@jalbum.net,Female,62.220.234.84
103,Grantley,Simanek,gsimanek2u@craigslist.org,Male,163.79.239.114
104,Gage,Seed,gseed2v@state.gov,Male,235.251.61.211
105,Kore,Phelan,kphelan2w@walmart.com,Female,205.96.20.177
106,Madelon,Ridett,mridett2x@yelp.com,Female,163.76.121.63
107,Antoine,Bassano,abassano2y@w3.org,Male,33.144.10.174
108,Emmeline,Musicka,emusicka2z@netscape.com,Female,13.232.75.246
109,Mitchel,Glandfield,mglandfield30@xinhuanet.com,Male,166.245.79.34
110,Beulah,Scalia,bscalia31@usnews.com,Female,7.179.25.253
111,Darn,Pavlovsky,dpavlovsky32@ucla.edu,Male,69.29.166.28
112,Crystie,Eakle,ceakle33@intel.com,Female,80.13.182.27
113,Etheline,Arnaez,earnaez34@google.es,Female,123.145.114.174
114,Basilius,Boniface,bboniface35@ihg.com,Male,249.120.233.83
115,Sawyere,Utley,sutley36@time.com,Polygender,31.22.21.88
116,Elnore,McQuilliam,emcquilliam37@google.com.hk,Female,30.112.89.241
117,Serge,Le Fleming,slefleming38@webeden.co.uk,Male,204.103.233.143
118,Felix,Kleinpeltz,fkleinpeltz39@ask.com,Male,7.227.57.244
119,Tedi,Cottie,tcottie3a@storify.com,Female,120.133.192.142
120,Lory,Hawksley,lhawksley3b@webs.com,Female,34.238.251.127
121,Darlleen,Daud,ddaud3c@paypal.com,Female,187.198.35.69
122,Hernando,Sall,hsall3d@plala.or.jp,Male,178.220.77.157
123,Minna,Drinkhall,mdrinkhall3e@storify.com,Female,220.137.56.134
124,Darline,Bricknall,dbricknall3f@ed.gov,Female,116.123.5.33
125,Pren,Caron,pcaron3g@rambler.ru,Male,43.30.186.51
126,Emmalee,Binion,ebinion3h@lycos.com,Female,128.168.30.234
127,Larine,Raun,lraun3i@1688.com,Female,6.91.190.186
128,Walliw,Clampett,wclampett3j@arstechnica.com,Female,31.85.100.246
129,Dulce,Hungerford,dhungerford3k@berkeley.edu,Female,114.32.43.171
130,Lu,Spadoni,lspadoni3l@boston.com,Female,31.21.247.99
131,George,Maffini,gmaffini3m@cdc.gov,Male,31.150.201.28
132,Dawn,Crowdace,dcrowdace3n@purevolume.com,Female,12.154.243.94
133,Lyle,Broggelli,lbroggelli3o@amazon.co.jp,Male,53.9.215.189
134,Lawrence,Hritzko,lhritzko3p@spiegel.de,Non-binary,198.34.28.18
135,Hughie,Beirne,hbeirne3q@bloomberg.com,Male,50.159.97.8
136,Horatio,Normington,hnormington3r@princeton.edu,Male,173.1.216.103
137,Ellis,Grinston,egrinston3s@springer.com,Male,110.138.74.210
138,Andriette,Paaso,apaaso3t@livejournal.com,Female,10.138.240.97
139,Merry,O'Fairy,mofairy3u@technorati.com,Male,249.178.13.152
140,Lombard,Caughan,lcaughan3v@paginegialle.it,Male,174.157.109.210
141,Lianna,Howle,lhowle3w@businessweek.com,Female,184.94.53.172
142,Hans,Jakubowicz,hjakubowicz3x@linkedin.com,Male,158.29.219.156
143,Latia,Jiruch,ljiruch3y@naver.com,Female,189.224.13.234
144,Gabbey,Pepon,gpepon3z@smh.com.au,Female,29.74.208.205
145,Shepperd,Penhaleurack,spenhaleurack40@seattletimes.com,Genderfluid,118.138.114.123
146,Cesaro,Soule,csoule41@merriam-webster.com,Male,152.133.181.244
147,Jeffie,Grimsdale,jgrimsdale42@sourceforge.net,Male,112.14.220.116
148,Erastus,Pescott,epescott43@miibeian.gov.cn,Male,35.66.116.202
149,Marilee,Buckland,mbuckland44@blogger.com,Female,203.225.246.115
150,Brnaby,Georgius,bgeorgius45@huffingtonpost.com,Male,102.221.171.185
151,Raynor,Tilzey,rtilzey46@nymag.com,Male,150.22.148.11
152,Clovis,Retallack,cretallack47@elegantthemes.com,Agender,202.107.70.244
153,Mariel,MacDowal,mmacdowal48@odnoklassniki.ru,Female,250.19.41.165
154,Margery,Grimley,mgrimley49@4shared.com,Female,81.3.187.158
155,Talyah,Hampton,thampton4a@soundcloud.com,Female,73.118.227.231
156,Burk,Robillard,brobillard4b@ca.gov,Male,140.199.227.253
157,Kane,Johnsee,kjohnsee4c@ibm.com,Male,114.65.213.104
158,Tabbi,Laguerre,tlaguerre4d@independent.co.uk,Agender,148.208.183.124
159,Fredelia,Patey,fpatey4e@tripod.com,Female,28.103.228.12
160,Jaquenette,Murrish,jmurrish4f@bbb.org,Female,252.166.46.144
161,Nathaniel,Terbeck,nterbeck4g@tmall.com,Male,210.214.145.132
162,Ignacio,Featherstone,ifeatherstone4h@accuweather.com,Male,147.211.198.183
163,Stu,Hickford,shickford4i@fotki.com,Male,169.92.223.93
164,Angelika,Greenhill,agreenhill4j@soundcloud.com,Female,144.215.125.41
165,Rozanne,Adrianello,radrianello4k@mac.com,Female,78.168.204.238
166,Karilynn,Strange,kstrange4l@blog.com,Genderfluid,209.148.59.24
167,Eustace,Kleinmintz,ekleinmintz4m@go.com,Male,25.19.53.231
168,Glyn,Gleadhell,ggleadhell4n@icq.com,Male,63.25.191.86
169,Burnaby,Dudgeon,bdudgeon4o@chronoengine.com,Male,45.189.42.35
170,Donn,McCutheon,dmccutheon4p@com.com,Male,43.74.31.195
171,Yanaton,Knoller,yknoller4q@technorati.com,Male,158.207.184.232
172,Odessa,Dibbert,odibbert4r@unicef.org,Female,26.180.148.184
173,Lelah,Dongles,ldongles4s@1688.com,Female,219.175.227.32
174,Anatole,Petras,apetras4t@opensource.org,Male,30.169.225.124
175,Aidan,Crudginton,acrudginton4u@sitemeter.com,Female,228.56.107.20
176,Lethia,Penk,lpenk4v@moonfruit.com,Non-binary,220.219.148.57
177,Tamara,Felderer,tfelderer4w@51.la,Agender,212.19.87.34
178,Shoshanna,Braniff,sbraniff4x@netvibes.com,Female,48.157.33.246
179,Pattin,Papaminas,ppapaminas4y@tamu.edu,Male,191.32.173.92
180,Olympe,Bigly,obigly4z@japanpost.jp,Female,224.127.195.213
181,Ram,Slot,rslot50@census.gov,Male,121.125.70.11
182,Tobe,Echelle,techelle51@altervista.org,Female,181.61.184.46
183,Davey,Barhems,dbarhems52@elpais.com,Male,152.171.119.94
184,Aldis,Botler,abotler53@gizmodo.com,Male,251.127.178.162
185,Christophorus,Johananov,cjohananov54@miibeian.gov.cn,Male,253.154.215.9
186,Mommy,Bowcock,mbowcock55@godaddy.com,Female,253.229.1.255
187,Joycelin,Workman,jworkman56@ftc.gov,Female,250.126.109.61
188,Sallee,Shevelin,sshevelin57@home.pl,Female,237.85.115.208
189,Juliet,Fludder,jfludder58@chronoengine.com,Female,66.106.223.139
190,Shana,Daynter,sdaynter59@sourceforge.net,Genderqueer,42.23.11.205
191,Herold,Yerlett,hyerlett5a@washingtonpost.com,Male,74.118.250.150
192,Sonia,Antonchik,santonchik5b@domainmarket.com,Bigender,72.84.221.192
193,Rafaelita,Brasier,rbrasier5c@shutterfly.com,Female,68.35.28.72
194,Georgi,Barby,gbarby5d@canalblog.com,Male,33.135.130.203
195,Millard,McCrow,mmccrow5e@ca.gov,Male,39.122.132.121
196,Berkie,Valerius,bvalerius5f@cargocollective.com,Male,38.15.192.146
197,Hayward,Haack,hhaack5g@zdnet.com,Male,214.200.198.113
198,Tamarra,Pecha,tpecha5h@zdnet.com,Female,48.131.81.115
199,Leonerd,Duckels,lduckels5i@biblegateway.com,Male,6.41.185.70
200,Winny,Thrussell,wthrussell5j@house.gov,Bigender,209.139.35.76
201,Efren,Washington,ewashington5k@nps.gov,Male,117.166.247.77
202,Uriel,Blague,ublague5l@paginegialle.it,Male,91.170.201.95
203,Baxy,Kilgallen,bkilgallen5m@walmart.com,Male,188.45.166.182
204,Desirae,Anderer,danderer5n@pcworld.com,Female,149.7.97.190
205,Neill,Atton,natton5o@hc360.com,Male,52.181.36.196
206,Alberik,Beaty,abeaty5p@cisco.com,Male,47.205.38.39
207,Pierce,Felix,pfelix5q@accuweather.com,Male,253.161.86.202
208,Catina,Suffe,csuffe5r@ftc.gov,Female,84.1.156.54
209,Tally,Speachley,tspeachley5s@fotki.com,Female,105.57.18.82
210,Osbourne,Southway,osouthway5t@reference.com,Male,78.124.88.71
211,Olivia,Gagg,ogagg5u@symantec.com,Agender,8.116.74.6
212,Jorgan,Brokenshaw,jbrokenshaw5v@photobucket.com,Male,202.218.135.68
213,Rhodia,Loughman,rloughman5w@dagondesign.com,Genderfluid,17.60.223.98
214,Colene,Matzl,cmatzl5x@acquirethisname.com,Female,47.221.1.188
215,Chester,McCluney,cmccluney5y@imageshack.us,Male,39.49.133.93
216,Falkner,Bliven,fbliven5z@theglobeandmail.com,Male,79.160.68.103
217,Jabez,Ling,jling60@disqus.com,Male,15.215.171.93
218,Mallory,Bromehed,mbromehed61@jigsy.com,Male,8.151.111.145
219,Noell,Hastler,nhastler62@liveinternet.ru,Female,45.138.141.241
220,Lexine,Brome,lbrome63@prnewswire.com,Female,216.171.139.149
221,Corliss,Skyrm,cskyrm64@typepad.com,Female,1.21.24.67
222,Russell,Simonou,rsimonou65@princeton.edu,Genderqueer,1.15.255.46
223,Shandee,Eastcott,seastcott66@indiatimes.com,Female,49.11.79.242
224,Elinore,Tincombe,etincombe67@about.me,Female,190.4.179.224
225,Phil,Syme,psyme68@house.gov,Male,171.218.34.141
226,Thalia,Sciusscietto,tsciusscietto69@smh.com.au,Female,17.251.58.4
227,Enriqueta,Westmore,ewestmore6a@networksolutions.com,Genderqueer,219.172.2.169
228,Vaughan,Dowdall,vdowdall6b@mapquest.com,Agender,23.218.56.193
229,Arabelle,Langley,alangley6c@creativecommons.org,Bigender,241.7.50.16
230,Herb,Shire,hshire6d@auda.org.au,Male,204.116.174.106
231,Reeta,Gallaway,rgallaway6e@sfgate.com,Female,57.244.64.39
232,Torry,Searight,tsearight6f@digg.com,Male,153.62.218.45
233,Nathan,Wing,nwing6g@devhub.com,Male,72.244.63.158
234,Cully,Newlyn,cnewlyn6h@so-net.ne.jp,Male,65.117.180.78
235,Zack,Lazarus,zlazarus6i@seattletimes.com,Male,239.100.9.182
236,Angel,Renney,arenney6j@admin.ch,Female,10.49.4.94
237,Ag,Nobes,anobes6k@cnet.com,Female,168.111.76.103
238,Aggy,Cregan,acregan6l@princeton.edu,Female,174.20.226.250
239,Trace,Oldroyd,toldroyd6m@51.la,Male,10.231.111.100
240,Amalea,Getley,agetley6n@pagesperso-orange.fr,Female,222.185.150.218
241,Armand,Lewerenz,alewerenz6o@theguardian.com,Male,171.12.116.146
242,Alexandro,Paprotny,apaprotny6p@archive.org,Non-binary,172.91.96.197
243,Marj,Bockin,mbockin6q@scientificamerican.com,Female,84.23.89.146
244,Shawn,Nardrup,snardrup6r@mtv.com,Female,96.7.51.179
245,Freemon,Feldman,ffeldman6s@google.de,Male,227.223.82.130
246,Alexis,Hamelyn,ahamelyn6t@imageshack.us,Male,103.155.30.181
247,Ammamaria,Tollady,atollady6u@pbs.org,Female,107.155.225.142
248,Bronson,Bain,bbain6v@purevolume.com,Male,80.122.49.241
249,Elvera,Yuill,eyuill6w@xinhuanet.com,Female,93.102.187.63
250,Paulita,Dunrige,pdunrige6x@utexas.edu,Polygender,204.149.48.181
251,Jeannette,Brewers,jbrewers6y@altervista.org,Female,33.196.0.249
252,Nels,Checcucci,ncheccucci6z@sfgate.com,Male,23.132.87.190
253,Ardelis,Horche,ahorche70@dagondesign.com,Female,126.74.207.222
254,Gordan,Kirkam,gkirkam71@de.vu,Male,144.108.69.139
255,Nefen,Pressland,npressland72@timesonline.co.uk,Male,199.113.232.220
256,Aubrey,Chinn,achinn73@ox.ac.uk,Female,52.224.199.145
257,Selinda,Waddington,swaddington74@ihg.com,Female,214.182.80.194
258,Bertram,Guare,bguare75@youku.com,Male,47.254.213.119
259,Brietta,Cutchie,bcutchie76@squarespace.com,Female,218.119.42.30
260,Ana,Brayn,abrayn77@fotki.com,Female,20.88.119.207
261,Eachelle,Elgar,eelgar78@msn.com,Female,22.195.106.126
262,Cristi,Renac,crenac79@dell.com,Female,151.119.59.222
263,Grannie,Klosges,gklosges7a@columbia.edu,Male,56.126.149.93
264,Merrill,Pohl,mpohl7b@t-online.de,Male,0.152.176.50
265,Wallas,Killich,wkillich7c@google.com.au,Male,24.167.196.112
266,Radcliffe,Redmayne,rredmayne7d@businessweek.com,Male,209.144.173.40
267,Farrah,Bonsey,fbonsey7e@bloglines.com,Female,245.2.153.165
268,Candice,Toun,ctoun7f@csmonitor.com,Female,107.36.17.38
269,Aubrie,Dunbobin,adunbobin7g@xinhuanet.com,Genderqueer,122.64.235.238
270,Hubey,Gutch,hgutch7h@webnode.com,Male,161.114.183.58
271,Ursula,Board,uboard7i@fc2.com,Female,53.166.198.98
272,Dacy,Goscar,dgoscar7j@dion.ne.jp,Female,205.83.70.30
273,Sibylle,Lydon,slydon7k@washington.edu,Female,54.250.27.2
274,Hollis,Malimoe,hmalimoe7l@cocolog-nifty.com,Male,234.64.144.230
275,Arnuad,McCumskay,amccumskay7m@tripod.com,Male,242.38.213.222
276,Ernesta,Bachelar,ebachelar7n@cornell.edu,Female,170.64.90.143
277,Quinn,Dowding,qdowding7o@bandcamp.com,Agender,134.78.122.136
278,Jaquelyn,Savatier,jsavatier7p@sfgate.com,Polygender,254.170.99.104
279,Colleen,Kiessel,ckiessel7q@tripadvisor.com,Genderqueer,176.253.138.7
280,Der,Vauls,dvauls7r@privacy.gov.au,Male,125.4.227.200
281,Porty,Traske,ptraske7s@usda.gov,Male,246.24.153.207
282,Amalie,Skilling,askilling7t@wunderground.com,Female,227.242.153.54
283,Roberto,Semarke,rsemarke7u@jigsy.com,Male,34.45.57.126
284,Dore,Windram,dwindram7v@microsoft.com,Female,35.155.76.233
285,Rachel,Norman,rnorman7w@twitter.com,Female,101.213.61.133
286,Quent,Clitherow,qclitherow7x@pagesperso-orange.fr,Male,238.92.144.170
287,Reinold,Burner,rburner7y@yahoo.com,Male,120.56.45.95
288,Lurleen,Hay,lhay7z@bbb.org,Female,227.124.197.246
289,Michaelina,Lesor,mlesor80@nasa.gov,Female,35.210.147.253
290,Killy,Housbey,khousbey81@amazon.co.uk,Male,155.43.36.118
291,Dell,Jerg,djerg82@eepurl.com,Female,123.200.149.188
292,Karl,Guerreru,kguerreru83@friendfeed.com,Male,87.69.118.116
293,Katherina,Loadman,kloadman84@cdbaby.com,Female,214.194.18.81
294,Pippa,Petrozzi,ppetrozzi85@360.cn,Female,254.201.65.55
295,Eleni,Torra,etorra86@ibm.com,Female,9.205.98.147
296,Charmian,McDougle,cmcdougle87@craigslist.org,Female,129.195.3.81
297,Auguste,Moretto,amoretto88@earthlink.net,Female,169.174.76.246
298,Skelly,Popplewell,spopplewell89@guardian.co.uk,Male,31.107.41.153
299,Loralie,Yeldon,lyeldon8a@nasa.gov,Female,135.54.155.183
300,Dasya,Berthel,dberthel8b@bing.com,Female,160.118.96.29
301,Georgiana,Stancer,gstancer8c@blinklist.com,Female,76.230.121.196
302,Louella,Guerry,lguerry8d@yahoo.com,Female,30.129.123.72
303,Ulysses,Featonby,ufeatonby8e@trellian.com,Male,213.31.85.252
304,Peterus,McCoughan,pmccoughan8f@nytimes.com,Male,115.188.95.67
305,Melita,Dunley,mdunley8g@soup.io,Female,154.23.64.177
306,Jayne,Troubridge,jtroubridge8h@1und1.de,Female,203.254.217.104
307,Bondon,Body,bbody8i@ebay.com,Genderfluid,16.69.110.120
308,Nevil,McCawley,nmccawley8j@barnesandnoble.com,Male,243.1.239.114
309,Gale,Raden,graden8k@discovery.com,Male,64.203.203.46
310,Llewellyn,Blything,lblything8l@google.com,Male,105.3.165.50
311,Erhart,Dormer,edormer8m@eventbrite.com,Male,93.186.244.211
312,Karilynn,Whittuck,kwhittuck8n@alexa.com,Female,24.204.161.113
313,Cherye,Kissell,ckissell8o@rediff.com,Female,243.91.101.142
314,Blondell,Chitson,bchitson8p@taobao.com,Female,9.163.254.136
315,Graig,Jessep,gjessep8q@free.fr,Male,131.13.93.162
316,Vevay,Frantsev,vfrantsev8r@toplist.cz,Female,163.121.76.250
317,Roldan,Tranfield,rtranfield8s@cpanel.net,Male,136.2.44.240
318,Tommy,Blakiston,tblakiston8t@bbb.org,Male,75.247.184.96
319,Alvy,Cotmore,acotmore8u@hibu.com,Male,216.12.9.248
320,Shena,Allaker,sallaker8v@cornell.edu,Female,73.195.151.241
321,Ruttger,Mournian,rmournian8w@twitpic.com,Male,101.222.244.225
322,Alli,Malcolm,amalcolm8x@goo.ne.jp,Female,123.54.3.122
323,Bren,Mazzei,bmazzei8y@wiley.com,Female,3.2.50.172
324,Davon,Heighton,dheighton8z@msn.com,Male,26.2.66.207
325,Merle,Christmas,mchristmas90@time.com,Male,178.84.139.47
326,Uriah,Trevett,utrevett91@quantcast.com,Male,161.37.218.87
327,Brit,Aiken,baiken92@mapy.cz,Male,91.56.32.65
328,Julian,Moughton,jmoughton93@twitpic.com,Male,84.251.219.86
329,Leroy,Bounds,lbounds94@jimdo.com,Male,112.252.34.143
330,Angy,Winscom,awinscom95@homestead.com,Female,82.143.56.173
331,Jenelle,Stalman,jstalman96@cdc.gov,Female,26.63.63.18
332,Von,Wilks,vwilks97@mashable.com,Agender,134.219.103.3
333,Timi,Powelee,tpowelee98@bizjournals.com,Female,206.125.221.102
334,Laney,Traite,ltraite99@smugmug.com,Male,10.46.213.12
335,Alden,Farquar,afarquar9a@e-recht24.de,Male,35.39.98.205
336,Lenard,Kopfer,lkopfer9b@google.com,Male,57.139.49.182
337,Stormy,Frew,sfrew9c@discuz.net,Female,194.4.19.211
338,Cassie,Burnett,cburnett9d@rediff.com,Male,114.51.245.3
339,Staffard,McFarland,smcfarland9e@indiatimes.com,Male,243.138.42.100
340,La verne,Newborn,lnewborn9f@opera.com,Female,244.159.106.110
341,Karyn,Biss,kbiss9g@fema.gov,Female,90.150.209.209
342,Brenn,Ovell,bovell9h@zimbio.com,Female,28.227.79.36
343,Crissy,Padilla,cpadilla9i@nytimes.com,Polygender,242.99.81.164
344,Anthia,Berkelay,aberkelay9j@vimeo.com,Non-binary,164.112.25.231
345,Darin,Piller,dpiller9k@berkeley.edu,Male,202.71.180.78
346,Erminia,Brassill,ebrassill9l@bandcamp.com,Female,115.20.210.144
347,Alberik,Birtle,abirtle9m@abc.net.au,Male,106.135.176.234
348,Levi,Fairtlough,lfairtlough9n@posterous.com,Male,1.2.232.119
349,Fan,Sutterby,fsutterby9o@surveymonkey.com,Female,113.82.212.22
350,Lorrayne,Heggadon,lheggadon9p@umich.edu,Female,159.17.217.173
351,Aline,Arbon,aarbon9q@vimeo.com,Female,13.44.74.47
352,Winni,Pauletto,wpauletto9r@cisco.com,Female,197.39.27.210
353,Jolyn,Jillard,jjillard9s@cpanel.net,Female,44.29.146.202
354,Cammie,Poytheras,cpoytheras9t@ow.ly,Female,42.204.18.207
355,Edna,Faley,efaley9u@independent.co.uk,Female,99.127.207.5
356,Kaye,Mouget,kmouget9v@admin.ch,Female,21.14.59.83
357,Vanessa,Huchot,vhuchot9w@merriam-webster.com,Female,217.115.158.193
358,Gawen,Tatchell,gtatchell9x@nps.gov,Male,250.197.56.93
359,Tracee,Yeo,tyeo9y@angelfire.com,Female,119.25.166.43
360,Chickie,Medland,cmedland9z@arizona.edu,Male,70.188.72.236
361,Moshe,Roylance,mroylancea0@google.nl,Male,1.224.198.47
362,Giraldo,Crosher,gcroshera1@1688.com,Male,52.217.183.14
363,Asa,Belcham,abelchama2@mozilla.org,Male,220.48.113.32
364,Cherida,Pelling,cpellinga3@state.tx.us,Female,165.53.172.211
365,Corby,Jorg,cjorga4@goodreads.com,Male,63.187.215.157
366,Lara,Haswell,lhaswella5@deliciousdays.com,Female,117.214.214.170
367,Angil,Osmant,aosmanta6@github.com,Female,96.147.244.26
368,Roth,Titmuss,rtitmussa7@cbslocal.com,Male,14.219.159.80
369,Huntington,Ledwitch,hledwitcha8@theglobeandmail.com,Male,85.124.175.170
370,Talbot,Skittle,tskittlea9@mtv.com,Male,191.231.60.41
371,Malory,Govan,mgovanaa@github.io,Female,26.199.253.7
372,Merle,Chessor,mchessorab@pcworld.com,Agender,49.178.83.85
373,Claresta,Healey,chealeyac@cam.ac.uk,Female,105.149.252.183
374,Kylie,Bakhrushkin,kbakhrushkinad@aol.com,Male,247.175.58.201
375,Ariel,Lieber,alieberae@taobao.com,Male,49.44.59.131
376,Douglas,Glidden,dgliddenaf@fastcompany.com,Male,136.8.253.228
377,Osmund,Shotboulte,oshotboulteag@admin.ch,Male,9.205.112.122
378,Robena,Chess,rchessah@reverbnation.com,Female,183.4.154.63
379,Lorin,Rapaport,lrapaportai@cdbaby.com,Male,176.234.252.36
380,Cordelie,Dudson,cdudsonaj@discuz.net,Female,205.49.161.166
381,Simmonds,Cheales,schealesak@multiply.com,Genderfluid,171.34.117.74
382,Eugenius,Vankin,evankinal@seattletimes.com,Male,161.175.241.214
383,Briny,Landeg,blandegam@economist.com,Female,93.69.11.196
384,Mart,Purves,mpurvesan@merriam-webster.com,Male,182.108.181.78
385,Anna-diane,De Francesco,adefrancescoao@nationalgeographic.com,Female,242.120.54.7
386,Carine,Legrand,clegrandap@jalbum.net,Female,153.157.101.73
387,Serene,Gallen,sgallenaq@cnn.com,Female,91.201.12.246
388,Inger,Faircloth,ifairclothar@bloglovin.com,Female,42.0.225.70
389,Issi,Summerrell,isummerrellas@narod.ru,Female,114.76.204.222
390,Bordie,McGaugan,bmcgauganat@cloudflare.com,Male,214.168.197.227
391,Germain,Towl,gtowlau@reference.com,Female,234.60.223.153
392,Dedie,McCawley,dmccawleyav@printfriendly.com,Female,94.226.108.20
393,Dredi,McGuff,dmcguffaw@google.cn,Female,88.158.192.88
394,Minda,Pauwel,mpauwelax@engadget.com,Female,178.155.84.49
395,Leann,Seamark,lseamarkay@slideshare.net,Female,172.193.114.75
396,Ofilia,Rakes,orakesaz@1688.com,Female,243.83.98.158
397,Clevey,Limpricht,climprichtb0@list-manage.com,Male,180.36.93.141
398,Myrlene,Bilbrook,mbilbrookb1@si.edu,Female,188.68.139.97
399,Vivie,Hacaud,vhacaudb2@youtu.be,Female,87.98.147.253
400,Dominic,Shann,dshannb3@youtu.be,Male,26.47.131.11
401,Collen,Bruhnicke,cbruhnickeb4@cbc.ca,Female,1.179.48.235
402,Alexa,Leisk,aleiskb5@hp.com,Female,189.140.167.126
403,Woodrow,Reymers,wreymersb6@marketwatch.com,Polygender,108.37.112.32
404,Elka,Clutheram,eclutheramb7@ovh.net,Female,0.255.112.249
405,Glyn,Bodycomb,gbodycombb8@sphinn.com,Male,174.225.6.35
406,Harp,Atyeo,hatyeob9@nps.gov,Male,124.59.33.63
407,Adolphe,Conniam,aconniamba@psu.edu,Male,159.10.73.208
408,Klarrisa,Dawdry,kdawdrybb@webmd.com,Female,170.10.69.75
409,Jodie,Patten,jpattenbc@cocolog-nifty.com,Female,62.0.6.132
410,Kelcie,Storrs,kstorrsbd@intel.com,Female,211.22.44.193
411,Tabbi,Prestie,tprestiebe@java.com,Female,152.214.108.94
412,Brittne,Le Frank,blefrankbf@mtv.com,Female,227.112.201.117
413,Silvester,Magrannell,smagrannellbg@va.gov,Male,22.112.161.235
414,Katie,Schirak,kschirakbh@scribd.com,Female,153.2.97.250
415,Binky,Rudsdell,brudsdellbi@sun.com,Male,77.142.207.99
416,Yuri,Shekle,ysheklebj@cam.ac.uk,Male,201.188.78.221
417,Tracy,Tolfrey,ttolfreybk@shareasale.com,Female,68.57.20.107
418,Waly,Ollerhead,wollerheadbl@instagram.com,Female,175.26.39.111
419,Berthe,Giacubo,bgiacubobm@g.co,Polygender,236.209.15.103
420,Gwendolyn,Ingerman,gingermanbn@mayoclinic.com,Female,59.151.244.135
421,Vitia,Guyer,vguyerbo@psu.edu,Female,239.36.100.4
422,Mart,Anstice,mansticebp@networksolutions.com,Male,109.169.138.61
423,Eimile,Skews,eskewsbq@smh.com.au,Female,51.19.21.105
424,Artair,Dunbobbin,adunbobbinbr@acquirethisname.com,Male,0.247.180.55
425,Willette,Antognoni,wantognonibs@gov.uk,Female,101.159.133.94
426,Arturo,Hammarberg,ahammarbergbt@webnode.com,Male,34.151.67.210
427,Yevette,Arderne,yardernebu@over-blog.com,Female,105.165.226.201
428,Darlene,Teague,dteaguebv@miibeian.gov.cn,Female,178.140.221.92
429,Humfrey,Causley,hcausleybw@google.fr,Male,53.110.20.67
430,Lynette,Arthurs,larthursbx@spotify.com,Female,35.43.14.59
431,Anabel,Elliker,aellikerby@wordpress.com,Female,110.4.66.125
432,Hestia,Filipponi,hfilipponibz@discuz.net,Female,132.242.34.142
433,Tye,Blakeney,tblakeneyc0@mayoclinic.com,Male,229.159.84.217
434,Homere,Weedenburg,hweedenburgc1@mtv.com,Male,126.218.172.79
435,Sunny,Challen,schallenc2@army.mil,Male,195.117.155.0
436,Laural,Earley,learleyc3@mashable.com,Female,22.130.245.154
437,Nikolia,Wrotham,nwrothamc4@exblog.jp,Female,110.79.62.237
438,Costa,Belison,cbelisonc5@mozilla.com,Male,86.134.86.45
439,Roselia,Lucey,rluceyc6@instagram.com,Female,181.83.242.7
440,Frieda,Petroff,fpetroffc7@netlog.com,Female,148.132.49.89
441,Angelo,Karet,akaretc8@redcross.org,Male,102.0.68.4
442,Tessi,De la Feld,tdelafeldc9@google.co.uk,Female,40.52.143.46
443,Leonie,Iacobacci,liacobaccica@ezinearticles.com,Female,10.100.22.111
444,Roxie,Olivella,rolivellacb@baidu.com,Female,221.159.194.28
445,Bettye,Khosa,bkhosacc@ocn.ne.jp,Female,243.237.134.27
446,Garner,Ivatts,givattscd@samsung.com,Male,40.122.102.20
447,Lonna,Bygrave,lbygravece@latimes.com,Female,144.242.216.86
448,Antons,Kibby,akibbycf@usatoday.com,Male,165.194.194.254
449,Rochester,Gadesby,rgadesbycg@delicious.com,Male,127.113.6.206
450,Jaquelyn,Joppich,jjoppichch@yellowpages.com,Bigender,25.230.208.28
451,Arleyne,Nicol,anicolci@deliciousdays.com,Non-binary,255.188.20.232
452,Rolfe,Treece,rtreececj@ibm.com,Male,203.74.236.185
453,Welbie,Sancias,wsanciasck@google.co.jp,Male,72.103.243.158
454,Trixi,Dunkerly,tdunkerlycl@cmu.edu,Female,198.80.81.121
455,Maurizio,Kemston,mkemstoncm@ca.gov,Male,59.156.62.94
456,Brad,Turn,bturncn@reference.com,Male,154.201.55.241
457,Titos,Toffolo,ttoffoloco@unc.edu,Male,45.146.240.62
458,Baxy,Petranek,bpetranekcp@dot.gov,Male,8.192.10.155
459,Saw,Hyder,shydercq@drupal.org,Male,203.235.188.214
460,Cecilla,Andriulis,candriuliscr@answers.com,Female,246.216.176.79
461,Corby,Backsal,cbacksalcs@hostgator.com,Male,140.212.194.38
462,Lurleen,Baroch,lbarochct@amazon.de,Female,144.16.197.97
463,Wandis,Backwell,wbackwellcu@unc.edu,Female,35.108.181.56
464,Maddalena,Gulberg,mgulbergcv@behance.net,Female,43.88.39.89
465,Godfree,Folbigg,gfolbiggcw@msn.com,Male,163.59.71.166
466,Mona,Risso,mrissocx@google.co.jp,Female,155.73.57.92
467,Letty,Leahy,lleahycy@dedecms.com,Female,15.11.148.98
468,Ellwood,Sprake,esprakecz@smugmug.com,Male,131.94.231.14
469,Justen,Smitton,jsmittond0@feedburner.com,Male,100.230.42.89
470,Kimbell,Ching,kchingd1@discovery.com,Male,6.3.82.20
471,Estele,Manns,emannsd2@washingtonpost.com,Genderfluid,224.106.190.99
472,Trever,Tizard,ttizardd3@illinois.edu,Male,43.112.245.72
473,Odie,Barcke,obarcked4@privacy.gov.au,Male,26.224.205.113
474,Demetris,Tevelov,dtevelovd5@engadget.com,Genderqueer,124.65.78.79
475,Mason,Petkovic,mpetkovicd6@rediff.com,Male,98.223.69.87
476,Matthew,Fattorini,mfattorinid7@networkadvertising.org,Male,26.232.128.67
477,Livia,Groundwator,lgroundwatord8@tuttocitta.it,Female,4.108.183.13
478,Hillyer,Lovel,hloveld9@soup.io,Male,103.243.15.249
479,Mavra,Geldard,mgeldardda@about.me,Female,163.56.154.27
480,Mitzi,Aronov,maronovdb@ed.gov,Female,99.35.60.191
481,Joellyn,Peinke,jpeinkedc@123-reg.co.uk,Female,2.250.231.133
482,Vanya,Rabbe,vrabbedd@telegraph.co.uk,Male,5.148.233.186
483,Ariel,Toxell,atoxellde@bravesites.com,Female,12.147.211.181
484,Marni,Mennithorp,mmennithorpdf@deviantart.com,Female,230.97.79.119
485,Brandise,Rennie,brenniedg@mit.edu,Female,103.253.204.178
486,Chantalle,Gimbrett,cgimbrettdh@foxnews.com,Female,5.236.183.83
487,Garald,Fountaine,gfountainedi@hc360.com,Male,19.147.181.225
488,Shelton,Stares,sstaresdj@tumblr.com,Male,116.112.186.201
489,Zarah,Fischer,zfischerdk@sfgate.com,Female,207.151.228.65
490,Anette,Disbrey,adisbreydl@va.gov,Female,130.243.115.68
491,Emmott,Gallehawk,egallehawkdm@netlog.com,Male,4.61.142.73
492,Luz,Eard,learddn@live.com,Female,249.53.55.241
493,Viola,Mulleary,vmullearydo@weibo.com,Female,138.242.21.226
494,Ludovika,Itzcovichch,litzcovichchdp@irs.gov,Bigender,111.83.153.242
495,Jermayne,Attenbarrow,jattenbarrowdq@boston.com,Male,244.193.105.155
496,Adolphe,Le Houx,alehouxdr@mlb.com,Polygender,172.70.73.111
497,Cheryl,Addinall,caddinallds@qq.com,Female,6.131.73.173
498,Lynnette,Pilipyak,lpilipyakdt@technorati.com,Female,10.62.102.37
499,Sonny,Coller,scollerdu@upenn.edu,Male,245.140.165.199
500,Misty,Lillico,mlillicodv@deviantart.com,Female,33.22.104.66
501,Iggy,Blundell,iblundelldw@indiatimes.com,Male,200.55.239.198
502,Lorilee,Whitemarsh,lwhitemarshdx@stumbleupon.com,Female,177.29.150.56
503,Scarface,Brimmacombe,sbrimmacombedy@unesco.org,Male,16.85.212.101
504,Rosaleen,Hext,rhextdz@time.com,Female,182.167.86.87
505,Sal,Cherrington,scherringtone0@joomla.org,Male,238.196.41.39
506,Wini,Conradie,wconradiee1@state.tx.us,Female,180.221.146.159
507,Gordy,Antonio,gantonioe2@arstechnica.com,Male,156.78.1.129
508,Fern,Kopta,fkoptae3@hexun.com,Genderqueer,195.98.134.7
509,Natalina,Filipiak,nfilipiake4@who.int,Female,92.186.251.74
510,Patin,Danev,pdaneve5@xinhuanet.com,Bigender,57.43.125.19
511,Zaccaria,Sirmond,zsirmonde6@home.pl,Male,146.130.137.210
512,Christiana,Fabry,cfabrye7@moonfruit.com,Female,175.56.18.182
513,Emmye,Housen,ehousene8@amazon.com,Female,155.105.51.199
514,Kaylee,Aimer,kaimere9@lycos.com,Female,137.107.190.237
515,Desirae,Perrin,dperrinea@bandcamp.com,Female,48.136.66.47
516,Cortney,Nund,cnundeb@europa.eu,Polygender,237.173.3.11
517,Demetre,Neachell,dneachellec@intel.com,Male,122.105.181.4
518,Darb,Aartsen,daartsened@friendfeed.com,Female,145.159.245.16
519,Delmer,Reyner,dreyneree@aol.com,Male,144.3.188.169
520,Janela,Bris,jbrisef@youtu.be,Female,141.61.140.197
521,Aksel,Nickolls,anickollseg@photobucket.com,Male,173.166.41.230
522,Lonny,Prys,lpryseh@dell.com,Genderqueer,48.70.168.226
523,Nataniel,Mollison,nmollisonei@pbs.org,Male,23.150.39.51
524,Blithe,Bohling,bbohlingej@flavors.me,Female,222.3.13.2
525,Kelbee,Stickles,ksticklesek@jiathis.com,Male,11.173.173.86
526,Evonne,Cockton,ecocktonel@umn.edu,Female,121.188.232.95
527,Carlynne,Ballendine,cballendineem@sogou.com,Female,19.145.60.119
528,Carmen,Bielfeld,cbielfelden@trellian.com,Female,164.24.203.111
529,Pryce,Segot,psegoteo@51.la,Genderqueer,248.20.162.49
530,Byrann,Billyeald,bbillyealdep@nydailynews.com,Male,85.110.181.100
531,Darrell,Wilds,dwildseq@princeton.edu,Male,37.160.114.25
532,Meara,Gillibrand,mgillibrander@cloudflare.com,Female,187.31.133.191
533,Melisent,Thorrold,mthorroldes@ameblo.jp,Female,69.217.61.161
534,Tressa,Baly,tbalyet@meetup.com,Female,9.11.104.153
535,Alleyn,Aggus,aagguseu@histats.com,Male,218.64.27.190
536,Rosie,Arnott,rarnottev@google.de,Female,76.147.46.37
537,Kat,Birtwell,kbirtwellew@apple.com,Polygender,44.61.7.166
538,Stephan,Fredi,sfrediex@bloglines.com,Male,108.190.109.24
539,Kaitlynn,Common,kcommoney@over-blog.com,Female,65.51.188.228
540,Chrotoem,Brearty,cbreartyez@buzzfeed.com,Male,53.179.145.209
541,Flss,Srutton,fsruttonf0@netscape.com,Female,35.14.207.108
542,Clifford,Hulkes,chulkesf1@statcounter.com,Male,80.20.188.73
543,Chane,Snaddin,csnaddinf2@chicagotribune.com,Male,87.78.92.100
544,Kerrin,Cossom,kcossomf3@scientificamerican.com,Agender,149.195.60.153
545,Caddric,McDonell,cmcdonellf4@springer.com,Male,39.59.114.182
546,Westbrook,Mulloch,wmullochf5@nytimes.com,Male,138.143.69.25
547,Corrie,Leipnik,cleipnikf6@bizjournals.com,Female,170.222.7.29
548,Sebastien,Worling,sworlingf7@ehow.com,Male,185.111.235.14
549,Mag,Bunkle,mbunklef8@digg.com,Female,99.133.92.19
550,Darlene,Girdler,dgirdlerf9@pbs.org,Female,78.124.71.0
551,Hy,Tiebe,htiebefa@dropbox.com,Male,110.13.76.174
552,Janith,Downer,jdownerfb@so-net.ne.jp,Polygender,203.244.191.52
553,Rube,Povlsen,rpovlsenfc@fastcompany.com,Male,35.78.101.78
554,Aksel,Muff,amufffd@angelfire.com,Male,101.142.216.81
555,Shellie,Cervantes,scervantesfe@google.pl,Genderfluid,200.226.129.141
556,Carver,Elflain,celflainff@nasa.gov,Male,35.65.239.183
557,Sam,Hesser,shesserfg@comsenz.com,Male,120.154.142.71
558,Natalya,Coffelt,ncoffeltfh@ft.com,Female,187.133.137.45
559,Amara,Heald,ahealdfi@nasa.gov,Female,153.209.133.183
560,Lorrie,Traill,ltraillfj@engadget.com,Female,32.19.151.69
561,Hamlen,Wanderschek,hwanderschekfk@xrea.com,Non-binary,36.73.210.197
562,Keen,Dunmore,kdunmorefl@cbc.ca,Genderfluid,121.108.148.237
563,Karlan,Cunio,kcuniofm@hostgator.com,Male,87.165.148.87
564,Kermit,Gascoyen,kgascoyenfn@over-blog.com,Male,216.2.70.137
565,Ailbert,O'Looney,aolooneyfo@businessweek.com,Male,161.197.118.41
566,Shani,Milillo,smilillofp@vinaora.com,Non-binary,174.102.33.47
567,Hestia,Leile,hleilefq@kickstarter.com,Female,230.22.38.95
568,Lefty,Aldington,laldingtonfr@google.pl,Male,157.119.223.238
569,Cob,Pracy,cpracyfs@newyorker.com,Male,65.116.250.104
570,Alwyn,Westoll,awestollft@usatoday.com,Male,78.190.122.41
571,Luther,Blackler,lblacklerfu@npr.org,Male,89.230.188.104
572,Marcy,Willoughway,mwilloughwayfv@businessweek.com,Female,75.118.174.251
573,Nikola,Settle,nsettlefw@google.com,Male,76.198.220.110
574,Hyacintha,Paladini,hpaladinifx@ca.gov,Polygender,36.164.32.234
575,Nestor,Weiser,nweiserfy@skype.com,Male,19.211.233.230
576,Spike,Gear,sgearfz@reddit.com,Male,222.196.181.210
577,Elliot,Lambertini,elambertinig0@yandex.ru,Male,26.249.251.238
578,Dale,Blencoe,dblencoeg1@fda.gov,Male,61.251.61.241
579,Philip,MacGille,pmacgilleg2@ucoz.com,Male,217.128.7.255
580,Fremont,Sheering,fsheeringg3@hexun.com,Male,1.90.232.61
581,Samuel,O'Rudden,soruddeng4@bizjournals.com,Male,23.104.19.220
582,Calida,Eagleton,ceagletong5@photobucket.com,Female,153.149.245.89
583,Lucy,Breeder,lbreederg6@hud.gov,Female,184.99.207.160
584,Sheridan,Charlson,scharlsong7@behance.net,Male,48.13.159.36
585,Jacinthe,O'Dowd,jodowdg8@home.pl,Female,251.94.83.60
586,Jed,Bremmell,jbremmellg9@marketwatch.com,Male,18.218.62.215
587,Dodie,McConaghy,dmcconaghyga@people.com.cn,Female,83.147.158.98
588,Meryl,Gurney,mgurneygb@miibeian.gov.cn,Female,106.34.77.223
589,Robinson,Perford,rperfordgc@java.com,Male,221.210.90.109
590,Giffy,Fuzzey,gfuzzeygd@cpanel.net,Male,14.180.12.237
591,Penelope,Munden,pmundenge@sciencedaily.com,Polygender,189.249.241.235
592,Flin,Mundy,fmundygf@ezinearticles.com,Male,70.213.44.37
593,Morton,Spellicy,mspellicygg@google.com.br,Male,138.121.217.12
594,Bordie,Chasmar,bchasmargh@google.es,Male,234.161.232.17
595,Margalo,Fannon,mfannongi@tripod.com,Female,211.156.162.151
596,Mattias,Lideard,mlideardgj@netlog.com,Male,16.195.124.176
597,Tresa,Selby,tselbygk@microsoft.com,Female,231.91.121.190
598,Winthrop,Scathard,wscathardgl@weebly.com,Male,97.229.38.136
599,Quinton,Tear,qteargm@psu.edu,Agender,179.192.166.37
600,Gillie,Halpeine,ghalpeinegn@google.co.jp,Female,168.248.235.156
601,Norina,Haggie,nhaggiego@cocolog-nifty.com,Female,21.14.165.223
602,Mercie,Cathel,mcathelgp@simplemachines.org,Female,68.26.236.133
603,Bellina,Casterou,bcasterougq@wisc.edu,Female,54.240.48.128
604,Kassey,Slight,kslightgr@upenn.edu,Female,127.148.196.53
605,Nevsa,Davidy,ndavidygs@mapquest.com,Female,1.128.247.187
606,Rebecca,McMorran,rmcmorrangt@friendfeed.com,Female,145.20.28.67
607,Cinderella,Camilletti,ccamillettigu@edublogs.org,Female,126.187.177.217
608,Saundra,Brotherwood,sbrotherwoodgv@ehow.com,Bigender,228.176.166.95
609,Neron,Stevens,nstevensgw@usatoday.com,Male,76.250.138.88
610,Constantin,Wakeman,cwakemangx@arizona.edu,Male,168.98.132.251
611,Sayre,Hargreave,shargreavegy@si.edu,Female,234.14.88.14
612,Tye,Shovell,tshovellgz@nymag.com,Male,53.181.207.239
613,Charo,Melonby,cmelonbyh0@yellowbook.com,Female,27.238.1.28
614,Garner,Wykes,gwykesh1@youku.com,Male,228.208.112.248
615,Philomena,Raven,pravenh2@ow.ly,Female,182.196.61.61
616,Ber,Popeley,bpopeleyh3@theatlantic.com,Genderfluid,20.184.108.135
617,Murry,Cay,mcayh4@360.cn,Male,98.79.55.235
618,Wynne,Driver,wdriverh5@hatena.ne.jp,Female,141.163.2.197
619,Sela,Welchman,swelchmanh6@nydailynews.com,Female,100.81.86.35
620,Sile,Goldsberry,sgoldsberryh7@paginegialle.it,Agender,174.23.28.180
621,Aldo,MacCathay,amaccathayh8@symantec.com,Male,252.154.201.82
622,Natividad,Tripe,ntripeh9@webeden.co.uk,Female,210.11.139.150
623,Estell,Ovesen,eovesenha@hao123.com,Female,245.111.96.139
624,Rorie,Ingham,ringhamhb@ihg.com,Genderqueer,155.40.98.99
625,Killian,Keble,kkeblehc@census.gov,Male,155.237.22.202
626,Fremont,Earney,fearneyhd@eventbrite.com,Male,56.85.157.20
627,Cesya,Ambler,camblerhe@usgs.gov,Female,73.221.185.88
628,Lia,Pycock,lpycockhf@harvard.edu,Bigender,23.199.29.255
629,Garek,Capes,gcapeshg@artisteer.com,Male,202.69.119.184
630,Marybelle,O'Loughnan,moloughnanhh@zimbio.com,Female,152.99.172.54
631,Chase,Shales,cshaleshi@yellowpages.com,Male,132.92.197.13
632,Sally,Newvill,snewvillhj@163.com,Female,68.123.167.59
633,Galvan,Cobb,gcobbhk@nationalgeographic.com,Male,77.227.59.244
634,Zorah,Pickaver,zpickaverhl@bandcamp.com,Female,107.92.237.170
635,Shelby,Dizlie,sdizliehm@ezinearticles.com,Female,9.41.217.49
636,Tallia,Astle,tastlehn@blogger.com,Non-binary,101.99.106.131
637,Adeline,Linwood,alinwoodho@sbwire.com,Female,190.80.149.55
638,Manfred,Turvey,mturveyhp@nbcnews.com,Male,170.176.113.197
639,Carla,Jery,cjeryhq@nps.gov,Female,24.230.124.231
640,Drusie,Cumberbatch,dcumberbatchhr@washington.edu,Female,77.176.18.166
641,Esther,Matys,ematyshs@altervista.org,Agender,164.33.81.162
642,Bethany,Nevins,bnevinsht@soundcloud.com,Female,101.97.46.234
643,Livvie,Rowth,lrowthhu@bigcartel.com,Agender,179.240.200.120
644,Arty,Janu,ajanuhv@washington.edu,Male,53.238.84.77
645,Cynthie,Pignon,cpignonhw@oakley.com,Female,241.184.73.112
646,Felic,Bendley,fbendleyhx@ning.com,Male,229.62.84.98
647,Munroe,Lofty,mloftyhy@nhs.uk,Male,239.171.211.187
648,Dulcy,Buie,dbuiehz@ezinearticles.com,Polygender,67.98.22.9
649,Cicily,Melendez,cmelendezi0@gravatar.com,Female,223.199.8.200
650,Randie,Courage,rcouragei1@ftc.gov,Bigender,39.39.248.139
651,Gabe,Annies,ganniesi2@moonfruit.com,Male,87.77.78.225
652,Kendra,Burde,kburdei3@g.co,Female,148.210.123.10
653,Abbi,Sinott,asinotti4@altervista.org,Female,18.150.205.131
654,Jermain,Steed,jsteedi5@google.pl,Male,111.110.37.100
655,Travus,MacAnellye,tmacanellyei6@hatena.ne.jp,Male,96.167.120.30
656,Patricio,Coneley,pconeleyi7@posterous.com,Male,136.121.16.189
657,Herminia,Lindstedt,hlindstedti8@hubpages.com,Female,104.98.214.46
658,Tanitansy,Dodamead,tdodameadi9@ucoz.com,Female,91.224.14.222
659,Franklin,Reignolds,freignoldsia@admin.ch,Male,195.178.247.105
660,Danette,Collard,dcollardib@merriam-webster.com,Female,206.65.129.169
661,Ameline,De Paoli,adepaoliic@exblog.jp,Female,182.224.222.115
662,Nissie,Westney,nwestneyid@umn.edu,Female,4.230.6.220
663,Alexandr,Highway,ahighwayie@example.com,Male,208.171.170.222
664,Astrix,Gantzer,agantzerif@netvibes.com,Female,45.181.32.65
665,Antonina,Papez,apapezig@netscape.com,Female,32.111.232.217
666,Hamilton,Birnie,hbirnieih@imdb.com,Male,236.194.101.19
667,Mathilda,De Ambrosi,mdeambrosiii@ucoz.com,Non-binary,59.16.125.147
668,Thaxter,Hastin,thastinij@addtoany.com,Male,145.4.28.19
669,Elsi,Deeth,edeethik@oaic.gov.au,Female,37.117.78.52
670,Storm,Ormrod,sormrodil@etsy.com,Female,213.231.215.253
671,Virgilio,Pleasance,vpleasanceim@slate.com,Male,111.230.224.76
672,Alonso,MacTrustey,amactrusteyin@devhub.com,Male,69.88.154.139
673,Bryce,Matijevic,bmatijevicio@google.es,Male,69.105.167.191
674,Tab,Huggett,thuggettip@nyu.edu,Male,46.182.189.252
675,Fletcher,Lanfare,flanfareiq@woothemes.com,Male,120.92.188.216
676,Julie,Novill,jnovillir@yahoo.com,Female,31.251.183.193
677,Jeanne,Kehoe,jkehoeis@google.ru,Female,32.169.90.197
678,Flem,Woodroof,fwoodroofit@cornell.edu,Male,242.85.102.111
679,Lillis,Lyddy,llyddyiu@google.it,Female,107.163.221.129
680,Felecia,Benettini,fbenettiniiv@nymag.com,Female,167.213.134.30
681,Corene,Chilles,cchillesiw@godaddy.com,Female,176.241.190.98
682,Jerrie,Knevett,jknevettix@ca.gov,Female,199.112.150.91
683,Perle,Mylan,pmylaniy@cdc.gov,Female,4.210.89.122
684,Delainey,Jakel,djakeliz@ebay.com,Genderqueer,176.5.236.66
685,Glen,Leavesley,gleavesleyj0@taobao.com,Female,188.170.8.125
686,Harvey,Cusick,hcusickj1@oakley.com,Male,133.51.110.86
687,Billie,Saich,bsaichj2@gnu.org,Female,240.39.198.96
688,Jenn,Kibel,jkibelj3@youtube.com,Female,181.103.176.253
689,Novelia,Skilton,nskiltonj4@usnews.com,Female,72.32.112.140
690,Corabelle,Daughtrey,cdaughtreyj5@cdc.gov,Female,47.99.211.5
691,Camellia,Dimmer,cdimmerj6@harvard.edu,Female,122.8.84.177
692,Normand,Heinemann,nheinemannj7@bizjournals.com,Male,232.173.16.76
693,Danya,Runcieman,drunciemanj8@comsenz.com,Male,201.24.69.127
694,Elisha,Birkby,ebirkbyj9@illinois.edu,Male,125.37.119.246
695,Gratia,Kitching,gkitchingja@ovh.net,Female,237.176.243.170
696,Hayden,MacFadden,hmacfaddenjb@pbs.org,Male,132.35.164.71
697,Arlina,Ensten,aenstenjc@vistaprint.com,Female,12.73.5.77
698,Jackie,Pagan,jpaganjd@gnu.org,Male,193.144.171.55
699,Lebbie,Rois,lroisje@fda.gov,Female,141.165.90.112
700,Orsa,Geist,ogeistjf@storify.com,Female,228.65.254.183
701,Trisha,Segrott,tsegrottjg@netvibes.com,Female,14.3.125.92
702,Izaak,Baltzar,ibaltzarjh@who.int,Male,152.79.63.54
703,Aldrich,Garvey,agarveyji@washingtonpost.com,Male,217.135.228.220
704,Barn,Belt,bbeltjj@deliciousdays.com,Male,0.93.153.74
705,Reinwald,Cruikshank,rcruikshankjk@macromedia.com,Male,71.189.61.10
706,Corenda,Eisenberg,ceisenbergjl@trellian.com,Female,46.51.196.122
707,Cristen,Rawlin,crawlinjm@sbwire.com,Female,7.150.204.176
708,Teodor,Claybourn,tclaybournjn@ft.com,Male,220.214.202.209
709,Fran,Verbeke,fverbekejo@pagesperso-orange.fr,Male,29.69.176.140
710,Austine,Varnals,avarnalsjp@goo.ne.jp,Polygender,51.86.47.54
711,Dorris,Cohr,dcohrjq@vkontakte.ru,Female,31.115.43.24
712,Carl,Sprakes,csprakesjr@comcast.net,Male,142.171.145.28
713,Bev,Ahrens,bahrensjs@zdnet.com,Male,123.232.217.110
714,Roldan,Pulver,rpulverjt@mail.ru,Male,7.39.87.79
715,Sharla,Axcel,saxcelju@edublogs.org,Female,147.98.218.93
716,Loella,Placide,lplacidejv@yahoo.co.jp,Female,218.142.6.227
717,Austen,Cormode,acormodejw@ihg.com,Male,212.128.179.144
718,Douglass,Thame,dthamejx@dailymotion.com,Male,47.44.23.5
719,Collette,Gerardet,cgerardetjy@sun.com,Female,80.208.55.62
720,Kirby,Potell,kpotelljz@nationalgeographic.com,Male,131.81.103.119
721,Peter,Bugdell,pbugdellk0@csmonitor.com,Male,0.136.211.10
722,Elnar,Redmond,eredmondk1@bloglovin.com,Male,179.139.114.254
723,Jessie,Scough,jscoughk2@arstechnica.com,Male,33.2.176.62
724,Hamnet,Cescotti,hcescottik3@ox.ac.uk,Male,249.68.27.236
725,Arman,Kharchinski,akharchinskik4@odnoklassniki.ru,Male,88.202.177.27
726,Salvador,Torritti,storrittik5@t.co,Male,125.5.236.151
727,Brittney,Gaggen,bgaggenk6@twitter.com,Female,119.197.37.217
728,Aurelia,Pallas,apallask7@independent.co.uk,Female,63.158.155.87
729,Kevyn,Maymand,kmaymandk8@tuttocitta.it,Polygender,95.49.234.78
730,Carolann,Human,chumank9@hp.com,Female,206.157.175.205
731,Udall,Bhatia,ubhatiaka@umich.edu,Male,139.121.55.6
732,Thatcher,Speere,tspeerekb@redcross.org,Male,143.171.138.126
733,Adrienne,MacWhirter,amacwhirterkc@sakura.ne.jp,Female,42.156.230.58
734,Heindrick,Raffan,hraffankd@tripod.com,Male,140.212.239.134
735,Theodora,Willowby,twillowbyke@ted.com,Female,208.205.187.95
736,George,Fairbanks,gfairbankskf@earthlink.net,Female,85.191.202.194
737,King,Foden,kfodenkg@cam.ac.uk,Male,133.125.93.27
738,Clim,Ahlin,cahlinkh@163.com,Male,174.191.171.30
739,Yank,Jesse,yjesseki@photobucket.com,Male,62.87.214.243
740,Elle,Plenty,eplentykj@washingtonpost.com,Female,9.124.234.117
741,Merilee,Walsom,mwalsomkk@youku.com,Female,196.126.222.207
742,Orbadiah,Danielovitch,odanielovitchkl@networksolutions.com,Genderqueer,195.227.241.102
743,Ingaborg,Frye,ifryekm@indiatimes.com,Female,197.254.89.123
744,Tracey,Willsmore,twillsmorekn@soundcloud.com,Male,132.56.52.133
745,Tildy,Fairholme,tfairholmeko@weebly.com,Female,140.62.254.202
746,Aleta,Eustes,aeusteskp@scribd.com,Female,95.251.96.228
747,Stacy,Reddle,sreddlekq@google.com.hk,Female,72.13.111.255
748,Giraldo,Andrysiak,gandrysiakkr@freewebs.com,Male,62.191.91.43
749,Madlen,Bonellie,mbonellieks@bing.com,Female,214.192.185.109
750,Valma,Gimeno,vgimenokt@sitemeter.com,Female,183.151.22.223
751,Albie,Gewer,agewerku@topsy.com,Male,251.15.85.192
752,Nicholas,Bome,nbomekv@lycos.com,Male,250.27.200.13
753,Patty,Cough,pcoughkw@discuz.net,Female,65.213.243.17
754,Ferrell,Hazlewood,fhazlewoodkx@sohu.com,Male,89.138.202.206
755,Fara,Shovelin,fshovelinky@dailymotion.com,Female,210.132.5.240
756,Carola,Redhead,credheadkz@163.com,Female,105.28.137.170
757,Paloma,Dougary,pdougaryl0@umn.edu,Non-binary,117.137.233.177
758,Abigail,Stute,astutel1@sohu.com,Female,146.89.212.224
759,Tawnya,Housbey,thousbeyl2@yelp.com,Female,94.15.70.219
760,Randall,Bielby,rbielbyl3@examiner.com,Male,155.133.40.14
761,Peterus,Crass,pcrassl4@merriam-webster.com,Male,93.65.58.180
762,Cosme,Burburough,cburburoughl5@arizona.edu,Male,105.150.85.229
763,Aurie,Deinhard,adeinhardl6@bluehost.com,Female,95.225.222.236
764,Gigi,Gane,gganel7@wikispaces.com,Female,4.59.81.247
765,Emerson,Overell,eoverelll8@storify.com,Male,60.250.74.116
766,Cart,Gookes,cgookesl9@google.it,Male,194.198.251.108
767,Amos,Massei,amasseila@reference.com,Male,53.216.161.107
768,Casar,Gubbin,cgubbinlb@behance.net,Male,123.79.73.137
769,Star,Gooddie,sgooddielc@uol.com.br,Female,163.188.134.82
770,Norene,Savatier,nsavatierld@cdc.gov,Female,192.164.202.114
771,Will,Betonia,wbetoniale@istockphoto.com,Male,188.115.27.164
772,Magdalen,Colbourn,mcolbournlf@clickbank.net,Female,202.134.133.146
773,Cozmo,Mullineux,cmullineuxlg@arstechnica.com,Male,63.146.11.93
774,Coleman,Bootes,cbooteslh@senate.gov,Male,203.52.133.216
775,Shawna,Baskett,sbaskettli@slideshare.net,Agender,208.74.68.184
776,Worthington,Saddington,wsaddingtonlj@ask.com,Male,22.193.117.9
777,Kelly,Betchley,kbetchleylk@printfriendly.com,Male,181.129.44.229
778,Starla,Haeslier,shaeslierll@yahoo.com,Female,79.119.173.0
779,Pebrook,Cherrison,pcherrisonlm@yelp.com,Male,180.121.36.58
780,Trudie,Capelin,tcapelinln@narod.ru,Female,2.52.74.3
781,Zed,Hardiman,zhardimanlo@huffingtonpost.com,Male,53.3.107.111
782,Galvan,Osanne,gosannelp@miibeian.gov.cn,Male,156.218.216.96
783,Zoe,Jedryka,zjedrykalq@alexa.com,Female,25.59.125.100
784,Clare,Keasy,ckeasylr@wufoo.com,Genderqueer,169.111.215.130
785,Pearle,McCourtie,pmccourtiels@prweb.com,Female,66.31.159.251
786,Karim,Ellinor,kellinorlt@wikispaces.com,Non-binary,5.39.40.95
787,Jaine,Breem,jbreemlu@blog.com,Female,199.20.105.99
788,Beth,Dobbin,bdobbinlv@miitbeian.gov.cn,Female,213.82.20.13
789,Rayshell,Mellmoth,rmellmothlw@toplist.cz,Female,113.113.38.146
790,Jenda,Simonyi,jsimonyilx@examiner.com,Genderfluid,39.78.244.133
791,Brewster,Gothrup,bgothruply@examiner.com,Male,134.181.184.223
792,Jerri,Welden,jweldenlz@google.nl,Male,68.155.230.47
793,Phedra,Kentish,pkentishm0@wufoo.com,Female,187.222.170.150
794,Lemar,Morgan,lmorganm1@prlog.org,Male,186.11.232.6
795,Saunder,Scarse,sscarsem2@clickbank.net,Male,118.70.203.164
796,Franni,Floris,fflorism3@opera.com,Female,94.116.115.62
797,Hilliard,Wimsett,hwimsettm4@geocities.com,Male,15.228.32.165
798,Diena,Gaine of England,dgaineofenglandm5@about.com,Female,64.251.42.7
799,Adrea,Vile,avilem6@noaa.gov,Female,40.75.151.84
800,Ernesto,Alger,ealgerm7@google.co.jp,Male,254.129.239.21
801,Rufus,Gilpillan,rgilpillanm8@goo.ne.jp,Male,105.119.3.174
802,Laureen,Coste,lcostem9@biglobe.ne.jp,Bigender,189.15.238.127
803,Maribeth,Pobjoy,mpobjoyma@cpanel.net,Female,148.179.81.228
804,Garrick,Coan,gcoanmb@miitbeian.gov.cn,Male,79.67.165.224
805,Steven,Fulloway,sfullowaymc@github.io,Male,181.58.51.41
806,Adriana,Karby,akarbymd@over-blog.com,Female,9.163.241.12
807,Boot,Frostdyke,bfrostdykeme@cornell.edu,Male,159.222.250.81
808,Geordie,Penkman,gpenkmanmf@abc.net.au,Male,200.53.251.241
809,Martguerita,Woodyer,mwoodyermg@plala.or.jp,Female,159.200.15.47
810,Jerad,Georgeau,jgeorgeaumh@bigcartel.com,Male,151.15.4.121
811,Travus,Wiley,twileymi@unicef.org,Male,22.118.159.202
812,Phillis,Korda,pkordamj@squarespace.com,Female,105.245.218.32
813,Fraser,Sawyers,fsawyersmk@answers.com,Male,81.65.252.107
814,Gregoire,Benduhn,gbenduhnml@ucoz.com,Male,155.134.108.35
815,Jill,Bickerdicke,jbickerdickemm@example.com,Non-binary,189.254.221.255
816,Grantham,O'Gready,gogreadymn@cdc.gov,Male,14.152.218.243
817,Hildegarde,Puddefoot,hpuddefootmo@mail.ru,Genderfluid,220.114.147.80
818,Had,Donkersley,hdonkersleymp@imageshack.us,Male,95.101.189.188
819,Jack,O'Reilly,joreillymq@lulu.com,Male,139.45.3.236
820,Killy,Waterhowse,kwaterhowsemr@wordpress.com,Male,16.121.86.95
821,Sergent,Scrowby,sscrowbyms@phpbb.com,Male,20.192.193.89
822,Kara-lynn,Ralfe,kralfemt@homestead.com,Genderfluid,174.160.40.126
823,Anna-diane,Fyndon,afyndonmu@netlog.com,Female,189.182.4.165
824,Jakie,Bramstom,jbramstommv@slate.com,Male,43.42.121.219
825,Ceil,Grason,cgrasonmw@ovh.net,Female,143.135.208.169
826,Paige,Carter,pcartermx@nbcnews.com,Female,116.82.72.11
827,Abigale,Shields,ashieldsmy@un.org,Female,163.69.140.188
828,Constantin,Book,cbookmz@loc.gov,Male,218.64.55.244
829,Tanner,Edridge,tedridgen0@netlog.com,Male,85.94.99.158
830,Glynn,Sutor,gsutorn1@nasa.gov,Male,16.69.81.161
831,Lyndsie,Weir,lweirn2@ezinearticles.com,Female,254.204.35.163
832,Enrika,Luciani,elucianin3@livejournal.com,Female,246.112.244.16
833,Cletis,Ballam,cballamn4@usnews.com,Male,142.20.176.41
834,Tabbie,Apfel,tapfeln5@w3.org,Female,177.165.134.165
835,Mic,Stodit,mstoditn6@rediff.com,Male,227.253.122.147
836,Camilla,Tranfield,ctranfieldn7@flickr.com,Female,249.198.106.197
837,Anna,Fearey,afeareyn8@pinterest.com,Female,207.145.66.197
838,Claybourne,Ferneyhough,cferneyhoughn9@fc2.com,Male,201.126.236.101
839,Margareta,Glynne,mglynnena@howstuffworks.com,Non-binary,62.154.133.106
840,Morgana,Palley,mpalleynb@php.net,Genderqueer,75.52.246.114
841,Humfrid,Pickerin,hpickerinnc@vimeo.com,Male,241.181.50.43
842,Scottie,Hamerton,shamertonnd@ihg.com,Male,183.193.127.214
843,Marcus,Kuhnt,mkuhntne@ow.ly,Male,53.25.43.105
844,Koo,Grocott,kgrocottnf@samsung.com,Female,150.99.219.154
845,Shannon,Ditchfield,sditchfieldng@hp.com,Male,211.255.90.246
846,Anthea,Shoreman,ashoremannh@joomla.org,Female,235.247.150.60
847,Martynne,Vaz,mvazni@icio.us,Female,222.77.245.193
848,Ashleigh,Brolan,abrolannj@shutterfly.com,Non-binary,45.34.250.149
849,Matthaeus,Tedstone,mtedstonenk@linkedin.com,Male,242.188.204.211
850,Goldia,Went,gwentnl@timesonline.co.uk,Female,103.111.29.163
851,Adams,Ballinger,aballingernm@alibaba.com,Male,110.104.142.14
852,Kaitlyn,Munroe,kmunroenn@cnn.com,Female,188.150.234.241
853,Cooper,Sleeman,csleemanno@mapquest.com,Male,145.76.170.151
854,Locke,Varian,lvariannp@army.mil,Polygender,91.100.27.104
855,Pincas,Imloch,pimlochnq@guardian.co.uk,Male,106.202.183.214
856,Dori,Waeland,dwaelandnr@123-reg.co.uk,Female,11.225.52.191
857,Larina,Ladon,lladonns@wired.com,Female,225.84.196.192
858,Melania,Yelding,myeldingnt@netscape.com,Female,8.8.167.213
859,Konstanze,Sango,ksangonu@histats.com,Female,253.15.161.213
860,Oralia,Crampsey,ocrampseynv@dot.gov,Female,106.94.45.127
861,Winifield,Scolland,wscollandnw@hao123.com,Male,209.146.109.104
862,Joshuah,Chitter,jchitternx@techcrunch.com,Male,140.125.156.98
863,Broderic,Chatterton,bchattertonny@ustream.tv,Male,89.47.84.5
864,Tresa,Hughs,thughsnz@archive.org,Female,199.202.109.147
865,Tansy,Hilling,thillingo0@skyrock.com,Female,212.131.235.222
866,Grayce,Wilne,gwilneo1@yandex.ru,Female,127.171.20.207
867,Prudence,Drewe,pdreweo2@symantec.com,Bigender,196.146.205.217
868,Valaria,Pixton,vpixtono3@cam.ac.uk,Female,214.57.1.101
869,Elli,Kissell,ekissello4@google.com.hk,Non-binary,192.230.160.3
870,Cullin,Barley,cbarleyo5@java.com,Male,134.159.40.0
871,Fiann,Wyson,fwysono6@loc.gov,Female,97.242.62.169
872,Cordie,Glover,cglovero7@weebly.com,Male,222.142.38.83
873,Dominica,McClinton,dmcclintono8@bbb.org,Female,96.193.3.84
874,Alley,Godart,agodarto9@nba.com,Male,228.119.194.127
875,Bevon,Guinane,bguinaneoa@indiatimes.com,Male,15.173.221.233
876,Yule,Colgan,ycolganob@phoca.cz,Male,210.212.153.157
877,Jenifer,Coppo,jcoppooc@newsvine.com,Genderfluid,138.79.58.57
878,Marjy,Keightley,mkeightleyod@unesco.org,Female,157.211.27.163
879,Oliviero,Tickel,otickeloe@google.co.jp,Male,166.5.107.0
880,Donnie,Eliesco,deliescoof@tripadvisor.com,Male,168.235.48.120
881,Leeland,Burrows,lburrowsog@prweb.com,Male,131.111.1.197
882,Philippine,Manhood,pmanhoodoh@msn.com,Female,110.51.163.193
883,Immanuel,Scrowson,iscrowsonoi@indiatimes.com,Male,30.99.110.75
884,Anissa,Sarch,asarchoj@bloglines.com,Female,108.0.100.35
885,Brinn,Orht,borhtok@alibaba.com,Female,152.97.220.231
886,Al,Fulop,afulopol@oaic.gov.au,Bigender,156.144.133.158
887,Melissa,Britton,mbrittonom@japanpost.jp,Female,13.13.228.197
888,Teri,Attfield,tattfieldon@i2i.jp,Female,159.178.187.114
889,Lucien,Smitheram,lsmitheramoo@intel.com,Male,37.52.107.55
890,Efrem,Cheltnam,echeltnamop@unblog.fr,Male,54.3.204.32
891,Valdemar,Hail,vhailoq@phpbb.com,Agender,33.180.25.195
892,Teodora,McIntosh,tmcintoshor@japanpost.jp,Female,217.206.37.121
893,Quill,Collie,qcollieos@ted.com,Male,192.148.189.80
894,Efrem,McElmurray,emcelmurrayot@freewebs.com,Male,161.10.174.17
895,Arvy,Van der Kruys,avanderkruysou@tmall.com,Male,247.138.216.113
896,Norris,Diffley,ndiffleyov@icio.us,Male,197.21.49.250
897,Orrin,Pagnin,opagninow@hatena.ne.jp,Male,23.218.87.4
898,Fred,Jakubski,fjakubskiox@go.com,Male,230.120.211.65
899,Giorgi,Streatfield,gstreatfieldoy@about.com,Male,83.204.117.99
900,Kylynn,Guice,kguiceoz@macromedia.com,Female,28.96.1.199
901,Tynan,Stait,tstaitp0@e-recht24.de,Male,119.37.38.109
902,Harrison,Billson,hbillsonp1@theguardian.com,Male,140.56.227.90
903,Jeniece,Maciejewski,jmaciejewskip2@ucoz.ru,Female,3.134.17.209
904,Gregg,Paulack,gpaulackp3@digg.com,Agender,37.50.116.19
905,Alyson,Caney,acaneyp4@hibu.com,Female,209.87.219.91
906,Karee,Harpur,kharpurp5@nydailynews.com,Female,205.86.55.147
907,Chery,Brigg,cbriggp6@barnesandnoble.com,Female,144.140.88.75
908,Antons,Ghidoni,aghidonip7@utexas.edu,Male,227.161.255.113
909,Radcliffe,A'field,rafieldp8@phpbb.com,Agender,250.234.136.165
910,Zena,Hafford,zhaffordp9@gravatar.com,Female,226.95.106.250
911,Kerwinn,Nani,knanipa@mayoclinic.com,Male,91.0.175.59
912,Hendrik,Danbury,hdanburypb@amazon.co.jp,Agender,108.110.241.210
913,Jerry,Praton,jpratonpc@apache.org,Female,144.168.214.253
914,Johnathan,Iddiens,jiddienspd@fotki.com,Male,79.198.192.237
915,Dorian,Hearmon,dhearmonpe@rediff.com,Female,214.102.60.107
916,Vernice,Dalston,vdalstonpf@infoseek.co.jp,Female,17.68.81.182
917,Erminia,Fritz,efritzpg@gov.uk,Genderfluid,127.27.104.165
918,Jana,Bahia,jbahiaph@pbs.org,Female,190.95.235.98
919,Karlik,Gwilym,kgwilympi@webnode.com,Male,77.113.95.164
920,Nikita,Sculley,nsculleypj@yale.edu,Male,8.157.239.172
921,Malinde,Bingall,mbingallpk@wiley.com,Female,173.26.43.158
922,Yves,Chmiel,ychmielpl@unesco.org,Male,238.16.181.219
923,Gus,Urvoy,gurvoypm@nasa.gov,Male,244.205.235.135
924,Cherri,Puden,cpudenpn@trellian.com,Female,19.158.213.24
925,Hayden,Serotsky,hserotskypo@icio.us,Genderqueer,209.70.85.175
926,Callie,Klimschak,cklimschakpp@marketwatch.com,Female,227.62.43.120
927,Enrico,Sleford,eslefordpq@flavors.me,Male,242.101.69.202
928,Sydelle,Aldwich,saldwichpr@google.co.jp,Female,154.50.121.66
929,Hamid,Cesaric,hcesaricps@jalbum.net,Male,60.212.88.205
930,Bern,Curry,bcurrypt@jugem.jp,Male,141.125.29.139
931,Nicolle,Antcliff,nantcliffpu@hhs.gov,Female,153.177.169.65
932,Erinna,Bellanger,ebellangerpv@lulu.com,Female,77.76.94.45
933,Kris,MacIlurick,kmacilurickpw@51.la,Male,131.86.244.87
934,Cristy,Yuille,cyuillepx@angelfire.com,Female,121.172.252.135
935,Delinda,Ferres,dferrespy@ezinearticles.com,Female,166.58.29.167
936,Winifred,Delacote,wdelacotepz@instagram.com,Female,104.239.8.147
937,Bret,Gawith,bgawithq0@netlog.com,Genderfluid,189.92.149.148
938,L;urette,Kirkam,lkirkamq1@networkadvertising.org,Female,188.223.84.152
939,Tamqrah,Mettericke,tmetterickeq2@e-recht24.de,Female,143.19.157.158
940,Jeanna,Punter,jpunterq3@samsung.com,Female,49.63.133.64
941,Cyrill,Djurkovic,cdjurkovicq4@discuz.net,Male,10.108.70.123
942,Alisa,Klimushev,aklimushevq5@ehow.com,Female,244.230.106.7
943,Rhianon,Godleman,rgodlemanq6@mozilla.com,Female,200.161.33.48
944,Alex,Leppingwell,aleppingwellq7@merriam-webster.com,Male,160.252.144.137
945,Waiter,Critzen,wcritzenq8@prlog.org,Male,65.112.166.157
946,Saunderson,Ethington,sethingtonq9@amazon.com,Male,51.99.116.67
947,Hartley,McCarle,hmccarleqa@discuz.net,Male,77.115.59.163
948,Dougie,Genicke,dgenickeqb@vk.com,Male,191.134.129.29
949,Jaquith,Rolston,jrolstonqc@marketwatch.com,Non-binary,192.23.75.246
950,Robbie,Wanek,rwanekqd@ebay.co.uk,Male,221.184.97.98
951,Carleen,Alflat,calflatqe@shinystat.com,Female,41.43.247.11
952,Corney,Bremmer,cbremmerqf@scientificamerican.com,Male,46.236.232.162
953,Gustave,Gledhall,ggledhallqg@seesaa.net,Male,91.162.29.7
954,Brendis,Scroxton,bscroxtonqh@tuttocitta.it,Male,110.138.248.119
955,Betteanne,Premble,bprembleqi@bluehost.com,Female,23.154.197.134
956,Noami,Raubenheimer,nraubenheimerqj@reddit.com,Female,155.33.196.254
957,Erina,Currom,ecurromqk@vkontakte.ru,Non-binary,154.9.151.228
958,Hebert,Rosenkranc,hrosenkrancql@umn.edu,Non-binary,47.66.88.183
959,Kailey,Joskovitch,kjoskovitchqm@sogou.com,Female,209.164.142.14
960,Dannie,Father,dfatherqn@amazon.co.jp,Male,82.164.60.175
961,Kirbie,Ambroziak,kambroziakqo@state.gov,Female,245.251.185.246
962,Reuven,Rochelle,rrochelleqp@oracle.com,Male,129.151.168.79
963,Jerrine,Ibbs,jibbsqq@soup.io,Female,13.128.248.72
964,Perry,Whitwham,pwhitwhamqr@nsw.gov.au,Male,160.58.247.27
965,Menard,Hodcroft,mhodcroftqs@123-reg.co.uk,Male,15.141.14.255
966,Lynnelle,Scurrer,lscurrerqt@pagesperso-orange.fr,Female,115.35.215.144
967,Valerie,Worsley,vworsleyqu@shop-pro.jp,Female,23.13.80.129
968,Cherlyn,Thandi,cthandiqv@aboutads.info,Female,250.177.132.41
969,Marietta,Wetherill,mwetherillqw@artisteer.com,Male,199.248.162.7
970,Mendel,Rizziello,mrizzielloqx@wikispaces.com,Male,25.248.161.19
971,Klarrisa,Bartosinski,kbartosinskiqy@squidoo.com,Female,237.151.104.106
972,Gerri,MacRitchie,gmacritchieqz@senate.gov,Male,44.169.207.241
973,Veronika,Schultze,vschultzer0@indiatimes.com,Non-binary,187.240.108.65
974,Kathleen,Smallwood,ksmallwoodr1@hostgator.com,Female,250.158.33.115
975,Karolina,Fairburn,kfairburnr2@myspace.com,Female,21.27.225.240
976,Langston,Hazley,lhazleyr3@mayoclinic.com,Male,90.186.54.135
977,Douglas,Dumphries,ddumphriesr4@webmd.com,Male,154.13.95.220
978,Sean,Grubbe,sgrubber5@boston.com,Female,62.215.49.245
979,Hymie,Janku,hjankur6@meetup.com,Male,57.32.135.149
980,Edgardo,Crigin,ecriginr7@facebook.com,Male,18.111.66.221
981,Ellissa,Pedden,epeddenr8@weather.com,Female,35.75.88.215
982,Dido,Deacock,ddeacockr9@google.ru,Female,5.64.117.125
983,Bob,Corneille,bcorneillera@usa.gov,Male,4.117.129.246
984,Bernardo,Ashfold,bashfoldrb@mediafire.com,Male,112.14.216.183
985,Rickert,Jellico,rjellicorc@studiopress.com,Male,240.111.247.122
986,Kelsey,Scawton,kscawtonrd@hexun.com,Male,127.169.17.246
987,Hilario,Clayson,hclaysonre@engadget.com,Male,53.147.182.125
988,Massimo,Bonifacio,mbonifaciorf@freewebs.com,Male,253.43.230.64
989,Maribelle,Gawthorp,mgawthorprg@ted.com,Female,103.176.14.179
990,Rockey,Stanion,rstanionrh@forbes.com,Male,174.62.48.178
991,Lauren,Shankland,lshanklandri@barnesandnoble.com,Female,140.77.8.124
992,Frederique,Borrell,fborrellrj@youtu.be,Female,201.214.117.72
993,Madelon,Lisciardelli,mlisciardellirk@zimbio.com,Female,19.241.166.64
994,Hobart,Deas,hdeasrl@google.ca,Male,65.67.58.219
995,Quint,Bantham,qbanthamrm@abc.net.au,Male,62.106.120.108
996,Peyter,Gittis,pgittisrn@nytimes.com,Male,93.85.199.156
997,Suzy,Thiolier,sthiolierro@google.ca,Female,231.184.5.250
998,Carmel,MacDonald,cmacdonaldrp@slate.com,Female,10.243.201.106
999,Natalee,Ounsworth,nounsworthrq@multiply.com,Female,145.88.243.40
1000,Colas,Passmore,cpassmorerr@aboutads.info,Male,185.168.191.140
